456,1,LGA 1151v2,73270,2,2666,4,4,0,,m-ATX,[ASRock] H310M-DGS,ASRock,H310,19.1,18.8,0,
,2,LGA 1151v2,75870,2,2666,4,4,0,,m-ATX,[ASRock] H310M-HDV,ASRock,H310,19.1,18.8,0,
,3,LGA 1151v2,78400,2,2666,4,4,1,,m-ATX,[ASRock] H310M-HDV/M.2,ASRock,H310,19.1,18.8,0,
,4,LGA 1151v2,122200,2,2666,4,4,1,O,m-ITX,[ASRock] H310M-ITX/ac,ASRock,H310,17,17,0,
,5,LGA 1151v2,108560,2,2666,4,4,1,,ATX,[ASUS] PRIME H310-PLUS,ASUS,H310,30.5,19.1,0,
,6,LGA 1151v2,107000,2,2666,4,4,1,,m-ITX,[ASUS] PRIME H310I-PLUS,ASUS,H310,17,17,0,
,7,LGA 1151v2,85700,2,2666,4,4,1,,m-ATX,[ASUS] PRIME H310M-A,ASUS,H310,22.6,18.5,0,
,8,LGA 1151v2,93430,2,2666,4,4,1,,m-ATX,[ASUS] PRIME H310M-D,ASUS,H310,22.6,18.5,0,
,9,LGA 1151v2,91400,2,2666,4,4,1,,m-ATX,[ASUS] PRIME H310M-E,ASUS,H310,22.6,18.5,0,
,10,LGA 1151v2,82400,2,2666,4,4,0,,m-ATX,[ASUS] PRIME H310M-K,ASUS,H310,22.6,18.5,0,
,11,LGA 1151v2,116840,2,2666,4,4,1,,ATX,[ASUS] TUF H310-PLUS GAMING,ASUS,H310,30.5,20.1,0,
,12,LGA 1151v2,90070,2,2666,4,4,1,,m-ATX,[ASUS] TUF H310M-PLUS GAMING,ASUS,H310,22.6,20.8,0,
,13,LGA 1151v2,72800,2,2666,4,4,0,,m-ATX,[BIOSTAR] H310MHD PRO,BIOSTAR,H310,22.8,17.7,0,
,14,LGA 1151v2,94000,2,2666,4,4,1,,ATX,[GIGABYTE] H310 D3 듀러블에디션,GIGABYTE,H310,30.5,24.4,0,
,15,LGA 1151v2,80810,2,2666,4,4,1,,m-ATX,[GIGABYTE] H310M A 듀러블에디션,GIGABYTE,H310,22.6,18.5,0,
,16,LGA 1151v2,470000,2,2666,4,4,0,,m-ATX,[GIGABYTE] H310M DS2 듀러블에디션,GIGABYTE,H310,22.6,17.4,0,
,17,LGA 1151v2,76820,2,2666,4,4,0,,m-ATX,[GIGABYTE] H310M DS2V 듀러블에디션,GIGABYTE,H310,22.6,18.5,0,
,18,LGA 1151v2,79000,2,2666,4,4,0,,m-ATX,[GIGABYTE] H310M H 듀러블에디션,GIGABYTE,H310,22.6,17.4,0,
,19,LGA 1151v2,83840,2,2666,4,4,0,,m-ATX,[GIGABTRE] H310M HD2 듀러블에디션,GIGABTRE,H310,24.4,18.5,0,
,20,LGA 1151v2,81820,2,2666,4,4,1,,m-ATX,[GIGABYTE] H310M S2H 듀러블에디션,GIGABYTE,H310,22.6,18.5,0,
,21,LGA 1151v2,86500,2,2666,4,4,1,,m-ATX,[GIGABYTE] H310M S2P 듀러블에디션,GIGABYTE,H310,24.4,18.5,0,
,22,LGA1151v2,232000,2,2666,4,4,1,,ATX,[MSI] H310M-F PRO,GIGABYTE,H310,23,18.5,0,
,23,LGA1151v2,276000,2,2666,4,3,1,,m-ITX,[MSI] H310I PRO,GIGABYTE,H310,17,17,0,
,24,LGA 1151v2,90000,2,2666,4,4,1,,m-ATX,[MSI] H310M PRO-M2,MSI,H310,23,18.5,0,
,25,LGA 1151v2,76000,2,2666,4,4,0,,m-ATX,[MSI] H310M PRO-VD,MSI,H310,22.6,18.5,0,
,26,LGA 1151v2,81000,2,2666,4,4,0,,m-ATX,[MSI] H310M PRO-VDH,MSI,H310,22.6,18.5,0,
,27,LGA 1151v2,78000,2,2666,4,4,0,,m-ATX,[MSI] H310M PRO-VH,MSI,H310,22.6,18.5,0,
,28,LGA 1151v2,101000,2,2666,4,4,1,,m-ATX,[MSI] H310M 게이밍 아틱,MSI,H310,23,18.5,0,
,29,LGA 1151v2,124500,4,2666,4,6,2,,ATX,[ASRock] B360 PRO4,ASRock,B360,30.5,22.4,0,
,30,LGA 1151v2,101600,4,2666,4,6,2,,m-ATX,[ASRock] B360M PRO4,ASRock,B360,24.4,24.4,0,
,31,LGA 1151v2,83700,2,2666,4,6,1,,m-ATX,[ASRock] B360M-HDV,ASRock,B360,22.6,18.8,0,
,32,LGA 1151v2,129720,4,2666,4,6,2,,ATX,[ASUS] PRIME B360-PLUS,ASUS,B360,30.5,22.11,0,
,33,LGA 1151v2,110700,4,2666,4,6,2,,m-ATX,[ASUS] PRIME B360M-A,ASUS,B360,24.4,20.6,0,
,34,LGA 1151v2,92920,2,2666,4,6,1,,m-ATX,[ASUS] PRIME B360M-K,ASUS,B360,22.6,18.5,0,
,35,LGA 1151v2,149960,4,2666,4,6,2,,ATX,[ASUS] ROG STRIX B360-F GAMING,ASUS,B360,30.5,24.4,0,
,36,LGA 1151v2,149960,4,2666,4,6,2,,m-ATX,[ASUS] ROG STRIX B360-G GAMING,ASUS,B360,24.4,24.4,0,
,37,LGA 1151v2,148400,4,2666,4,6,2,,ATX,[ASUS] ROG STRIX B360-H GAMING,ASUS,B360,30.5,24.4,0,
,38,LGA 1151v2,159000,2,2666,4,4,2,O,m-ITX,[ASUS] ROG STRIX B360-I GAMING,ASUS,B360,17,17,0,
,39,LGA 1151v2,131550,4,2666,4,6,2,,ATX,[ASUS] TUF B360-PLUS GAMING,ASUS,B360,30.5,24.4,0,
,40,LGA 1151v2,144000,4,2666,4,6,2,O,ATX,[ASUS] TUF B360-PRO GAMING (Wi-Fi),ASUS,B360,30.5,24.4,0,
,41,LGA 1151v2,133800,4,2666,4,6,2,,ATX,[ASUS] TUF B360-PRO GAMING,ASUS,B360,30.5,24.4,0,
,42,LGA 1151v2,102000,2,2666,4,6,1,,m-ATX,[ASUS] TUF B360M-E GAMING,ASUS,B360,22.6,20.8,0,
,43,LGA 1151v2,119000,4,2666,4,6,2,,m-ATX,[ASUS] TUF B360M-PLUS GAMING,ASUS,B360,24.4,23.1,0,
,44,LGA 1151v2,80200,2,2666,4,4,0,,m-ATX,[BIOSTAR] B360MHD PRO,BIOSTAR,B360,22.8,17.7,0,
,45,LGA 1151v2,106000,4,2666,4,6,2,,m-ATX,[BIOSTAR] RACING B360 GT3S,BIOSTAR,B360,24.4,23,0,
,46,LGA 1151v2,144300,4,2666,4,6,2,O,ATX,[GIGABYTE] B360 AORUS Gaming 3 WiFi,GIGABYTE,B360,30.5,22.5,0,
,47,LGA 1151v2,136800,4,2666,4,6,2,,ATX,[GIGABYTE] B360 AORUS Gaming 3,GIGABYTE,B360,30.5,22.5,0,
,48,LGA 1151v2,117000,4,2666,4,6,2,,ATX,[GIGABYTE] B360 HD3 듀러블에디션,GIGABYTE,B360,30.5,22.5,0,
,49,LGA 1151v2,123000,4,2666,4,6,2,,ATX,[GIGABYTE] B360 HD3P 듀러블에디션,GIGABYTE,B360,30.5,24.4,0,
,50,LGA 1151v2,123000,4,2666,4,6,2,,m-ATX,[GIGABYTE] B360M AORUS Gaming 3,GIGABYTE,B360,24.4,23,0,
,51,LGA 1151v2,93940,2,2666,4,6,1,,m-ATX,[GIGABYTE] B360M D2V 듀러블에디션,GIGABYTE,B360,22.6,18.5,0,
,52,LGA 1151v2,106000,4,2666,4,6,1,,m-ATX,[GIGABYTE] B360M D3H 듀러블에디션,GIGABYTE,B360,24.4,23,0,
,53,LGA 1151v2,94800,2,2666,4,6,1,,m-ATX,[GIGABYTE] B360M D3V 듀러블에디션,GIGABYTE,B360,24.4,18.5,0,
,54,LGA 1151v2,95400,4,2666,4,6,1,,m-ATX,[GIGABYTE] B360M DS3H 듀러블에디션,GIGABYTE,B360,22.6,20.5,0,
,55,LGA 1151v2,90000,2,2666,4,4,1,,m-ATX,[GIGABYTE] B360M H 듀러블에디션,GIGABYTE,B360,22.6,18.5,0,
,56,LGA 1151v2,93950,2,2666,4,6,1,,m-ATX,[GIGABYTE] B360M HD3 듀러블에디션,GIGABYTE,B360,24.4,18.5,0,
,57,LGA 1151v2,140400,2,2666,4,4,1,O,m-ITX,[GIGABYTE] B360N WiFi 듀러블에디션,GIGABYTE,B360,17,17,0,
,58,LGA 1151v2,131000,4,2666,4,5,1,,ATX,[MSI] B360 게이밍 아틱,MSI,B360,30.5,24.4,0,
,59,LGA 1151v2,149000,4,2666,4,6,2,,ATX,[MSI] B360 게이밍 프로 카본,MSI,B360,30.4,24.3,0,
,60,LGA 1151v2,131000,4,2666,4,5,1,,ATX,[MSI] B360 게이밍 플러스,MSI,B360,30.4,24.3,0,
,61,LGA 1151v2,120000,4,2666,4,5,1,,ATX,[MSI] B360-A PRO,MSI,B360,30.4,24.3,0,
,62,LGA 1151v2,254000,2,2666,4,4,0,,ATX,[MSI] B360-F PRO,MSI,B360,30.5,22.5,0,
,63,LGA 1151v2,148000,4,2666,4,4,2,O,m-ITX,[MSI] B360I 게이밍 프로 AC,MSI,B360,17,17,0,
,64,LGA 1151v2,86000,2,2666,4,6,1,,m-ATX,[MSI] B360M PRO-VD,MSI,B360,22.6,18.5,0,
,65,LGA 1151v2,91000,4,2666,4,6,1,,m-ATX,[MSI] B360M PRO-VDH,MSI,B360,24.4,24.4,0,
,66,LGA 1151v2,88000,2,2666,4,6,1,,m-ATX,[MSI] B360M PRO-VH,MSI,B360,22.6,18.5,0,
,67,LGA 1151v2,102010,2,2666,4,6,1,,m-ATX,[MSI] B360M 게이밍 플러스,MSI,B360,24.3,20.6,0,
,68,LGA 1151v2,103100,4,2666,4,6,1,,m-ATX,[MSI] B360M 바주카 플러스,MSI,B360,24.4,24.4,0,
,69,LGA 1151v2,118000,4,2666,4,4,2,,m-ATX,[MSI] B360M 박격포,MSI,B360,24.3,24.3,0,
,70,LGA 1151v2,123000,4,2666,4,4,2,,m-ATX,[MSI] B360M 박격포 티타늄,MSI,B360,24.3,24.3,0,
,71,LGA 1151v2,119220,4,2666,4,6,3,,ATX,[ASRock] H370 PRO4,ASRock,H370,30.5,22.4,0,
,72,LGA 1151v2,112000,4,2666,4,6,2,,m-ATX,[ASRock] H370M PRO4,ASRock,H370,24.4,24.4,0,
,73,LGA 1151v2,142000,2,2666,4,6,1,O,m-ITX,[ASRock] H370M-ITX/ac,ASRock,H370,17,17,0,
,74,LGA 1151v2,142000,4,2666,4,6,2,,ATX,[ASRock] FATAL1TY H370 Performance,ASRock,H370,30.5,24.4,0,
,75,LGA 1151v2,134200,4,2666,4,6,2,,ATX,[ASUS] PRIME H370-A,ASUS,H370,30.5,22.1,0,
,76,LGA 1151v2,132000,4,2666,4,6,2,,ATX,[ASUS] PRIME H370-PLUS,ASUS,H370,30.5,22.11,0,
,77,LGA 1151v2,138000,4,2666,4,6,2,,m-ATX,[ASUS] PRIME H370M-PLUS,ASUS,H370,24.4,24.4,0,
,78,LGA 1151v2,178700,4,2666,4,6,2,,ATX,[ASUS] ROG STRIX H370-F GAMING,ASUS,H370,30.5,24.4,0,
,79,LGA 1151v2,174630,2,2666,4,4,2,O,m-ITX,[ASUS] ROG STRIX H370-I GAMING,ASUS,H370,17,17,0,
,80,LGA 1151v2,166670,4,2666,4,6,2,O,ATX,[ASUS] TUF H370-PRO GAMING (Wi-Fi),ASUS,H370,30.5,24.4,0,
,81,LGA 1151v2,158000,4,2666,4,6,2,,ATX,[ASUS] TUF H370-PRO GAMING,ASUS,H370,30.5,24.4,0,
,82,LGA 1151v2,167000,4,2666,4,6,2,O,ATX,[GIGABYTE] H370 AORUS Gaming 3 WiFi,GIGABYTE,H370,30.5,24.4,0,
,83,LGA 1151v2,140400,4,2666,4,6,2,,ATX,[GIGABYTE] H370 AORUS Gaming 3,GIGABYTE,H370,30.5,24.4,0,
,84,LGA 1151v2,141450,4,2666,4,6,2,,ATX,[GIGABYTE] H370 HD3 듀러블에디션,GIGABYTE,H370,30.5,22.5,0,
,85,LGA 1151v2,139000,4,2666,4,6,2,,m-ATX,[GIGABYTE] H370M D3H 듀러블에디션,GIGABYTE,H370,24.4,23,0,
,86,LGA 1151v2,133000,4,2666,4,6,2,,m-ATX,[GIGABYTE] H370M DS3H 듀러블에디션,GIGABYTE,H370,24.4,24.4,0,
,87,LGA 1151v2,167500,2,2666,4,4,2,O,m-ITX,[GIGABYTE] H370N WiFi 듀러블에디션,GIGABYTE,H370,17,17,0,
,88,LGA 1151v2,159600,4,2666,4,6,2,,ATX,[MSI] H370 게이밍 프로 카본,MSI,H370,30.4,24.3,0,
,89,LGA 1151v2,140400,4,2666,4,5,1,,ATX,[MSI] H370 게이밍 플러스,MSI,H370,30.4,24.3,0,
,90,LGA 1151v2,120000,4,2666,4,6,1,,m-ATX,[MSI] H370M 바주카,MSI,H370,24.4,24.4,0,
,91,LGA 1151v2,172400,4,4333,4,8,2,,ATX,[ASRock] Z370 EXTREME 4,ASRock,Z370,30.5,24.4,2,
,92,LGA 1151v2,144700,4,4266,4,6,2,,ATX,[ASRock] Z370 PRO4,ASRock,Z370,30.5,24.4,1,
,93,LGA 1151v2,268000,4,4333,4,8,3,O,ATX,[ASRock] Z370 Taichi,ASRock,Z370,30.5,24.4,3,
,94,LGA 1151v2,137500,4,4333,4,6,2,,m-ATX,[ASRock] Z370M PRO4,ASRock,Z370,24.4,24.4,1,
,95,LGA 1151v2,258000,4,4333,4,8,2,,ATX,[ASRock] FATAL1TY Z370 Gaming K6,ASRock,Z370,30.5,24.4,2,
,96,LGA 1151v2,270700,2,4333,4,6,1,O,m-ITX,[ASRock] FATAL1TY Z370 Gaming-ITX/ac,ASRock,Z370,17,17,1,
,97,LGA 1151v2,197900,4,4000,4,6,2,,ATX,[ASUS] PRIME Z370-A,ASUS,Z370,30.5,24.4,2,
,98,LGA 1151v2,170900,4,4000,4,4,2,,ATX,[ASUS] PRIME Z370-P,ASUS,Z370,30.5,22.6,1,
,99,LGA 1151v2,465900,2,4500,4,4,2,,E-ATX,[ASUS] ROG MAXIMUS X APEX,ASUS,Z370,30.5,27.2,2,
,100,LGA 1151v2,466000,4,4133,4,6,2,O,ATX,[ASUS] ROG MAXIMUS X CODE,ASUS,Z370,30.5,24.4,2,
,101,LGA 1151v2,575640,4,4133,4,6,2,O,ATX,[ASUS] ROG MAXIMUS X FORMULA,ASUS,Z370,30.5,24.4,2,
,102,LGA 1151v2,410000,4,4133,4,6,2,O,ATX,[ASUS] ROG MAXIMUS X HERO (Wi-Fi AC),ASUS,Z370,30.5,24.4,2,
,103,LGA 1151v2,350000,4,4000,4,6,2,,ATX,[ASUS] ROG MAXIMUS X HERO,ASUS,Z370,30.5,24.4,2,
,104,LGA 1151v2,241950,4,4133,4,6,2,O,ATX,[ASUS] ROG STRIX Z370-E GAMING,ASUS,Z370,30.5,24.4,2,
,105,LGA 1151v2,199630,4,4000,4,6,2,,ATX,[ASUS] ROG STRIX Z370-F GAMING,ASUS,Z370,30.5,24.4,2,
,106,LGA 1151v2,221710,4,4000,4,6,2,,m-ATX,[ASUS] ROG STRIX Z370-G GAMING,ASUS,Z370,24.4,24.4,2,
,107,LGA 1151v2,266600,4,4000,4,6,2,O,m-ATX,[ASUS] ROG STRIX Z370-G GAMING (Wi-Fi AC),ASUS,Z370,24.4,24.4,2,
,108,LGA 1151v2,169000,4,4333,4,6,2,,ATX,[ASUS] ROG STRIX Z370-H GAMING,ASUS,Z370,30.5,24.4,2,
,109,LGA 1151v2,250500,4,4000,4,4,2,O,m-ITX,[ASUS] ROG STRIX Z370-I GAMING,ASUS,Z370,17,17,1,
,110,LGA 1151v2,153640,2,4000,4,6,2,,ATX,[ASUS] TUF Z370-PLUS GAMING,ASUS,Z370,30.5,24.4,1,
,111,LGA 1151v2,155000,4,4000,4,6,2,,ATX,[ASUS] TUF Z370-PRO GAMING,ASUS,Z370,30.5,24.4,2,
,112,LGA 1151v2,185800,4,4000,4,6,2,,ATX,[GIGABYTE] Z370 AORUS Gaming 3,GIGABYTE,Z370,30.5,24.4,1,
,113,LGA 1151v2,180300,4,4133,4,6,2,,ATX,[GIGABYTE] Z370 AORUS Gaming K3,GIGABYTE,Z370,30.5,24.4,1,
,114,LGA 1151v2,291000,4,4133,4,6,3,O,ATX,[GIGABYTE] Z370 AORUS Gaming 5,GIGABYTE,Z370,30.5,24.4,2,
,115,LGA 1151v2,332000,4,4000,4,6,3,,ATX,[GIGABYTE] Z370 AORUS Gaming 7,GIGABYTE,Z370,30.5,24.4,2,
,116,LGA 1151v2,360000,4,4000,4,6,3,O,ATX,[GIGABYTE] Z370 AORUS Gaming 7-OP,GIGABYTE,Z370,30.5,24.4,0,
,117,LGA 1151v2,210000,4,4000,4,6,2,O,ATX,[GIGABYTE] Z370 AORUS Gaming WiFi,GIGABYTE,Z370,30.5,24.4,2,
,118,LGA 1151v2,217700,4,4000,4,6,2,,ATX,[GIGABYTE] Z370 AORUS Ultra Gaming,GIGABYTE,Z370,30.5,24.4,2,
,119,LGA 1151v2,237000,4,4000,4,6,2,O,ATX,[GIGABYTE] Z370 AORUS Ultra Gaming WIFi,GIGABYTE,Z370,30.5,24.4,0,
,120,LGA 1151v2,217500,4,4000,4,6,2,,ATX,[GIGABYTE] Z370 AORUS Ultra Gaming 2.0,GIGABYTE,Z370,30.5,24.4,2,
,121,LGA 1151v2,239000,4,4000,4,6,2,,ATX,[GIGABYTE] Z370 AORUS Ultra Gaming 2.0-OP,GIGABYTE,Z370,30.5,24.4,0,
,122,LGA 1151v2,154800,4,4000,4,6,1,,ATX,[GIGABYTE] Z370 HD3 듀러블에디션,GIGABYTE,Z370,30.5,22.5,1,
,123,LGA 1151v2,175900,4,4000,4,6,1,,ATX,[GIGABYTE] Z370 HD3-OP 듀러블에디션,GIGABYTE,Z370,30.5,22.5,0,
,124,LGA 1151v2,177700,4,4000,4,6,2,,ATX,[GIGABYTE] Z370 UD3H 듀러블에디션,GIGABYTE,Z370,30.5,24.4,2,
,125,LGA 1151v2,145300,4,4400,4,6,2,,m-ATX,[GIGABYTE] Z370M D3H 듀러블에디션,GIGABYTE,Z370,24.4,24.4,1,
,126,LGA 1151v2,145000,4,3866,4,6,1,,m-ATX,[GIGABYTE] Z370M DS3H 듀러블에디션,GIGABYTE,Z370,22.8,19.3,0,
,127,LGA 1151v2,190500,4,4000,4,4,2,O,m-ITX,[GIGABYTE] Z370N WiFi 듀러블에디션,GIGABYTE,Z370,17,17,1,
,128,LGA 1151v2,152000,4,4000,4,6,1,,ATX,[GIGABYTE] Z370P D3 듀러블에디션,GIGABYTE,Z370,30.5,22.5,0,
,129,LGA 1151v2,474990,4,4000,4,6,2,,ATX,[GIGABYTE] Z370XP SLI 듀러블에디션,GIGABYTE,Z370,30.5,24.4,2,
,130,LGA 1151v2,184800,4,4133,4,6,2,,ATX,[MSI] Z370 SLI PLUS,MSI,Z370,30.5,24.4,2,
,131,LGA 1151v2,167000,4,4000,4,6,1,,ATX,[MSI] Z370 게이밍 플러스,MSI,Z370,30.5,24.4,1,
,132,LGA 1151v2,263100,4,4000,4,6,2,,ATX,[MSI] Z370 게이밍 M5,MSI,Z370,30.5,24.4,2,
,133,LGA 1151v2,231790,4,4000,4,6,2,,ATX,[MSI] Z370 게이밍 프로 카본,MSI,Z370,30.5,24.4,2,
,134,LGA 1151v2,173000,4,4000,4,6,2,,ATX,[MSI] Z370 크레이트 게이밍,MSI,Z370,30.5,24.4,2,
,135,LGA 1151v2,174700,4,4000,4,6,2,,ATX,[MSI] Z370 토마호크,MSI,Z370,30.5,24.4,2,
,136,LGA 1151v2,138800,4,4000,4,6,1,,ATX,[MSI] Z370-A PRO,MSI,Z370,30.5,24.4,2,
,137,LGA 1151v2,139000,4,4000,4,6,2,,m-ATX,[MSI] Z370M 박격포,MSI,Z370,24.3,24.3,2,
,138,LGA 1151,121200,4,2400,4,6,2,,ATX,[ASRock] B250 PRO4,ASRock,B250,30.5,22.4,1,
,139,LGA 1151,97400,4,2400,4,6,2,,m-ATX,[ASRock] B250M PRO4,ASRock,B250,24.4,24.4,1,
,140,LGA 1151,79000,2,2400,4,6,1,,m-ATX,[ASRock] B250M-HDV,ASRock,B250,22.5,18.5,1,
,141,LGA 1151,120900,4,2400,4,6,2,,m-ATX,[ASRock] FATAL1TY B250M Performance,ASRock,B250,24.4,24.4,1,
,142,LGA 1151,96900,4,2400,4,6,2,,m-ATX,[ASUS] PRIME B250M-A,ASUS,B250,24.4,20.6,1,
,143,LGA 1151,137490,4,2400,4,6,2,,m-ATX,[ASUS] PRIME B250M-C,ASUS,B250,22.6,18.5,1,
,144,LGA 1151,81700,2,2400,4,6,1,,m-ATX,[ASUS] PRIME B250M-K,ASUS,B250,22.6,18.5,1,
,145,LGA 1151,113900,4,2400,4,6,2,,m-ATX,[ASUS] PRIME B250M-PLUS,ASUS,B250,24.4,22.4,1,
,146,LGA 1151,140000,4,2400,4,6,2,,ATX,[ASUS] PRIME B250-PLUS,ASUS,B250,30.5,21.8,1,
,147,LGA 1151,143000,4,2400,4,6,2,,ATX,[ASUS] PRIME B250-PRO,ASUS,B250,30.5,21.8,1,
,148,LGA 1151,162660,4,2400,4,6,2,,ATX,[ASUS] ROG STRIX B250F GAMING,ASUS,B250,30.5,24.4,1,
,149,LGA 1151,144500,4,2400,4,6,2,,m-ATX,[ASUS] ROG STRIX B250G GAMING,ASUS,B250,24.4,21.8,1,
,150,LGA 1151,155000,4,2400,4,6,2,,ATX,[ASUS] ROG STRIX B250H GAMING,ASUS,B250,30.5,23.4,1,
,151,LGA 1151,95000,4,2400,4,6,2,,m-ATX,[BIOSTAR] RACING B250 GT3,BIOSTAR,B250,24.4,23,1,
,152,LGA 1151,118200,4,2400,4,6,2,,ATX,[BIOSTAR] RACING B250 GT5,BIOSTAR,B250,30.5,22.5,1,
,153,LGA 1151,110240,2,2400,4,6,1,,ATX,[BIOSTAR] TB250 BTC,BIOSTAR,B250,29.5,21,1,
,154,LGA 1151,173500,2,2400,4,6,0,,ATX,[BIOSTAR] TB250 BTC PRO,BIOSTAR,B250,29.5,21,1,
,155,LGA 1151,159700,2,2400,4,6,0,,ATX,[BIOSTAR] TB250 BTC+,BIOSTAR,B250,29.5,21,1,
,156,LGA 1151,127000,4,2400,4,6,1,,ATX,[GIGABYTE] GA-B250-HD3 듀러블에디션,GIGABYTE,B250,30.5,22.5,1,
,157,LGA 1151,143200,4,2400,4,6,1,,ATX,[GIGABYTE] GA-B250-HD3P 듀러블에디션,GIGABYTE,B250,30.5,22.5,1,
,158,LGA 1151,86850,2,2400,4,6,0,,m-ATX,[GIGABYTE] GA-B250M-D2V 듀러블에디션,GIGABYTE,B250,22.6,17.4,1,
,159,LGA 1151,97460,4,2400,4,6,1,,m-ATX,[GIGABYTE] GA-B250M-D3H 듀러블에디션,GIGABYTE,B250,24.4,22.5,1,
,160,LGA 1151,88730,2,2400,4,6,1,,m-ATX,[GIGABYTE] GA-B250M-D3V 듀러블에디션,GIGABYTE,B250,24.4,17.4,1,
,161,LGA 1151,92800,4,2400,4,6,1,,m-ATX,[GIGABYTE] GA-B250M-DS3H 듀러블에디션,GIGABYTE,B250,22.6,19.3,1,
,162,LGA 1151,164300,4,2400,4,6,1,,m-ATX,[GIGABYTE] GA-B250M-Gaming 5 게이밍에디션,GIGABYTE,B250,24.4,24.4,1,
,163,LGA 1151,89900,2,2400,4,6,1,,m-ATX,[GIGABYTE] GA-B250M-HD3 듀러블에디션,GIGABYTE,B250,24.4,17.4,1,
,164,LGA 1151,155700,2,2400,4,4,1,O,m-ITX,[GIGABYTE] GA-B250N-Phoenix WiFi 듀러블에디션,GIGABYTE,B250,17,17,1,
,165,LGA 1151,172500,4,2400,4,6,1,,ATX,[GIGABYTE] GA-Gaming B8 게이밍에디션,GIGABYTE,B250,30.5,23.3,1,
,166,LGA 1151,143900,2,2400,4,4,1,,m-ITX,[MSI] B250I 게이밍 프로 AC,MSI,B250,17,17,1,
,167,LGA 1151,81800,2,2400,4,2,1,,m-ATX,[MSI] B250M PRO-VD,MSI,B250,22.6,18.5,1,
,168,LGA 1151,97800,4,2400,4,6,1,,m-ATX,[MSI] B250M PRO-VDH,MSI,B250,24.4,22.8,1,
,169,LGA 1151,97300,4,2400,4,6,1,,m-ATX,[MSI] B250M 바주카,MSI,B250,24.4,22.8,1,
,170,LGA 1151,96500,4,2400,4,6,1,,m-ATX,[MSI] B250M 박격포,MSI,B250,24.4,24.4,1,
,171,LGA 1151,115400,4,2400,4,6,1,,m-ATX,[MSI] B250M 박격포 아틱,MSI,B250,24.4,24.4,1,
,172,LGA 1151,149600,4,2400,4,6,2,,ATX,[ASRock] FATAL1TY H270 Performance,ASRock,H270,30.5,24.4,1,
,173,LGA 1151,135100,4,2400,4,6,2,,ATX,[ASRock] H270 PRO4,ASRock,H270,30.5,24.4,1,
,174,LGA 1151,124200,4,2400,4,6,2,,m-ATX,[ASRock] H270M PRO4,ASRock,H270,24.4,24.4,1,
,175,LGA 1151,162000,2,2400,4,6,1,O,m-ITX,[ASRock] H270m-ITX/ac,ASRock,H270,17,17,1,
,176,LGA 1151,140060,4,2400,4,6,2,,m-ATX,[ASUS] PRIME H270M-PLUS,ASUS,H270,24.38,23.88,1,
,177,LGA 1151,156440,4,2400,4,6,2,,ATX,[ASUS] PRIME H270-PLUS,ASUS,H270,30.5,22.1,1,
,178,LGA 1151,156430,4,2400,4,6,2,,ATX,[ASUS] PRIME H270-PRO,ASUS,H270,30.5,22.6,1,
,179,LGA 1151,180960,4,2400,4,6,2,,ATX,[ASUS] ROG STRIX H270F GAMING,ASUS,H270,30.5,24.4,1,
,180,LGA 1151,162300,4,2400,4,6,2,,ATX,[GIGABYTE] GA-H270-GAMING 3 게이밍에디션,GIGABYTE,H270,30.5,24.4,1,
,181,LGA 1151,138400,4,2400,4,6,1,,ATX,[GIGABYTE] GA-H270-HD3 듀러블에디션,GIGABYTE,H270,30.5,24.4,1,
,182,LGA 1151,152300,4,2400,4,6,1,,ATX,[GIGABYTE] GA-H270-HD3P 듀러블에디션,GIGABYTE,H270,30.5,22.5,1,
,183,LGA 1151,140000,4,2400,4,6,1,,m-ATX,[GIGABYTE] GA-H270M-D3H 듀러블에디션,GIGABYTE,H270,24.4,22.5,1,
,184,LGA 1151,132000,4,2400,4,6,1,,m-ATX,[GIGABYTE] GA-H270M-DS3H 듀러블에디션,GIGABYTE,H270,24.4,21.5,1,
,185,LGA 1151,187700,2,2400,4,6,1,O,m-ITX,[GIGABYTE] GA-H270N-WiFi 듀러블에디션,GIGABYTE,H270,17,17,1,
,186,LGA 1151,164100,4,2400,4,6,1,,ATX,[MSI] H270 게이밍 M3,MSI,H270,30.4,24.3,1,
,187,LGA 1151,173900,4,2400,4,6,2,,ATX,[MSI] H270 게이밍 프로 카본,MSI,H270,30.5,24.4,1,
,188,LGA 1151,161000,4,2400,4,6,2,,ATX,[MSI] H270 토마호크 아틱,MSI,H270,30.4,24.3,1,
,189,LGA 1151,128000,4,2400,4,6,1,,ATX,[MSI] H270-A PRO,MSI,H270,30.5,22.5,1,
,190,LGA 1151,143500,4,2400,4,6,1,,m-ATX,[MSI] H270M 박격포 아틱,MSI,H270,24.4,24.4,1,
,191,LGA 1151,195800,4,3733,4,6,2,,ATX,[ASRock] FATAL1TY Z270 Gaming K4,ASRock,Z270,30.5,24.4,1,
,192,LGA 1151,220800,4,3866,4,8,2,,ATX,[ASRock] FATAL1TY Z270 Gaming K6,ASRock,Z270,30.5,24.4,2,
,193,LGA 1151,255400,2,4000,4,6,1,O,m-ITX,[ASRock] FATAL1TY Z270 Gaming-ITX/ac,ASRock,Z270,17,17,1,
,194,LGA 1151,346900,4,3733,4,10,3,O,ATX,[ASRock] FATAL1TY Z270 Professional Gaming i7,ASRock,Z270,30.5,24.4,2,
,195,LGA 1151,196200,4,3866,4,8,2,,ATX,[ASRock] Z270 EXTREME 4,ASRock,Z270,30.5,24.4,2,
,196,LGA 1151,189900,4,3733,4,6,2,,ATX,[ASRock] Z270 KILLER SLI,ASRock,Z270,30.5,24.4,2,
,197,LGA 1151,159400,4,2400,4,6,2,,ATX,[ASRock] Z270 PRO4,ASRock,Z270,30.5,22,1,
,198,LGA 1151,463000,4,3733,4,10,3,O,ATX,[ASRock] Z270 SUPERCARRIER,ASRock,Z270,30.5,24.4,4,
,199,LGA 1151,256300,4,3733,4,10,3,,ATX,[ASRock] Z270 Taichi,ASRock,Z270,30.5,24.4,2,
,200,LGA 1151,149600,4,3600,4,6,2,,m-ATX,[ASRock] Z270M PRO4,ASRock,Z270,24.4,24.4,1,
,201,LGA 1151,226180,4,3866,4,6,2,,ATX,[ASUS] PRIME Z270-A,ASUS,Z270,30.5,24.4,2,
,202,LGA 1151,190700,4,3866,4,6,2,,ATX,[ASUS] PRIME Z270-K,ASUS,Z270,30.5,24.4,1,
,203,LGA 1151,178600,4,3866,4,4,2,,m-ATX,[ASUS] PRIME Z270M-PLUS,ASUS,Z270,23.88,24.38,1,
,204,LGA 1151,197700,4,3866,4,4,2,,ATX,[ASUS] PRIME Z270-P,ASUS,Z270,30.5,22.1,1,
,205,LGA 1151,397000,2,4266,4,4,2,,E-ATX,[ASUS] ROG MAXIMUS IX APEX,ASUS,Z270,30.5,27.2,2,
,206,LGA 1151,488900,4,4000,4,6,2,O,ATX,[ASUS] ROG MAXIMUS IX CODE,ASUS,Z270,30.5,24.4,2,
,207,LGA 1151,888300,4,4133,4,8,2,O,E-ATX,[ASUS] ROG MAXIMUS IX EXTREME,ASUS,Z270,30.5,27.2,2,
,208,LGA 1151,555400,4,4000,4,6,2,O,ATX,[ASUS] ROG MAXIMUS IX FORMULA,ASUS,Z270,30.5,24.4,2,
,209,LGA 1151,357000,4,4000,4,6,2,,ATX,[ASUS] ROG MAXIMUS IX HERO,ASUS,Z270,30.5,24.4,2,
,210,LGA 1151,287800,4,3866,4,6,2,O,ATX,[ASUS] ROG STRIX Z270E GAMING,ASUS,Z270,30.5,24.4,2,
,211,LGA 1151,235400,4,3866,4,6,2,,ATX,[ASUS] ROG STRIX Z270F GAMING,ASUS,Z270,30.5,23.4,2,
,212,LGA 1151,314800,4,4000,4,6,2,O,m-ATX,[ASUS] ROG STRIX Z270G GAMING,ASUS,Z270,24.4,24.4,2,
,213,LGA 1151,201000,4,3866,4,6,2,,ATX,[ASUS] ROG STRIX Z270H GAMING,ASUS,Z270,30.5,23.4,2,
,214,LGA 1151,332000,2,4266,4,4,2,O,m-ITX,[ASUS] ROG STRIX Z270I GAMING,ASUS,Z270,17,17,1,
,215,LGA 1151,350800,4,3866,4,6,2,,ATX,[ASUS] TUF Z270 MARK1,ASUS,Z270,30.5,24.4,2,
,216,LGA 1151,601600,4,3866,4,6,2,,ATX,[ASUS] Z270-WS,ASUS,Z270,30.5,24.4,4,
,217,LGA 1151,169000,4,3200,4,6,1,,ATX,[BIOSTAR] RACING Z270 GT6,BIOSTAR,Z270,30.5,22.5,1,
,218,LGA 1151,298400,4,3600,4,6,1,,ATX,[BIOSTAR] RACING Z270 GT8,BIOSTAR,Z270,30.5,24.4,1,
,219,LGA 1151,415300,4,3600,4,6,1,,ATX,[BIOSTAR] RACING Z270 GT9,BIOSTAR,Z270,30.5,24.4,1,
,220,LGA 1151,202000,4,3866,4,6,1,,ATX,[GIGABYTE] GA-Z270-Gaming 3 게이밍에디션,GIGABYTE,Z270,30.5,24.4,1,
,221,LGA 1151,186200,4,3866,4,6,1,,ATX,[GIGABYTE] GA-Z270-Gaming K3 게이밍에디션,GIGABYTE,Z270,30.5,24.4,1,
,222,LGA 1151,170750,4,3866,4,6,1,,ATX,[GIGABYTE] GA-Z270-HD3 듀러블에디션,GIGABYTE,Z270,30.5,22.5,1,
,223,LGA 1151,185600,4,3866,4,6,1,,ATX,[GIGABYTE] GA-Z270-HD3P 듀러블에디션,GIGABYTE,Z270,30.5,22.5,1,
,224,LGA 1151,168000,4,3866,4,6,1,,m-ATX,[GIGABYTE] GA-Z270M-D3H 듀러블에디션,GIGABYTE,Z270,24.4,22.5,1,
,225,LGA 1151,248600,4,4000,4,6,1,,m-ATX,[GIGABYTE] GA-Z270MX-Gaming 5 게이밍에디션,GIGABYTE,Z270,24.4,24.4,2,
,226,LGA 1151,246000,2,4000,4,4,1,,m-ITX,[GIGABYTE] GA-Z270N-Gaming 5 게이밍에디션,GIGABYTE,Z270,17,17,1,
,227,LGA 1151,228400,2,4000,4,6,1,O,m-ITX,[GIGABYTE] GA-Z270N-WiFi 듀러블에디션,GIGABYTE,Z270,17,17,1,
,228,LGA 1151,197000,4,3866,4,6,1,,ATX,[GIGABYTE] GA-Z270-Phoenix Gaming 게이밍에디션,GIGABYTE,Z270,30.5,24.4,1,
,229,LGA 1151,283930,4,4000,4,6,2,,ATX,[GIGABYTE] GA-Z270X-Gaming 5 어로스,GIGABYTE,Z270,30.5,24.4,2,
,230,LGA 1151,327800,4,4000,4,6,2,,ATX,[GIGABYTE] GA-Z270X-Gaming 7 어로스,GIGABYTE,Z270,30.5,24.4,2,
,231,LGA 1151,555000,4,4133,4,6,2,O,ATX,[GIGABYTE] GA-Z270X-Gaming 8 어로스,GIGABYTE,Z270,30.5,24.4,2,
,232,LGA 1151,757400,4,4000,4,6,2,O,E-ATX,[GIGABYTE] GA-Z270X-Gaming 9 어로스,GIGABYTE,Z270,30.5,26.4,4,
,233,LGA 1151,248290,4,3866,4,6,2,,ATX,[GIGABYTE] GA-Z270X-Gaming K5 어로스,GIGABYTE,Z270,30.5,24.4,2,
,234,LGA 1151,289970,4,4133,4,6,2,,ATX,[GIGABYTE] GA-Z270X-Gaming K7 어로스,GIGABYTE,Z270,30.5,24.4,2,
,235,LGA 1151,276770,4,4000,4,6,2,,ATX,[GIGABYTE] GA-Z270X-Gaming SOC OC에디션,GIGABYTE,Z270,30.5,24.4,2,
,236,LGA 1151,217100,4,3866,4,6,1,,ATX,[GIGABYTE] GA-Z270X-UD3 듀러블에디션,GIGABYTE,Z270,30.5,22.5,2,
,237,LGA 1151,278000,4,4000,4,6,1,O,ATX,[GIGABYTE] GA-Z270X-UD5 듀러블에디션,GIGABYTE,Z270,30.5,24.4,2,
,238,LGA 1151,217350,4,3866,4,6,1,,ATX,[GIGABYTE] GA-Z270X-Ultra Gaming 게이밍에디션,GIGABYTE,Z270,30.5,24.4,2,
,239,LGA 1151,422000,4,4000,4,6,3,,ATX,[MSI] Z270 MPOWER 게이밍 티타늄,MSI,Z270,30.5,24.4,2,
,240,LGA 1151,522900,4,4000,4,8,3,,ATX,[MSI] Z270 XPOWER 게이밍 티타늄,MSI,Z270,30.5,24.4,2,
,241,LGA 1151,288000,4,3800,4,6,2,,ATX,[MSI] Z270 게이밍 M5,MSI,Z270,30.5,24.4,2,
,242,LGA 1151,348400,4,3800,4,6,3,,ATX,[MSI] Z270 게이밍 M7,MSI,Z270,30.5,24.4,2,
,243,LGA 1151,250600,4,3800,4,6,2,,ATX,[MSI] Z270 게이밍 프로 카본,MSI,Z270,30.4,24.3,2,
,244,LGA 1151,211000,4,3800,4,6,2,,ATX,[MSI] Z270 밀리터리 에디션,MSI,Z270,30.4,24.3,1,
,245,LGA 1151,210000,4,3800,4,6,2,,ATX,[MSI] Z270 크레이트 게이밍,MSI,Z270,30.5,24.4,2,
,246,LGA 1151,191600,4,3800,4,6,2,,ATX,[MSI] Z270 토마호크,MSI,Z270,30.4,24.3,1,
,247,LGA 1151,209000,4,3800,4,6,2,,ATX,[MSI] Z270 토마호크 아틱,MSI,Z270,30.4,24.3,1,
,248,LGA 1151,186900,4,3800,4,6,2,,ATX,[MSI] Z270 피씨 메이트,MSI,Z270,30.4,24.3,1,
,249,LGA 2066,325800,8,4400,4,8,3,,ATX,[AsRock] X299 KILLER SLI/ac,AsRock,X299,30.5,24.4,3,
,250,LGA 2066,391700,8,4400,4,10,3,,ATX,[AsRock] X299 Taichi,AsRock,X299,30.5,24.4,3,
,251,LGA 2066,360200,8,4400,4,8,3,,ATX,[AsRock] FATAL1TY X299 Gaming K6,AsRock,X299,30.5,24.4,3,
,252,LGA 2066,571400,8,4400,4,10,3,,ATX,[AsRock] FATAL1TY X299 Professional Gaming i9,AsRock,X299,30.5,24.4,3,
,253,LGA 2066,454900,8,4000,4,8,2,,ATX,[ASUS] PRIME X299-A,ASUS,X299,30.5,24.4,3,
,254,LGA 2066,698300,8,4133,4,7,2,,ATX,[ASUS] PRIME X299-DELUXE,ASUS,X299,30.5,24.4,3,
,255,LGA 2066,749400,4,4133,4,6,4,O,E-ATX,[ASUS] ROG RAMPAGE VI APEX,ASUS,X299,30.5,20.7,4,
,256,LGA 2066,1082990,8,4200,4,6,1,O,E-ATX,[ASUS] ROG RAMPAGE VI EXTREME,ASUS,X299,30.5,27.7,4,
,257,LGA 2066,506960,8,4133,4,8,2,O,ATX,[ASUS] ROG STRIX X299-E GAMING,ASUS,X299,30.5,24.4,3,
,258,LGA 2066,505000,8,4133,4,8,2,O,ATX,[ASUS] ROG STRIX X299-XE GAMING,ASUS,X299,30.5,24.4,3,
,259,LGA 2066,491700,8,4000,4,8,2,,ATX,[ASUS] TUF X299 MARK1,ASUS,X299,30.5,24.4,3,
,260,LGA 2066,380800,8,4000,4,8,2,,ATX,[ASUS] TUF X299 MARK2,ASUS,X299,30.5,24.4,3,
,261,LGA 2066,551000,8,4133,4,6,2,,ATX,[ASUS] WS X299 PRO,ASUS,X299,30.5,24.4,3,
,262,LGA 2066,599000,8,4133,4,6,2,,ATX,[ASUS] WS X299 PRO/SE,ASUS,X299,30.5,24.4,3,
,263,LGA 2066,756000,8,4200,4,8,2,,CEB,[ASUS] WS X299 SAGE,ASUS,X299,30.5,26.7,4,
,264,LGA 2066,401500,8,4400,4,8,2,,ATX,[GIGABYTE] X299 AORUS Gaming 3,GIGABYTE,X299,30.5,24.4,3,
,265,LGA 2066,388000,8,4400,4,8,2,,ATX,[GIGABYTE] X299 AORUS Gaming 3 Pro,GIGABYTE,X299,30.5,24.4,3,
,266,LGA 2066,619900,8,4400,4,8,3,O,ATX,[GIGABYTE] X299 AORUS Gaming 7,GIGABYTE,X299,30.5,24.4,3,
,267,LGA 2066,634000,8,4400,4,8,3,O,ATX,[GIGABYTE] X299 AORUS Gaming 7 Pro,GIGABYTE,X299,30.5,24.4,3,
,268,LGA 2066,770840,8,4400,4,8,3,O,ATX,[GIGABYTE] X299 AORUS Gaming 9,GIGABYTE,X299,30.5,24.4,3,
,269,LGA 2066,477500,8,4400,4,8,3,O,ATX,[GIGABYTE] X299 AORUS Ultra Gaming Pro,GIGABYTE,X299,30.5,24.4,3,
,270,LGA 2066,672000,8,4400,4,6,3,O,ATX,[GIGABYTE] X299 DESIGNARE EX,GIGABYTE,X299,30.5,24.4,3,
,271,LGA 2066,362800,8,4333,4,8,2,,ATX,[GIGABYTE] X299 UD4 PRO,GIGABYTE,X299,30.5,24.4,3,
,272,LGA 2066,384000,8,4333,4,8,2,,ATX,[GIGABYTE] X299 UD4,GIGABYTE,X299,30.5,24.4,3,
,273,LGA 2066,331900,8,4266,4,8,2,,ATX,[MSI] X299 SLI PLUS,MSI,X299,30.5,24.3,3,
,274,LGA 2066,647000,8,4133,4,10,3,O,E-ATX,[MSI] X299 XPOWER 게이밍 AC,MSI,X299,30.5,27.2,3,
,275,LGA 2066,445000,8,4266,4,8,2,,ATX,[MSI] X299 게이밍 프로 카본 AC,MSI,X299,30.5,24.4,3,
,276,LGA 2066,370700,8,4266,4,6,2,,ATX,[MSI] X299 토마호크,MSI,X299,30.5,24.4,3,
,277,LGA 2066,399000,8,4266,4,8,2,,ATX,[MSI] X299 토마호크 아틱,MSI,X299,30.5,24.4,3,
,278,LGA 1151,60000,2,2400,4,4,0,,m-ATX,[AsRock] H110M-DVS R2.0,AsRock,H110,22.6,18.3,1,
,279,LGA 1151,67500,2,2400,4,4,0,,m-ATX,[AsRock] H110M-HDV ,ASUS,H110,22.6,18.5,1,
,280,LGA 1151,62000,2,2400,4,4,0,,m-ATX,[GIGABYTE] GA-H110M-DS2V 듀러블에디션,GIGABYTE,H110,22.6,17.4,1,
,281,LGA 1151,65900,2,2400,4,4,0,,m-ATX,[MSI] H110M PRO-VD PLUS,MSI,H110,22.6,17.3,1,
,282,LGA 1151,95000,2,2400,4,4,0,,m-ITX,[MSI] H110I PRO,ASUS,H110,17,17,1,
,283,LGA 1151,79000,2,2400,4,6,0,,m-ATX,[AsRock] B150M HDV,AsRock,B150,18.8,23.1,1,
,284,LGA 1151,91000,4,2400,4,6,0,,m-ATX,[AsRock] B150M PRO4S,AsRock,B150,24.5,24.5,1,
,285,LGA 1151,82800,4,2400,4,6,0,,m-ATX,[ASUS] B150M-A -M.2,ASUS,B150,23.4,20.1,1,
,286,LGA 1151,91100,4,2400,4,6,0,,m-ATX,[GIGABYTE] GA-B150M-D3H 듀러블에디션,GIGABYTE,B150,24.4,22.5,1,
,287,LGA 1151,77800,4,2400,4,6,0,,m-ATX,[MSI] B150M 바주카,MSI,B150,23.5,22.8,1,
,288,LGA 1151,80900,4,2400,4,6,0,,m-ATX,[MSI] B150M 바주카 플러스 M.2,MSI,B150,23.5,22.8,1,
,289,LGA 1151,82800,4,2400,4,6,0,,m-ATX,[MSI] B150M 박격포,MSI,B150,24.38,24.38,1,
,290,LGA 1151,96300,4,2400,4,6,0,,m-ATX,[MSI] B150M 박격포 아틱,MSI,B150,24.38,24.38,0,
,291,LGA 1151,90110,4,2400,4,6,0,,m-ATX,[AsRock] B150M PRO4/HYPER,AsRock,B150,24.4,24.4,0,
,292,LGA 1151,152300,2,3600,4,4,0,,m-ITX,[AsRock] H170M ITX/ac,AsRock,H170,17,17,1,
,293,LGA 1151,124430,4,3600,4,6,0,,ATX,[AsRock] H170 PRO4S,AsRock,H170,30.5,19,1,
,294,LGA 1151,123000,4,3600,4,6,0,,m-ATX,[ASUS] H170M-PLUS,ASUS,H170,24.4,22.7,1,
,295,LGA 1151,147000,4,3600,4,6,0,,ATX,[ASUS] H170-PRO,ASUS,H170,30.5,22.4,1,
,296,LGA 1151,168000,4,3600,4,4,0,,ATX,[ASUS] H170 PRO GAMING,ASUS,H170,30.5,24.4,1,
,297,LGA 1151,125500,4,3600,4,6,0,,m-ATX,[GIGABYTE] GA-H170M-D3H 듀러블에디션,GIGABYTE,H170,24.4,22.5,1,
,298,LGA 1151,131000,4,3600,4,6,0,,ATX,[GIGABYTE] GA-H170-HD3 듀러블에디션,GIGABYTE,H170,30.5,19.9,1,
,299,LGA 1151,152000,4,3600,4,6,0,,ATX,[GIGABYTE] GA-H170-Gaming 3 게이밍에디션,GIGABYTE,H170,30.5,22.5,1,
,300,LGA 1151,144000,4,3600,4,6,0,,m-ATX,[AsRock] Z170M PRO4S,AsRock,Z170,24.5,24.5,1,
,301,LGA 1151,137000,4,3600,4,6,0,,ATX,[AsRock] Z170 PRO4S,AsRock,Z170,33.4,26.5,1,
,302,LGA 1151,180250,4,3600,4,6,0,,ATX,[AsRock] Z170 EXTREME 4,AsRock,Z170,30.5,24.4,2,
,303,LGA 1151,241800,4,3600,4,8,0,,ATX,[AsRock] Z170 EXTREME 6,AsRock,Z170,30.5,24.4,2,
,304,LGA 1151,386000,4,3600,4,10,0,,ATX,[AsRock] Z170 EXTREME 7+,AsRock,Z170,30.5,24.4,2,
,305,LGA 1151,460250,4,3600,4,10,0,,ATX,[AsRock] Z170 OC Formula,AsRock,Z170,30.5,24.4,2,
,306,LGA 1151,270800,2,3600,4,6,0,,m-ITX,[AsRock] Z170 Gaming-ITX/ac FATAl1TY,AsRock,Z170,17,17,1,
,307,LGA 1151,168000,4,3600,4,6,0,,ATX,[ASUS] Z170M-PLUS,ASUS,Z170,24.4,22.7,1,
,308,LGA 1151,178000,4,3600,4,4,0,,ATX,[ASUS] Z170-P,ASUS,Z170,30.5,22.4,1,
,309,LGA 1151,199670,4,3600,4,6,0,,ATX,[ASUS] Z170-K,ASUS,Z170,30.5,24.4,2,
,310,LGA 1151,220000,4,3600,4,4,0,,ATX,[ASUS] Z170 Pro Gaming,ASUS,Z170,30.5,24.4,2,
,311,LGA 1151,225700,4,3600,4,6,0,,ATX,[ASUS] Z170-A,ASUS,Z170,30.5,24.4,2,
,312,LGA 1151,320000,4,3600,4,6,0,,ATX,[ASUS] MAXIMUS VIII GENE,ASUS,Z170,24.4,24.4,2,
,313,LGA 1151,281150,4,3600,4,6,0,,ATX,[ASUS] MAXIMUS VIII RANGER,ASUS,Z170,30.5,24.4,2,
,314,LGA 1151,426900,4,3600,4,6,0,,ATX,[ASUS] MAXIMUS VIII HERO,ASUS,Z170,30.5,24.4,2,
,315,LGA 1151,403000,4,3600,4,8,0,,ATX,[ASUS] SABERTOOTH Z170 MARK S,ASUS,Z170,30.5,24.4,2,
,316,LGA 1151,450300,4,3600,4,8,0,,ATX,[ASUS] Z170-DELUXE,ASUS,Z170,30.5,24.4,2,
,317,LGA 1151,207900,4,3600,4,6,0,,ATX,[GIGABYTE] GA-Z170X-Gaming 3 게이밍에디션,GIGABYTE,Z170,30.5,24.4,2,
,318,LGA 1151,243700,4,3600,4,6,0,,ATX,[GIGABYTE] GA-Z170X-Gaming 5 게이밍에디션,GIGABYTE,Z170,30.5,24.4,2,
,319,LGA 1151,309770,4,3600,4,8,0,,ATX,[GIGABYTE] GA-Z170X-Gaming 7 게이밍에디션,GIGABYTE,Z170,30.5,26.4,2,
,320,LGA 1151,225000,4,3600,4,4,0,,ATX,[GIGABYTE] GA-Z170X-UD3 Ultra 듀러블에디션,GIGABYTE,Z170,30.5,24.4,2,
,321,LGA 1151,255000,4,3600,4,8,0,,ATX,[GIGABYTE] GA-Z170X-UD5 듀러블에디션,GIGABYTE,Z170,30.5,24.4,2,
,322,LGA 1151,355000,4,3600,4,10,0,,ATX,[GIGABYTE] GA-Z170X-Gaming G1 게이밍에디션,GIGABYTE,Z170,30.5,26.4,4,
,323,LGA 1151,245500,4,4000,4,6,0,,ATX,[MSI] Z170A GAMING PRO,MSI,Z170,30.5,24.4,2,
,324,LGA 1151,210000,4,4000,4,6,0,,ATX,[MSI] Z170A GAMING M5,MSI,Z170,30.5,24.4,2,
,325,LGA 1151,338560,4,4000,4,6,0,,ATX,[MSI] Z170A GAMING M7,MSI,Z170,30.5,24.4,2,
,326,LGA 1151,185100,4,4000,4,6,0,,ATX,[MSI] Z170A 크레이트 게이밍 3X,MSI,Z170,30.5,23.4,2,
,327,LGA 1151,342000,4,4000,4,8,0,,ATX,[MSI] Z710A XPOWER 게이밍 티타늄 에디션,MSI,Z170,30.5,24.4,0,
,328,LGA 1150,106350,2,2400,3,2,0,,m-ITX,[AsRock] H81T-ITX R2.0,AsRock,H81,17,17,0,
,329,LGA 1150,51000,2,2400,3,2,0,,m-ATX,[AsRock] H81M-HDS,AsRock,H81,23,18.5,1,
,330,LGA 1150,51300,2,2400,3,2,0,,m-ATX,[AsRock] H81M-DGS R2.0,AsRock,H81,23,17.3,1,
,331,LGA 1150,70280,2,2400,3,2,0,,m-ATX,[ASUS] H81M-P,ASUS,H81,22.6,17.5,1,
,332,LGA 1150,63900,2,2400,3,2,0,,m-ATX,[ASUS] H81M-D PLUS,ASUS,H81,19,17.7,1,
,333,LGA 1150,112000,2,2400,3,2,0,,m-ITX,[ASUS] H81I-PLUS,ASUS,H81,17,17,1,
,334,LGA 1150,74000,4,3600,3,4,0,,m-ATX,[ASUS] B85M-G,ASUS,B85,23.4,19.3,1,
,335,LGA 1150,119000,4,3600,3,4,0,,ATX,[ASUS] B85-PLUS,ASUS,B85,30.5,20.8,1,
,336,LGA 1150,123970,4,3600,3,6,0,,ATX,[AsRock] H97 Performance,AsRock,H97,30.5,24.4,1,
,337,LGA 1150,153070,4,3600,3,6,0,,ATX,[GIGABYTE] GA-H97-Gaming 3,GIGABYTE,H97,30.5,21.4,1,
,338,LGA 1150,215000,4,4400,3,6,0,,ATX,[GIGABYTE] GA-Z97X-UD3H,GIGABYTE,Z97,30.5,22.5,2,
,339,LGA 1150,242000,4,4400,3,8,0,,ATX,[GIGABYTE] GA-Z97X-UD5H,GIGABYTE,Z97,30.5,24.4,2,
,340,LGA 1150,180000,4,4400,3,6,0,,ATX,[GIGABYTE] GA-Z97X-SOC Force OC,GIGABYTE,Z97,30.5,24.4,2,
,341,LGA 2011-v3,262200,4,4400,4,10,0,,ATX,[AsRock] X99 Extreme3,AsRock,X99,30.5,24.4,2,
,342,LGA 2011-v3,376000,8,4400,4,10,0,,ATX,[AsRock] X99 Extreme6,AsRock,X99,30.5,24.4,3,
,343,LGA 2011-v3,931400,8,4400,4,10,0,,E-ATX,[AsRock] X99 Extreme11,AsRock,X99,30.5,26.8,4,
,344,LGA 2011-v3,462900,8,4400,4,10,0,,E-ATX,[AsRock] X99 WS,AsRock,X99,30.5,26.5,4,
,345,LGA 2011-v3,462900,8,4400,4,8,0,,ATX,[ASUS] X99-PRO,ASUS,X99,30.5,24.4,3,
,346,LGA 2011-v3,520000,8,4400,4,6,0,,ATX,[ASUS] X99-DELUXE,ASUS,X99,30.5,24.4,3,
,347,LGA 2011-v3,403750,8,4400,4,6,0,,ATX,[MSI] X99S SLI Krait Edition,MSI,X99,30.5,24.4,3,
,348,LGA 2011-v3,287100,8,4400,4,10,0,,ATX,[MSI] X99A SLI PLUS,MSI,X99,30.5,24.4,3,
,349,LGA 2011-v3,309000,4,4400,4,6,0,,ATX,[GIGABYTE] GA-X99-UD3P,GIGABYTE,X99,30.5,24.4,4,
,350,LGA 2011-v3,399000,4,4400,4,6,0,,m-ATX,[GIGABYTE] GA-X99-Gaming5 게이밍 에디션,GIGABYTE,X99,24.4,24.4,2,
,351,LGA 2011-v3,736000,8,3600,4,10,0,,ATX,[ASUS] RAMPAGE V EDITION 10 ,ASUS,X99,30.5,27.2,,
,352,PGA FM2+,68610,2,3600,3,8,0,,m-ATX,[AsRock] FM2A88M-HD+R3.0,AsRock,A88X,18.8,21.8,1,
,353,PGA FM2+,74000,4,3600,3,8,0,,m-ATX,[AsRock] FM2A88M PRO3+,AsRock,A88X,20.5,22.2,1,
,354,PGA FM2+,89000,4,3600,3,6,0,,m-ATX,[ASUS] A88XM-A,ASUS,A88X,23.6,20.8,1,
,355,PGA FM2+,130000,4,3600,3,6,0,,ATX,[ASUS] A88X-PLUS,ASUS,A88X,30.5,22.6,1,
,356,PGA FM2+,88000,2,3600,3,8,0,,m-ATX,[GIGABYTE] GA-F2A88XM-HD3P,GIGABYTE,A88X,24.4,18.4,1,
,357,PGA FM2+,131970,2,3600,3,4,0,,m-ITX,[GIGABYTE] GA-F2A88XN-WIFI,GIGABYTE,A88X,17,17,1,
,358,PGA FM2+,96500,4,3600,3,8,0,,ATX,[GIGABYTE] GA-F2A88X-D3HP,GIGABYTE,A88X,30.5,23.5,1,
,359,LGA TR4,476700,8,3600,4,8,3,O,ATX,[AsRock] X399 Taichi,AsRock,X399,30.5,24.4,4,
,360,LGA TR4,594500,8,3600,4,8,3,O,ATX,[AsRock] FATAL1TY X399 Professional Gaming,AsRock,X399,30.5,24.4,4,
,361,LGA TR4,425040,8,3600,4,6,2,,E-ATX,[ASUS] PRIME X399-A,ASUS,X399,30.5,26.9,3,
,362,LGA TR4,442520,8,3600,4,6,2,O,E-ATX,[ASUS] ROG STRIX X399-E GAMING,ASUS,X399,30.5,26.9,3,
,363,LGA TR4,587000,8,3600,4,8,3,O,ATX,[GIGABYTE] X399 DESIGNARE EX,GIGABYTE,X399,30.5,24.4,4,
,364,LGA TR4,482800,8,3600,4,8,3,O,ATX,[GIGABYTE] X399 AORUS Gaming 7,GIGABYTE,X399,30.5,24.4,4,
,365,LGA TR4,438000,8,3600,4,8,3,,ATX,[MSI] X399 SLI PLUS,MSI,X399,30.5,24.4,4,
,366,LGA TR4,466000,8,3600,4,8,3,,ATX,[MSI] X399 게이밍 프로 카본 AC,MSI,X399,30.4,24.3,4,
,367,PGA AM4,117800,4,3200,4,6,2,,ATX,[ASRock] AB350 GAMING K4,ASRock,B350,30.5,22.4,1,
,368,PGA AM4,104100,4,3200,4,6,2,,ATX,[ASRock] AB350 PRO4,ASRock,B350,30.5,22.4,1,
,369,PGA AM4,80480,2,3200,4,4,1,,m-ATX,[ASRock] AB350M,ASRock,B350,23.1,20.6,1,
,370,PGA AM4,86900,4,3200,4,4,2,,m-ATX,[ASRock] AB350M PRO4,ASRock,B350,24.4,24.4,1,
,371,PGA AM4,77400,2,3200,4,4,1,,m-ATX,[ASRock] AB350M-HDV,ASRock,B350,23.1,20.6,1,
,372,PGA AM4,176500,2,3466,4,4,1,,m-ITX,[ASRock] FATAL1TY AB350 GAMING ITX/ac,ASRock,B350,17,17,1,
,373,PGA AM4,89800,4,3200,4,6,1,,m-ATX,[ASUS] PRIME B350M-A,ASUS,B350,24.4,24,1,
,374,PGA AM4,80220,2,3200,4,4,1,,m-ATX,[ASUS] PRIME B350M-K,ASUS,B350,22.6,22.1,0,
,375,PGA AM4,127700,4,3200,4,6,1,,ATX,[ASUS] PRIME B350-PLUS,ASUS,B350,30.5,23.7,1,
,376,PGA AM4,159150,4,3200,4,6,1,,ATX,[ASUS] ROG STRIX B350-F GAMING,ASUS,B350,30.5,24.4,1,
,377,PGA AM4,218030,2,3600,4,4,2,O,m-ITX,[ASUS] ROG STRIX B350-I GAMING,ASUS,B350,17,17,0,
,378,PGA AM4,120510,4,3200,4,4,1,,m-ATX,[ASUS] TUF B350M-PLUS GAMING,ASUS,B350,24.4,24.4,0,
,379,PGA AM4,92900,4,3200,4,4,1,,m-ATX,[BIOSTAR] RACING B350 GT3,BIOSTAR,B350,24.4,22.5,1,
,380,PGA AM4,106000,4,3200,4,4,1,,ATX,[BIOSTAR] RACING B350 GT5,BIOSTAR,B350,30.5,22.5,1,
,381,PGA AM4,109000,4,3200,4,4,1,,ATX,[BIOSTAR] RACING B350 GT5 VIVID LED,BIOSTAR,B350,30.5,22.5,1,
,382,PGA AM4,119900,2,3200,4,4,1,,m-ITX,[BIOSTAR] RACING B350 GTN,BIOSTAR,B350,17,17,1,
,383,PGA AM4,110000,4,3200,4,6,1,,m-ATX,[GIGABYTE] GA-AB350M-D3H 듀러블에디션,GIGABYTE,B350,24.4,24.4,1,
,384,PGA AM4,87400,4,3200,4,6,1,,m-ATX,[GIGABYTE] GA-AB350M-GAMING 3 게이밍에디션,GIGABYTE,B350,24.4,24.4,1,
,385,PGA AM4,91000,2,3200,4,6,1,,m-ATX,[GIGABYTE] GA-AB350M-HD3 듀러블에디션,GIGABYTE,B350,24.4,21.5,1,
,386,PGA AM4,111000,4,3200,4,4,1,,ATX,[MSI] B350 토마호크,MSI,B350,30.5,24.3,1,
,387,PGA AM4,130260,4,3200,4,4,1,,ATX,[MSI] B350 토마호크 아틱,MSI,B350,30.5,24.3,1,
,388,PGA AM4,78000,2,3200,4,6,0,,m-ATX,[MSI] B350M PRO-VD PLUS,MSI,B350,24.3,24.3,0,
,389,PGA AM4,86000,4,3200,4,4,1,,m-ATX,[MSI] B350M PRO-VDH,MSI,B350,24.4,21,1,
,390,PGA AM4,92400,2,3200,4,4,1,,m-ATX,[MSI] B350M 게이밍 프로,MSI,B350,24.4,21,1,
,391,PGA AM4,100000,4,3200,4,4,1,,m-ATX,[MSI] B350M 바주카,MSI,B350,24.3,24.3,1,
,392,PGA AM4,91900,4,3200,4,4,1,,m-ATX,[MSI] B350M 박격포,MSI,B350,24.3,24.3,1,
,393,PGA AM4,220400,2,3466,4,4,1,O,m-ITX,[ASRock] FATAL1TY X370 GAMING ITX/ac,ASRock,X370,17,17,1,
,394,PGA AM4,189000,4,2933,4,6,2,,ATX,[ASRock] FATAL1TY X370 GAMING K4,ASRock,X370,30.5,24.4,2,
,395,PGA AM4,159800,4,3200,4,6,2,,ATX,[ASRock] FATAL1TY X370 GAMING X,ASRock,X370,30.5,24.4,2,
,396,PGA AM4,384740,4,4000,4,10,2,,ATX,[ASRock] FATAL1TY X370 PROFESSIONAL GAMING,ASRock,X370,30.5,24.4,2,
,397,PGA AM4,248100,4,4000,4,10,2,,ATX,[ASRock] X370 Taichi,ASRock,X370,30.5,24.4,2,
,398,PGA AM4,165000,4,3200,4,8,1,,ATX,[ASUS] PRIME X370-PRO,ASUS,X370,30.5,24.4,2,
,399,PGA AM4,415830,4,4000,4,8,2,,E-ATX,[ASUS] ROG CROSSHAIR VI EXTREME,ASUS,X370,30.5,26.9,2,
,400,PGA AM4,297300,4,4000,4,8,1,,ATX,[ASUS] ROG CROSSHAIR VI HERO,ASUS,X370,30.5,24.4,2,
,401,PGA AM4,223800,4,3200,4,8,1,,ATX,[ASUS] ROG STRIX X370-F GAMING,ASUS,X370,30.5,24.4,2,
,402,PGA AM4,130000,4,4000,4,6,1,,ATX,[BIOSTAR] RACING X370 GT5,BIOSTAR,X370,30.5,22.5,1,
,403,PGA AM4,198000,4,4000,4,6,1,,ATX,[BIOSTAR] RACING X370 GT7,BIOSTAR,X370,30.5,22.5,1,
,404,PGA AM4,134000,4,3200,4,6,1,,ATX,[GIGABYTE] GA-AX370-Gaming 3 게이밍에디션,GIGABYTE,X370,30.5,23,0,
,405,PGA AM4,244000,4,4000,4,8,1,,ATX,[GIGABYTE] GA-AX370-GAMING 5 어로스,GIGABYTE,X370,30.5,24.4,2,
,406,PGA AM4,153000,4,4000,4,8,1,,ATX,[GIGABYTE] GA-AX370-GAMING K3 게이밍에디션,GIGABYTE,X370,30.5,24.4,1,
,407,PGA AM4,186400,4,4000,4,8,1,,ATX,[GIGABYTE] GA-AX370-GAMING K5 어로스,GIGABYTE,X370,30.5,24.4,2,
,408,PGA AM4,270100,4,4000,4,8,1,,ATX,[GIGABYTE] GA-AX370-GAMING K7 어로스,GIGABYTE,X370,30.5,24.4,2,
,409,PGA AM4,145450,4,4000,4,8,1,,ATX,[GIGABYTE] GA-AX370-GAMING 게이밍에디션,GIGABYTE,X370,30.5,24.4,1,
,410,PGA AM4,117800,4,3200,4,4,1,,m-ATX,[GIGABYTE] GA-AX370M-DS3H 듀러블에디션,GIGABYTE,X370,24.4,21.5,0,
,411,PGA AM4,125500,4,3200,4,6,1,,m-ATX,[GIGABYTE] GA-AX370M-Gaming 3 게이밍에디션,GIGABYTE,X370,24.4,24.4,0,
,412,PGA AM4,367000,4,4000,4,6,2,,ATX,[MSI] X370 XPOWER 게이밍 티타늄,MSI,X370,30.5,24.4,2,
,413,PGA AM4,334000,4,3200,4,6,2,O,ATX,[MSI] X370 게이밍 M7 ACK,MSI,X370,30.4,24.3,2,
,414,PGA AM4,224900,4,4000,4,6,2,,ATX,[MSI] X370 게이밍 프로 카본,MSI,X370,30.5,24.4,2,
,415,PGA AM4,187000,4,4000,4,6,1,,ATX,[MSI] X370 크레이트 게이밍,MSI,X370,30.5,24.4,2,
,416,PGA AM4,189000,4,4000,4,6,1,,ATX,[MSI] X370 SLI PLUS,MSI,X370,30.4,24.3,2,
,417,PGA AM4,66500,2,3200,4,4,1,,m-ATX,[ASRock] A320M,ASRock,A320,23.1,20.6,1,
,418,PGA AM4,86400,4,3200,4,4,2,,m-ATX,[ASRock] A320M PRO4,ASRock,A320,24.4,24.4,1,
,419,PGA AM4,55700,2,3200,4,4,1,,m-ATX,[ASRock] A320M-DGS,ASRock,A320,23.1,20.6,1,
,420,PGA AM4,59500,2,3200,4,4,1,,m-ATX,[ASRock] A320M-HDV,ASRock,A320,23.1,20.6,1,
,421,PGA AM4,98000,4,2666,4,4,1,,m-ATX,[ASUS] EX A320M-GAMING,ASUS,A320,24.4,24.4,0,
,422,PGA AM4,122400,2,2666,4,4,1,,m-ATX,[ASUS] PRIME A320M-E,ASUS,A320,22.6,22.1,0,
,423,PGA AM4,67080,2,3200,4,4,1,,m-ATX,[ASUS] PRIME A320M-K,ASUS,A320,22.6,22.1,1,
,424,PGA AM4,52500,2,3200,4,4,0,,m-ATX,[BIOSTAR] A320MH ,BIOSTAR,A320,22.6,17.4,0,
,425,PGA AM4,54550,2,2667,4,4,0,,m-ATX,[BIOSTAR] A320MH PRO,BIOSTAR,A320,22.6,18.4,1,
,426,PGA AM4,72140,2,3200,4,4,0,,ATX,[GIGABYTE] GA-A320-DS3 듀러블에디션,GIGABYTE,A320,30.5,20.5,1,
,427,PGA AM4,82610,2,3200,4,4,0,,m-ATX,[GIGABYTE] GA-A320M-DS2 듀러블에디션,GIGABYTE,A320,22.6,19.5,1,
,428,PGA AM4,79000,2,3200,4,4,0,,m-ATX,[GIGABYTE] GA-A320M-HD2 듀러블에디션,GIGABYTE,A320,24.4,20.5,1,
,429,PGA AM4,62500,2,3200,4,4,1,,m-ATX,[GIGABYTE] GA-A320M-S2H 듀러블에디션,GIGABYTE,A320,24.4,19.5,0,
,430,PGA AM4,62100,2,3200,4,4,0,,M-ATX,[MSI] A320M PRO-VD PLUS,MSI,A320,24.4,20.6,1,
,431,PGA AM4,53940,2,2667,4,4,0,,m-ATX,[MSI] A320M PRO-VD/S,MSI,A320,23.6,18.7,1,
,432,PGA AM4,91500,2,3200,4,4,1,,m-ATX,[MSI] A320M-G,MSI,A320,24.4,21,1,
,433,PGA AM4,280800,4,3466,4,8,2,O,ATX,[ASRock] X470 Taichi,ASRock,X470,30.5,24.4,4,
,434,PGA AM4,225000,4,3466,4,6,2,,ATX,[ASRock] FATAL1TY X470 GAMING K4,ASRock,X470,30.5,24.4,4,
,435,PGA AM4,246900,2,3466,4,4,1,,M-ITX,[ASRock] FATAL1TY X470 GAMING-ITX/ac,ASRock,X470,17,17,0,
,436,PGA AM4,203320,4,3466,4,6,2,,ATX,[ASUS] PRIME X470-PRO,ASUS,X470,30.5,24.4,2,
,437,PGA AM4,345000,4,3466,4,6,1,,ATX,[ASUS] ROG CROSSHAIR VII HERO ,ASUS,X470,30.5,24.4,2,
,438,PGA AM4,380880,4,3466,4,6,2,O,ATX,[ASUS] ROG CROSSHAIR VII HERO (Wi-Fi),ASUS,X470,30.5,24.4,2,
,439,PGA AM4,264040,4,3466,4,6,2,,ATX,[ASUS] ROG STRIX X470-F GAMING,ASUS,X470,30.5,24.4,2,
,440,PGA AM4,282000,2,3600,4,4,2,O,M-ITX,[ASUS] ROG STRIX X470-I GAMING,ASUS,X470,17,17,0,
,441,PGA AM4,183900,4,3200,4,6,2,,ATX,[ASUS] TUF X470-PLUS GAMING,ASUS,X470,30.5,24.4,0,
,442,PGA AM4,187000,4,3200,4,6,2,,ATX,[GIGABYTE] X470 AORUS Ultra Gaming,GIGABYTE,X470,30.5,24.4,2,
,443,PGA AM4,235300,4,3200,4,6,2,O,ATX,[GIGABYTE] X470 AORUS Gaming 5 WiFi,GIGABYTE,X470,30.5,24.4,2,
,444,PGA AM4,312900,4,3600,4,6,2,O,ATX,[GIGABYTE] X470 AORUS Gaming 7 WiFi,GIGABYTE,X470,30.5,24.4,2,
,445,PGA AM4,166900,4,3466,4,6,2,,ATX,[MSI] X470 게이밍 플러스,MSI,X470,30.5,24.4,0,
,446,PGA AM4,223000,4,3466,4,8,2,,ATX,[MSI] X470 게이밍 프로 카본,MSI,X470,30.5,24.4,2,
,447,PGA AM4,304000,4,3600,4,6,2,O,ATX,[MSI] X470 게이밍 M7 AC,MSI,X470,30.5,24.4,2,
,448,PGA AM4,174000,4,3466,4,6,2,,ATX,[MSI] X470 게이밍 프로 ,MSI,X470,30.5,24.4,0,
,449,PGA AM3+,80000,4,3466,3,6,0,,m-ATX,[AsRock] 970 PRO3 R2.0,AsRock,970,24.3,22.8,1,
,450,PGA AM3+,120000,4,3466,3,6,0,,ATX,[AsRock] 970A-G /3.1,AsRock,970,30.5,24.5,1,
,451,PGA AM3+,88000,4,3466,3,6,0,,ATX,[ASUS] M5A97 LE R2.0,ASUS,970,30.3,22.8,1,
,452,PGA AM3+,99800,4,3466,3,6,0,,ATX,[ASUS] M5A97 R2.0,ASUS,970,30.5,22.9,1,
,453,PGA AM3+,145000,4,3466,3,6,0,,ATX,[ASUS] M5A97 EVO R2.0,ASUS,970,30.5,24.4,1,
,454,PGA AM3+,78900,4,3466,3,6,0,,ATX,[GIGABYTE] GA-970A DS3P 듀러블에디션,GIGABYTE,970,30.5,24.4,1,
,455,PGA AM3+,204000,4,3466,3,6,0,,ATX,[GIGABYTE] GA-990FXA-UD3,GIGABYTE,990FX,30.5,24.4,2,
,456,PGA AM3+,203000,4,3466,3,6,0,,ATX,[ASUS] M5A99FX PRO 2.0,ASUS,990FX,30.5,24.4,2,
,0,소켓,단가,메모리 슬롯,램 클럭 지원,DDR버전,"SATA
3",M.2,WiFi,폼팩터,메인보드 품목,제조사,세부 칩셋,길이,폭,SLI,
,,,,,,,,,,,,,,,,,
