650,1,E-ATX,250,554,564,4,158600,[3RSYS] T900 화이트,강화유리,흰색,,3RSYS,
,2,ATX,197,456,432,5,52680,[3RSYS] J410 RGB 블랙 강화유리,강화유리,,,3RSYS,
,3,ATX,206,455,442,3,51650,[3RSYS] J610 화이트 강화유리,강화유리,흰색,,3RSYS,
,4,ATX,206,455,435,4,49590,[3RSYS] J600 블랙 강화유리,강화유리,,,3RSYS,
,5,ATX,223,529,474,3,75410,[3RSYS] L800 블랙 강화유리,강화유리,,,3RSYS,
,6,ATX,194,446,437,4,65000,[3RSYS] J500 BLACK,,,,3RSYS,
,7,E-ATX,250,554,564,3,210000,[3RSYS] T1000 화이트,강화유리,흰색,,3RSYS,
,8,E-ATX,250,554,564,6,146700,[3RSYS] T900,강화유리,,,3RSYS,
,9,ATX,194,455,437,3,37500,[3RSYS] L200 블랙 강화유리,강화유리,,,3RSYS,
,10,ATX,194,466,437,2,41800,[3RSYS] J400 블랙 강화유리,강화유리,,,3RSYS,
,11,m-ATX,181,403,386,6,25800,[3RSYS] R360 풀 아크릴 윈도우 화이트,아크릴,흰색,흰색,3RSYS,
,12,m-ATX,181,403,386,2,23800,[3RSYS] R360 풀 아크릴 윈도우 블랙,아크릴,,,3RSYS,
,13,m-ATX,183,390,393,3,18700,[3RSYS] R350,,,,3RSYS,
,14,ATX,230,475,471,4,93200,[3RSYS] L1100,,,,3RSYS,
,15,ATX,193,423,384,3,28400,[3RSYS] J10,아크릴,,,3RSYS,
,16,E-ATX,250,554,564,5,199200,[3RSYS] T1000,강화유리,,,3RSYS,
,17,ATX,460,400,460,5,360000,[3RSYS] AD 500,강화유리,,,3RSYS,
,18,ATX,177,414,325,6,23860,[3RSYS] REMOTE PC,,,,3RSYS,
,19,ATX,200,500,475,2,67800,[3RSYS] L530 화이트 강화유리,강화유리,흰색,흰색,3RSYS,
,20,ATX,200,500,475,5,62700,[3RSYS] L530 강화유리,강화유리,,,3RSYS,
,21,ATX,195,405,355,4,14560,[3RSYS] R3 USB3.0,,,,3RSYS,
,22,ATX,240,455,475,2,95000,[3RSYS] L1000 화이트 강화유리,강화유리,흰색,흰색,3RSYS,
,23,ATX,200,500,475,6,48200,[3RSYS] L520,아크릴,,,3RSYS,
,24,m-ATX,230,455,454,3,56000,[3RSYS] L400,아크릴,,,3RSYS,
,25,ATX,240,455,475,6,89000,[3RSYS] L1000 강화유리,강화유리,,,3RSYS,
,26,ATX,195,455,435,4,30200,[3RSYS] J210 해머 풀 강화아크릴 윈도우,아크릴,,,3RSYS,
,27,ATX,195,455,435,3,26900,[3RSYS] J210 해머,아크릴,,,3RSYS,
,28,ATX,195,405,355,6,12400,[3RSYS] R2,,,,3RSYS,
,29,ATX,230,490,465,2,82300,[3RSYS] L910 화이트 풀 윈도우 튜닝LED바,아크릴,흰색,흰색,3RSYS,
,30,ATX,230,490,465,2,79500,[3RSYS] L910 풀 윈도우 튜닝LED바,아크릴,,,3RSYS,
,31,ATX,193.5,481,435,4,45000,[3RSYS] L300 미르 USB3.0 화이트,아크릴,검흰,,3RSYS,
,32,ATX,193.5,481,435,6,40100,[3RSYS] L300 미르 USB3.0,아크릴,,,3RSYS,
,33,ATX,230,490,465,5,80000,[3RSYS] L910 화이트 풀 아크릴 윈도우,아크릴,흰색,흰색,3RSYS,
,34,ATX,230,490,465,3,78900,[3RSYS] L910 풀 아크릴 윈도우,아크릴,,,3RSYS,
,35,m-ATX,205,419,372,2,23500,[3RSYS] R-BOX 300 USB3.0,아크릴,,,3RSYS,
,36,ATX,230,465,472,4,79900,[3RSYS] L900 USB3.0 화이트,,흰색,흰색,3RSYS,
,37,ATX,230,465,472,2,70000,[3RSYS] L900 USB3.0,,,,3RSYS,
,38,E-ATX,210,527,505,3,110700,[3RSYS] T200 발키리 NT PWM,아크릴,,,3RSYS,
,39,m-ATX,190,364,367,5,24600,[3RSYS] J300 USB3.0,,,,3RSYS,
,40,ATX,200,500,475,6,74000,[3RSYS] L720 알파 이클립스 SE USB3.0,아크릴,,,3RSYS,
,41,ATX,203,442,440,5,32600,[3RSYS] J200 USB3.0,아크릴,,,3RSYS,
,42,ATX,200,418.5,413,2,26000,[3RSYS] E-4 USB 3.0,,,,3RSYS,
,43,ATX,200,418.5,405,3,19400,[3RSYS] E-2 USB 3.0,,,,3RSYS,
,44,ATX,197,458,447,2,51000,[COX] A3 쥬빌레 풀 아크릴 윈도우 with HALO X4 화이트,아크릴,,,COX,
,45,ATX,197,458,447,3,51000,[COX] A3 쥬빌레 풀 아크릴 윈도우 with HALO X4 블랙,아크릴,,,COX,
,46,E-ATX,249,512,504,3,123000,[COX] A9 가이아 RGB 컨트롤 3면 강화유리 HALO 140F,강화유리,,,COX,
,47,E-ATX,225,518,512,2,92500,[ABKO] SUITMASTER 810S 제로노이즈 저소음 화이트,,,,ABKO,
,48,E-ATX,231,518,512,4,86000,[ABKO] SUITMASTER 820G 크로노스 강화유리 라이저레디 화이트,강화유리,,,ABKO,
,49,ATX,206,442,428,4,47500,[COX] A5 오팔 2면 강화유리 롤리팝 LED 화이트,강화유리,,,COX,
,50,ATX,194,454,413,2,49000,[COX] A5 셀레네 2면 강화유리 화이트,강화유리,,,COX,
,51,ATX,194,454,413,2,47000,[COX] A5 셀레네 2면 강화유리 블랙,강화유리,,,COX,
,52,ATX,218,562,508,5,113640,[ABKO] SUITMASTER 603G 아우라 RGB 컨트롤 2면 강화유리 듀얼백 with HALO DOUBLING 화이트,강화유리,,,ABKO,
,53,ATX,218,513,450,2,76000,[ABKO] SUITMASTER 513G 이지스 RGB 컨트롤 2면 강화유리 with HALO 화이트,강화유리,,,ABKO,
,54,ATX,206,442,428,3,46000,[COX] A5 오팔 2면 강화유리 롤리팝 LED 블랙,강화유리,,,COX,
,55,E-ATX,231,518,512,4,79000,[ABKO] SUITMASTER 820G 크로노스 강화유리 라이저레디,강화유리,,,ABKO,
,56,E-ATX,225,518,512,5,84000,[ABKO] SUITMASTER 810S 제로노이즈 저소음,,,,ABKO,
,57,ATX,230,530,462,3,79000,[ABKO] SUITMASTER 401G 에오스 4면 강화유리 with HALO DOUBLING,아크릴,,,ABKO,
,58,ATX,216,494,469,3,73000,[ABKO] SUITMASTER 361G 칼리스토 2면 강화유리 with DOUBLING 화이트,강화유리,,,ABKO,
,59,ATX,200,461,392,4,35000,[ABKO] NCORE 빅뱅 풀아크릴윈도우,아크릴,,,ABKO,
,60,ATX,200,461,392,5,35500,[ABKO] NCORE 카오스 풀 아크릴 & 강화유리 화이트,아크릴,,,ABKO,
,61,ATX,200,461,392,4,33500,[ABKO] NCORE 카오스 풀 아크릴 & 강화유리 블랙,아크릴,,,ABKO,
,62,ATX,198,440,432,2,31500,[ABKO] NCORE 팬서 풀 아크릴 윈도우 with HALO 화이트,아크릴,,,ABKO,
,63,ATX,198,440,432,4,31500,[ABKO] NCORE 팬서 풀 아크릴 윈도우 with HALO 블랙,아크릴,,,ABKO,
,64,ATX,192,420,403,6,29500,[ABKO] NCORE 그라시아 풀아크릴&강화유리 with HALO,아크릴,,,ABKO,
,65,ATX,1912,420,397,6,26000,[ABKO] NCORE 벨루스 USB3.0 풀 아크릴 윈도우,아크릴,,,ABKO,
,66,ATX,216,494,469,6,68000,[ABKO] SUITMASTER 362A 아도니스 알루미늄 & 강화유리 with DOUBLING,강화유리,,,ABKO,
,67,ATX,223,530,449,5,97000,[ABKO] SUITMASTER 515G 팔콘 RGB 컨트롤 4면 강화유리 with HALO,강화유리,,,ABKO,
,68,ATX,230,581,484,5,167990,[ABKO] SUITMASTER 605G 허블 RGB 컨트롤 4면 강화유리 듀얼백 with HALO DOUBLING,강화유리,,,ABKO,
,69,ATX,194,491,436,4,37500,[ABKO] NCORE 아수라 USB3.0 풀 아크릴 윈도우 화이트,아크릴,,,ABKO,
,70,ATX,218,513,450,2,69000,[ABKO] SUITMASTER 513G 이지스 RGB 컨트롤 2면 강화유리 with HALO,강화유리,,,ABKO,
,71,ATX,218,562,508,4,108000,[ABKO] SUITMASTER 603G 아우라 RGB 컨트롤 2면 강화유리 듀얼백 with HALO DOUBLING,강화유리,,,ABKO,
,72,E-ATX,230,545,470,6,69000,[ABKO] NCORE 아레스 USB3.0 4면 풀 아크릴 윈도우 with HALO,아크릴,흰색,흰색,ABKO,
,73,ATX,198,463,425,2,25000,[ABKO] NCORE 타나토스 USB3.0 풀 아크릴 윈도우,아크릴,,,ABKO,
,74,ATX,180,424,372,4,16060,[COX] A3 캐논 PC방,아크릴,,,COX,
,75,ATX,218,512,465,2,50000,[ABKO] SUITMASTER 511S 크로우 RGB 컨트롤 강화유리 with HALO,강화유리,,,ABKO,
,76,ATX,218,560,485,6,78740,[ABKO] SUITMASTER 601S 타이탄 RGB 컨트롤 강화유리 듀얼백 with HALO,강화유리,,,ABKO,
,77,E-ATX,220,505,465,5,89000,[ABKO] SUITMASTER 701S 튠업 강화유리 with HALO 화이트,강화유리,흰색,흰색,ABKO,
,78,E-ATX,225,518,478,6,195500,[ABKO] SUITMASTER 730AL 알루미늄 RGB 컨트롤 with HALO DOUBLING,강화유리,,,ABKO,
,79,ATX,193,427,419,4,31000,[ABKO] NCORE 쿨맥스 USB3.0 풀 아크릴 윈도우 화이트,아크릴,흰색,,ABKO,
,80,ATX,193,427,419,5,31000,[ABKO] NCORE 포세이돈 USB3.0 풀 아크릴 윈도우 화이트,아크릴,흰색,,ABKO,
,81,E-ATX,220,505,465,4,83000,[ABKO] SUITMASTER 701S 튠업 강화유리 with HALO 블랙,강화유리,,,ABKO,
,82,ATX,212,503,448,6,58000,[ABKO] SUITMASTER 350S 강화유리 with HALO 화이트,강화유리,흰색,흰색,ABKO,
,83,ATX,193,427,419,5,29000,[ABKO] NCORE 쿨맥스 USB3.0 풀 아크릴 윈도우,아크릴,,,ABKO,
,84,ATX,193,427,419,5,29000,[ABKO] NCORE 포세이돈 USB3.0 풀 아크릴 윈도우,아크릴,,,ABKO,
,85,ATX,180,416,367,2,17000,[ABKO] NCORE 배럭 PC방,,,,ABKO,
,86,E-ATX,250,502,530,4,167000,[ABKO] SUITMASTER 801G RGB 컨트롤 3면 강화유리 with HALO DOUBLING 화이트,강화유리,흰색,흰색,ABKO,
,87,ATX,212,503,448,6,54000,[ABKO] SUITMASTER 350S 강화유리 with HALO 블랙,강화유리,,,ABKO,
,88,ATX,193,428,395,2,21900,[COX] A3 인트로 USB3.0 풀 아크릴 윈도우 화이트,아크릴,흰색,,COX,
,89,ATX,193,428,395,4,19900,[COX] A3 인트로 USB3.0 풀 아크릴 윈도우 블랙,아크릴,,,COX,
,90,ATX,215,500,455,4,63000,[ABKO] SUITMASTER 330S 강화유리 with HALO 화이트,강화유리,흰색,흰색,ABKO,
,91,ATX,215,500,455,6,59000,[ABKO] SUITMASTER 330S 강화유리 with HALO 블랙,강화유리,,,ABKO,
,92,E-ATX,230,515,470,4,155000,[ABKO] SUITMASTER 720G RGB 컨트롤 4면 강화유리 with HALO DOUBLING 화이트,강화유리,흰색,흰색,ABKO,
,93,E-ATX,230,515,470,4,149000,[ABKO] SUITMASTER 720G RGB 컨트롤 4면 강화유리 with HALO DOUBLING,강화유리,,,ABKO,
,94,ATX,187,440,429,2,27000,[ABKO] NCORE 코로나 USB3.0 풀아크릴 윈도우 화이트,아크릴,흰색,,ABKO,
,95,ATX,187,440,429,6,25500,[ABKO] NCORE 코로나 USB3.0 풀아크릴 윈도우 블랙,아크릴,,,ABKO,
,96,E-ATX,300,475,380,5,79000,[ABKO] SUITMASTER EX201 Xcube 4면 강화유리,강화유리,,,ABKO,
,97,ATX,197,460,413,2,31500,[COX] A3 스캣 USB3.0 풀 아크릴 윈도우,아크릴,,,COX,
,98,E-ATX,250,502,530,5,159000,[ABKO] SUITMASTER 801G RGB 컨트롤 3면 강화유리 with HALO DOUBLING,강화유리,,,ABKO,
,99,ATX,201,455,450,4,38000,[COX] A3 베이스 USB3.0 풀 아크릴 윈도우,아크릴,,,COX,
,100,ATX,195,410,385,5,13600,[COX] CX30 USB 3.0,,,,COX,
,101,ATX,200,432,450,2,53000,[COX] A4 이퀄라이저 RGB 컨트롤 풀 아크릴 윈도우 화이트,아크릴,흰색,흰색,COX,
,102,ATX,200,432,450,6,49000,[COX] A4 이퀄라이저 RGB 컨트롤 풀 아크릴 윈도우 블랙,아크릴,,,COX,
,103,ATX,201,425,412,3,30600,[COX] A3 첼로 USB3.0 풀 아크릴 윈도우,아크릴,은색,,COX,
,104,ATX,197,447,458,3,48000,[COX] A3 노빌레 풀아크릴윈도우 with 헤일로X4 화이트,아크릴,흰색,흰색,COX,
,105,ATX,197,447,458,2,44000,[COX] A3 노빌레 풀아크릴윈도우 with 헤일로X4 블랙,아크릴,,,COX,
,106,ATX,197,447,450,4,35000,[COX] A3 녹턴 USB3.0 풀 아크릴 윈도우 화이트,아크릴,흰색,흰색,COX,
,107,ATX,197,447,450,3,32000,[COX] A3 녹턴 USB3.0 풀 아크릴 윈도우 블랙,아크릴,,,COX,
,108,ATX,220,475,515,2,71000,[ABKO] NCORE G200 타노스 IG USB3.0 강화유리 화이트,강화유리,흰색,흰색,ABKO,
,109,E-ATX,220,465,508,6,86000,[ABKO] SUITMASTER 701S USB3.0 강화유리 화이트,강화유리,흰색,흰색,ABKO,
,110,ATX,201,440,435,5,23920,[ABKO] A3 밴조 USB3.0 풀 아크릴 윈도우,아크릴,,,ABKO,
,111,E-ATX,207,472,458,2,49000,[ABKO] NCORE 플래툰 USB3.0 강화유리 화이트,강화유리,흰색,흰색,ABKO,
,112,E-ATX,207,472,458,4,45000,[ABKO] NCORE 플래툰 USB3.0 강화유리 블랙,강화유리,,,ABKO,
,113,ATX,198,450,442,6,22000,[COX] A3 왈츠 USB3.0 풀 아크릴 윈도우,아크릴,,,COX,
,114,E-ATX,215,463,467,4,60000,[COX] A7 레가토 USB3.0 강화유리 화이트,강화유리,흰색,,COX,
,115,E-ATX,215,463,467,4,55000,[COX] A7 레가토 USB3.0 강화유리 블랙,강화유리,회색,,COX,
,116,ATX,197,455,460,4,29900,[COX] A3 아리아 USB3.0 풀 아크릴 윈도우 튜닝 LED 컨트롤,아크릴,,,COX,
,117,ATX,178,410,379,3,11900,[ABKO] NCORE F1 스나이퍼 PC방,,,,ABKO,
,118,m-ATX,189,360,367,6,23500,[COX] A1 피아노 USB3.0 아크릴 윈도우,아크릴,,,COX,
,119,ATX,218,457,535,4,42700,[COX] A7 토닉 USB3.0 풀 아크릴 윈도우,아크릴,,,COX,
,120,ATX,195,415,410,5,20000,[ABKO] NCORE 마린 USB3.0,,,,ABKO,
,121,E-ATX,220,465,508,3,80000,[ABKO] SUITMASTER 701S USB3.0 강화유리 블랙,강화유리,,,ABKO,
,122,ATX,198,450,452,6,52000,[ABKO] NCORE 사파이어 3.0 풀아크릴 & 강화유리 화이트,아크릴,흰색,흰색,ABKO,
,123,ATX,206,470,443,2,45000,[ABKO] NCORE 커브 USB3.0 풀 아크릴 윈도우 화이트 with HALO,아크릴,흰색,흰색,ABKO,
,124,ATX,206,470,443,4,40000,[ABKO] NCORE 커브 USB3.0 풀 아크릴 윈도우 블랙 with HALO,아크릴,,,ABKO,
,125,ATX,206,470,440,4,42000,[ABKO] A5 오페라 USB3.0 풀 아크릴 윈도우 화이트,아크릴,흰색,흰색,ABKO,
,126,ATX,194,491,436,4,31000,[ABKO] NCORE 아수라 USB3.0 풀 아크릴 윈도우,아크릴,,,ABKO,
,127,ATX,206,470,440,5,38000,[ABKO] A5 오페라 USB3.0 풀 아크릴 윈도우 블랙,아크릴,,,ABKO,
,128,ATX,220,507,511,3,80000,[ABKO] SUITMASTER 501S RGB 무선리모트 강화유리 블랙,강화유리,,,ABKO,
,129,ATX,220,507,511,5,85000,[ABKO] SUITMASTER 501S RGB 무선리모트 강화유리 화이트,강화유리,흰색,흰색,ABKO,
,130,ATX,206,470,440,4,42000,[ABKO] A5 코다 USB3.0 풀 아크릴 윈도우 화이트,아크릴,흰색,,ABKO,
,131,ATX,206,470,440,3,38000,[ABKO] A5 코다 USB3.0 풀 아크릴 윈도우 블랙,아크릴,,,ABKO,
,132,ATX,211,475,494,6,88400,[쿨러마스터] MASTERBOX MB500 RGB 컨트롤러 강화유리,강화유리,,,쿨러마스터,
,133,m-ATX,230,450,450,6,104000,[쿨러마스터] MASTERBOX Q300P RGB 컨트롤러 풀 아크릴 윈도우,아크릴,,,쿨러마스터,
,134,m-ITX,260,208,280,4,68700,[쿨러마스터] ELITE 110A USB 3.0,,,,쿨러마스터,
,135,ATX,242,542,544,5,196800,[쿨러마스터] MasterCase H500P RGB 컨트롤러 강화유리,강화유리,,,쿨러마스터,
,136,E-ATX,306,639,650,6,430000,[쿨러마스터] COSMOS C700P RGB Strip 강화유리,강화유리,,,쿨러마스터,
,137,ATX,200,468.8,454.5,3,71000,[쿨러마스터] MASTERBOX LITE 5 RGB 컨트롤러 강화유리,강화유리,,,쿨러마스터,
,138,ATX,200,468.8,454.5,6,68000,[쿨러마스터] MASTERBOX LITE 5 RGB 강화유리,강화유리,,,쿨러마스터,
,139,E-ATX,344,704,664,3,546000,[쿨러마스터] COSMOS II 25TH ANNIVERSARY EDITION 대양케이스,강화유리,은색,,쿨러마스터,
,140,ATX,242,574,544,3,312000,[쿨러마스터] MasterCase Maker 5T LED Strip 강화유리,강화유리,검빨,빨강,쿨러마스터,
,141,ATX,200,470,480,2,65000,[쿨러마스터] CM590 III 블루 LED 윈도우 MID TOWER,아크릴,,,쿨러마스터,
,142,m-ATX,235,505,467,3,125000,[쿨러마스터] MASTERCASE PRO 3,아크릴,,,쿨러마스터,
,143,ATX,235,512,548,5,210000,[쿨러마스터] MASTERCASE PRO 5 엔비디아 에디션,아크릴,검초,,쿨러마스터,
,144,ATX,220,475,500,4,59000,[쿨러마스터] MASTERBOX5 화이트 Mirror,아크릴,흰색,흰색,쿨러마스터,
,145,ATX,220,475,500,2,55000,[쿨러마스터] MASTERBOX5 Black Mesh,아크릴,,,쿨러마스터,
,146,ATX,235,548,528.6,3,250000,[쿨러마스터] MasterCase Maker 5 LED Strip 대양케이스,아크릴,,,쿨러마스터,
,147,ATX,235,512,548,4,199500,[쿨러마스터] MasterCase5 Pro 대양케이스,아크릴,,,쿨러마스터,
,148,ATX,235,512,548,5,155500,[쿨러마스터] MasterCase5 대양케이스,,,,쿨러마스터,
,149,ATX,220,507,508.6,4,197000,[쿨러마스터] Silenio 652S,,,,쿨러마스터,
,150,ATX,190,449,497,4,96000,[쿨러마스터] Silencio 452,,,,쿨러마스터,
,151,m-ITX,260,208,280,6,70000,[쿨러마스터] ELITE 110,,,,쿨러마스터,
,152,E-ATX,221,719,578,4,352000,[쿨러마스터] HAF STACKER 945R,아크릴,,,쿨러마스터,
,153,E-ATX,221,719,578,6,352000,[쿨러마스터] HAF STACKER 945F,아크릴,,,쿨러마스터,
,154,m-ITX,228,243,578,5,109000,[쿨러마스터] HAF STACKER 915R,,,,쿨러마스터,
,155,m-ITX,228,248,578,2,109000,[쿨러마스터] HAF STACKER 915F,,,,쿨러마스터,
,156,E-ATX,235,719,578,3,247000,[쿨러마스터] HAF STACKER 935,아크릴,,,쿨러마스터,
,157,ATX,220,479,525.6,3,184000,[쿨러마스터] Silencio 652,,,,쿨러마스터,
,158,E-ATX,263.8,569.4,524.4,6,245000,[쿨러마스터] COSMOS SE WINDOW,아크릴,,,쿨러마스터,
,159,ATX,220,455,520,2,121000,[쿨러마스터] N600,아크릴,,,쿨러마스터,
,160,m-ITX,268,70,290,3,78000,[쿨러마스터] Mini 110,,,,쿨러마스터,
,161,ATX,220,429,480,5,60000,[쿨러마스터] K282,,,,쿨러마스터,
,162,m-ITX,240,205,377.5,4,74000,[쿨러마스터] ELITE 130,,,,쿨러마스터,
,163,m-ATX,200,378,453,5,79000,[쿨러마스터] Silencio 352,,,,쿨러마스터,
,164,ATX,230,507,502,6,142000,[쿨러마스터] CM690 III,,,,쿨러마스터,
,165,ATX,230,507,502,4,153000,[쿨러마스터] CM690 III WINDOW,아크릴,,,쿨러마스터,
,166,E-ATX,216,492,448,5,58000,[SAMA] STALLION KB17 3면 강화유리 with HALO,강화유리,,,SAMA,
,167,ATX,217,460,432,2,54000,[SAMA] STALLION BA1 토파즈 USB3.0 강화유리,강화유리,,,SAMA,
,168,ATX,216,473,455,3,44000,[SAMA] STALLION KB10 USB3.0 강화유리,강화유리,,,SAMA,
,169,m-ATX,237,455,465,4,62000,[SAMA] STALLION F01 USB3.0 RGB 컨트롤 강화유리 화이트,강화유리,흰색,흰색,SAMA,
,170,m-ATX,237,455,465,5,57000,[SAMA] STALLION F01 USB3.0 RGB 컨트롤 강화유리 블랙,강화유리,,,SAMA,
,171,E-ATX,230,470,520,3,74000,[SAMA] STALLION K901B Zero NOISE 강화유리 화이트,강화유리,흰색,흰색,SAMA,
,172,E-ATX,230,470,520,5,71000,[SAMA] STALLION K901B Zero NOISE 강화유리 BLACK,강화유리,,,SAMA,
,173,E-ATX,238,507,512,5,85000,[SAMA] STALLION K902B RGB 컨트롤 강화유리 화이트,강화유리,흰색,흰색,SAMA,
,174,E-ATX,238,507,512,6,81000,[SAMA] STALLION K902B RGB 컨트롤 강화유리 블랙,강화유리,,,SAMA,
,175,E-ATX,220,507,511,5,94000,[SAMA] STALLION K902B RGB Ctrl BLACK,아크릴,,,SAMA,
,176,E-ATX,230,470,520,5,92000,[SAMA] STALLION K901B Zero NOISE 화이트,,흰색,흰색,SAMA,
,177,E-ATX,230,470,520,6,65000,[SAMA] STALLION K901B Zero NOISE BLACK,,,,SAMA,
,178,ATX,205,490,482,2,81000,[잘만] Z9 NEO PLUS 풀 아크릴 윈도우 화이트,아크릴,,,잘만,
,179,ATX,205,490,482,4,78000,[잘만] Z9 NEO PLUS 풀 아크릴 윈도우 블랙,아크릴,,,잘만,
,180,ATX,205,490,482,6,62400,[잘만] Z9 NEO 화이트,아크릴,흰색,,잘만,
,181,ATX,205,490,482,2,62400,[잘만] Z9 NEO,아크릴,,,잘만,
,182,ATX,203,445,464,2,37380,[잘만] Z1 NEO,아크릴,,,잘만,
,183,m-ATX,175,380,404,6,28680,[잘만] A1,,,,잘만,
,184,ATX,205,520,515,5,67200,[잘만] Z11 NEO,아크릴,,,잘만,
,185,m-ITX,261,394,426,5,76950,[잘만] M1,,,,잘만,
,186,m-ATX,189,427.5,364,2,30150,[잘만] ZM-T2 PLUS USB 3.0,,,,잘만,
,187,m-ATX,189,427.5,364,5,29860,[잘만] ZM-T4,,,,잘만,
,188,ATX,220,505,480,6,68500,[대양케이스] NEXT Rev.2 화이트 RING LED 강화유리,강화유리,,,대양케이스,
,189,m-ATX,175,350,357,4,17680,[대양케이스] TWINS 140 USB 3.0,,,,대양케이스,
,190,m-ATX,175,350,357,2,17680,[대양케이스] TWINS 240 USB 3.0,,,,대양케이스,
,191,ATX,205,420,430,4,31000,[대양케이스] LUCIO 화이트 RING 블루 LED 강화유리,아크릴,,,대양케이스,
,192,ATX,205,420,430,4,29500,[대양케이스] LUCIO 블랙 RING 화이트 LED 강화유리,아크릴,,,대양케이스,
,193,ATX,205,502,435,6,31000,[대양케이스] ENIX 풀 아크릴 윈도우 블랙 화이트 LED,아크릴,,,대양케이스,
,194,ATX,187,457,470,5,47660,[대양케이스] REFRACT S1 화이트 LED RING팬 강화유리,강화유리,,,대양케이스,
,195,ATX,195,460,430,5,29000,[대양케이스] NEXT USB 3.0 풀 아크릴 Blue LED,아크릴,,,대양케이스,
,196,ATX,195,410,410,2,15600,[대양케이스] S31 USB 3.0,,,,대양케이스,
,197,ATX,195,410,410,5,15600,[대양케이스] S3.0 USB 3.0,,,,대양케이스,
,198,ATX,205,470,440,4,49000,[대양케이스] Moonlight II 블랙 RINGS White LED 풀아크릴,아크릴,흰색,,대양케이스,
,199,ATX,205,470,440,2,45050,[대양케이스] Moonlight II 블랙 RINGS Blue LED 풀아크릴,아크릴,,,대양케이스,
,200,ATX,185,460,420,6,36980,[대양케이스] BARON USB 3.0 풀 아크릴 윈도우,아크릴,흰색,,대양케이스,
,201,ATX,185,460,405,5,35920,[대양케이스] CARMEN USB 3.0 풀 아크릴 윈도우,아크릴,,,대양케이스,
,202,ATX,185,440,410,4,31200,[대양케이스] NEON USB 3.0 RGB LED Strips 풀 아크릴 윈도우,아크릴,,,대양케이스,
,223,ATX,211,490,513,3,86840,[마이크로닉스] Master T800 하드베이 모듈,아크릴,,,마이크로닉스,
,224,ATX,205,480,475,2,74600,[마이크로닉스] Master AREZ Z300 Snow Edition,강화유리,,,마이크로닉스,
,225,ATX,203,520,470,5,64700,[마이크로닉스] Master M400 메쉬X강화유리,강화유리,,,마이크로닉스,
,226,ATX,203,520,470,2,67800,[마이크로닉스] Master M400 아크릴X강화유리,강화유리,,,마이크로닉스,
,227,ATX,200,467,455,4,29500,[마이크로닉스] Bohemian Delfino,아크릴,,,마이크로닉스,
,228,ATX,206,461,457,3,40300,[마이크로닉스] Master T400,아크릴,,,마이크로닉스,
,229,ATX,195,455,470,2,58000,[마이크로닉스] Frontier H350 블랙 With Riser Cable,아크릴,,,마이크로닉스,
,230,ATX,195,455,470,2,57850,[마이크로닉스] Frontier H350 화이트 With Riser Cable,아크릴,,,마이크로닉스,
,231,ATX,200,510,460,3,45500,[마이크로닉스] Master M200 풀 아크릴 윈도우,아크릴,,,마이크로닉스,
,232,ATX,205,480,475,3,65330,[마이크로닉스] Master ARES Z300 강화유리,강화유리,,,마이크로닉스,
,233,ATX,195,455,470,6,28900,[마이크로닉스] Frontier H350 블랙,아크릴,,,마이크로닉스,
,234,ATX,175,405,360,6,15500,[마이크로닉스] Frontier H100 PC방,,,은색,마이크로닉스,
,235,ATX,195,455,470,4,29500,[마이크로닉스] Frontier H350 화이트,아크릴,흰색,,마이크로닉스,
,236,ATX,195,410,355,6,22000,[마이크로닉스] 루팡,,,,마이크로닉스,
,237,ATX,190,483,436,6,28500,[마이크로닉스] 듀크 풀 아크릴 윈도우,아크릴,,,마이크로닉스,
,238,ATX,177,438,417,2,34500,[마이크로닉스] Frontier ARC-1000 화이트,아크릴,흰색,,마이크로닉스,
,239,ATX,177,438,417,5,34500,[마이크로닉스] Frontier ARC-1000 블랙,아크릴,회색,,마이크로닉스,
,240,ATX,190,425,414,3,19500,[마이크로닉스] 루키 Middle USB 3.0 ,,,,마이크로닉스,
,241,ATX,210,536,525,6,87900,[마이크로닉스] 어벤져,아크릴,,,마이크로닉스,
,242,E-ATX,230,495,450,6,144000,[마이크로닉스] Aluma XL-20 E-ATX 실버,강화유리,은색,,마이크로닉스,
,243,E-ATX,230,495,450,6,142900,[마이크로닉스] Aluma XL-20 E-ATX 블랙,강화유리,,,마이크로닉스,
,244,m-ATX,193,397,398,5,24900,[마이크로닉스] Frontier U200 Mini 화이트,아크릴,흰색,,마이크로닉스,
,245,m-ATX,193,397,398,3,25000,[마이크로닉스] Frontier U200 Mini 블랙,아크릴,,,마이크로닉스,
,246,ATX,195,455,470,3,50500,[마이크로닉스] 레이저 RGB LED,아크릴,흰색,,마이크로닉스,
,247,ATX,175,454,413,6,31900,[마이크로닉스] 팰콘 실버,아크릴,은색,,마이크로닉스,
,248,ATX,175,454,413,3,27500,[마이크로닉스] 팰콘 블랙,아크릴,,,마이크로닉스,
,249,m-ATX,176,361,385,4,33800,[마이크로닉스] EDGE Mini,,,,마이크로닉스,
,250,ATX,200,410,416,3,24400,[마이크로닉스] Frontier H300 화이트,아크릴,흰색,,마이크로닉스,
,251,ATX,200,410,416,4,24400,[마이크로닉스] Frontier H300 블랙,아크릴,,,마이크로닉스,
,252,m-ATX,190,438,411,3,34600,[마이크로닉스] Frontier S300 Mini 화이트,아크릴,흰색,,마이크로닉스,
,253,m-ATX,190,438,411,3,34600,[마이크로닉스] Frontier S300 Mini 블랙,아크릴,,,마이크로닉스,
,254,m-ATX,170,360,400,6,44900,[마이크로닉스] Frontier ML-360,,,,마이크로닉스,
,255,m-ATX,195,380,410,5,64390,[Antec] P6,강화유리,,,Antec,
,256,ATX,200,480,470,6,71000,[Antec] DF500 RGB 강화유리,강화유리,,,Antec,
,257,ATX,200,480,470,3,63000,[Antec] DF500 아크릴,아크릴,,,Antec,
,258,ATX,230,518,489,5,118500,[Antec] P110 SILENT,,,,Antec,
,259,ATX,230,518,489,4,127900,[Antec] P110 LUCE,강화유리,,,Antec,
,260,ATX,210,443,470,6,68500,[Antec] P8,강화유리,,,Antec,
,261,m-ITX,250,365,460,6,261900,[Antec] CUBE RAZER,아크릴,,,Antec,
,262,m-ITX,250,365,460,4,297500,[Antec] CUBE,아크릴,,,Antec,
,263,ATX,200,520,500,3,98000,[Antec] GX1200,아크릴,,,Antec,
,264,E-ATX,230,602,590,4,739000,[Antec] S10,,,,Antec,
,265,ATX,220,484,523,6,148890,[Antec] P100 화이트,,흰색,흰색,Antec,
,266,ATX,210,480,480,4,60500,[Antec] GX300,아크릴,,,Antec,
,267,E-ATX,223.6,555,557,3,329000,[Antec] P380,아크릴,,,Antec,
,268,E-ATX,221,696,555,3,372900,[Antec] Nineteen Hundred Green,아크릴,검초,,Antec,
,269,E-ATX,221.1,696,555,6,364900,[Antec] Nineteen Hundred Red,아크릴,검빨,,Antec,
,270,ATX,220,484,523,3,118000,[Antec] P100,,,,Antec,
,271,ATX,231,526,562,3,195210,[Antec] P280 WINDOW,아크릴,,,Antec,
,272,ATX,231,526,562,3,216000,[Antec] P280 화이트 WINDOW,아크릴,흰색,흰색,Antec,
,273,ATX,231,526,562,3,161900,[Antec] P280,,,,Antec,
,274,ATX,220,470,492,3,116000,[be quiet] PURE BASE 600 SILVER,,검은,,be quiet,
,275,ATX,220,470,492,6,116000,[be quiet] PURE BASE 600 BLACK,,은색,,be quiet,
,276,ATX,230,493,495,5,166800,[be quiet] SILENT BASE 600 Window Red,아크릴,검빨,,be quiet,
,277,ATX,266,542,495,6,209000,[be quiet] SILENT BASE 800 Window Red,아크릴,검빨,,be quiet,
,278,E-ATX,243,585,577,6,368000,[be quiet] DARK BASE PRO 900 SILVER,강화유리,검은,,be quiet,
,279,E-ATX,243,585,577,4,368000,[be quiet] DARK BASE PRO 900 ORANGE,강화유리,검주,,be quiet,
,280,E-ATX,243,585,577,3,368000,[be quiet] DARK BASE PRO 900 BLACK,강화유리,,,be quiet,
,281,ATX,230,493,495,2,152000,[be quiet] SILENT BASE 600 Orange,,검주,,be quiet,
,282,ATX,230,493,495,5,148500,[be quiet] SILENT BASE 600 Black,,,,be quiet,
,283,ATX,230,493,495,3,148500,[be quiet] SILENT BASE 600 Silver,,은색,,be quiet,
,284,ATX,266,542,495,4,209000,[be quiet] SILENT BASE 800 Window Silver,아크릴,검은,,be quiet,
,285,ATX,266,542,495,2,209000,[be quiet] SILENT BASE 800 Window Orange,아크릴,검주,,be quiet,
,286,ATX,266,542,495,6,209000,[be quiet] SILENT BASE 800 Window Black,아크릴,,,be quiet,
,287,ATX,266,542,495,5,204000,[be quiet] SILENT BASE 800 Orange,,검주,,be quiet,
,288,ATX,266,542,495,6,204000,[be quiet] SILENT BASE 800 Silver,,은색,,be quiet,
,289,ATX,266,542,495,5,489900,[be quiet] SILENT BASE 800 Black,,,,be quiet,
,290,ATX,211,455,460,3,117770,[CORSAIR] CARBIDE SERIES 275R Tempered Glass White,강화유리,흰색,,CORSAIR,
,291,ATX,211,455,460,3,117770,[CORSAIR] CARBIDE SERIES 275R Tempered Glass Black,강화유리,,,CORSAIR,
,292,ATX,220,464,440,5,207960,[CORSAIR] CRYSTAL SERIES 460X RGB White,강화유리,,,CORSAIR,
,293,ATX,234,512,480,3,293600,[CORSAIR] CRYSTAL SERIES 570X RGB Mirror Black,강화유리,,,CORSAIR,
,294,ATX,233,506,502,6,217000,[CORSAIR] OBSIDIAN 500D,강화유리,,,CORSAIR,
,295,ATX,232,495,516,4,158000,[CORSAIR] CARBIDE SERIES SPEC-OMEGA RED,강화유리,,,CORSAIR,
,296,ATX,232,495,516,2,158000,[CORSAIR] CARBIDE SERIES SPEC-OMEGA BLACK,강화유리,,,CORSAIR,
,297,ATX,232,495,516,3,158000,[CORSAIR] CARBIDE SERIES SPEC-OMEGA WHITE,강화유리,,,CORSAIR,
,298,ATX,201,433,492,2,95710,[CORSAIR] CARBIDE SERIES SPEC-04 Tempered Glass,강화유리,,,CORSAIR,
,299,ATX,234,512,480,5,272000,[CORSAIR] CRYSTAL SERIES 570X RGB 레드,강화유리,검빨,,CORSAIR,
,300,ATX,234,512,480,3,273790,[CORSAIR] CRYSTAL SERIES 570X RGB 화이트,강화유리,검흰,흰색,CORSAIR,
,301,ATX,201,492,433,3,83900,[CORSAIR] CARBIDE SERIES SPEC-04 그레이,아크릴,검회,,CORSAIR,
,302,ATX,201,492,433,2,84000,[CORSAIR] CARBIDE SERIES SPEC-04 옐로우,아크릴,검노,,CORSAIR,
,303,ATX,201,492,433,3,84000,[CORSAIR] CARBIDE SERIES SPEC-04 레드,아크릴,검빨,,CORSAIR,
,304,E-ATX,260,535,454,4,218250,[CORSAIR] CARBIDE SERIES CLEAR 600C 화이트,아크릴,흰색,,CORSAIR,
,305,ATX,234,512,480,2,267570,[CORSAIR] CRYSTAL SERIES 570X RGB 블랙,강화유리,,,CORSAIR,
,306,ATX,210,460,509,3,95000,[CORSAIR] CARBIDE SERIES 270R Windowed,아크릴,,,CORSAIR,
,307,ATX,210,460,509,5,87000,[CORSAIR] CARBIDE SERIES 270R Standard,,,,CORSAIR,
,308,ATX,220,464,440,6,145850,[CORSAIR] CRYSTAL SERIES 460X,강화유리,,,CORSAIR,
,309,ATX,220,464,440,6,204500,[CORSAIR] CRYSTAL SERIES 460X RGB,강화유리,,,CORSAIR,
,310,ATX,340,510,426,3,223120,[CORSAIR] CARBIDE SERIES AIR 740,아크릴,,,CORSAIR,
,311,ATX,220,518,474,4,124000,[CORSAIR] CARBIDE SERIES SPEC-ALPHA Black & Yellow,아크릴,검노,,CORSAIR,
,312,ATX,215,425,464,4,156840,[CORSAIR] CARBIDE SERIES CLEAR 400C 화이트,아크릴,흰색,,CORSAIR,
,313,ATX,220,518,474,2,120000,[CORSAIR] CARBIDE SERIES SPEC-ALPHA 화이트 & 레드,아크릴,흰빨,,CORSAIR,
,314,ATX,220,518,474,3,120000,[CORSAIR] CARBIDE SERIES SPEC-ALPHA Black & Red,아크릴,검빨,,CORSAIR,
,315,ATX,220,518,474,2,120000,[CORSAIR] CARBIDE SERIES SPEC-ALPHA Black & Yellow,아크릴,검노,,CORSAIR,
,316,ATX,220,518,474,3,129000,[CORSAIR] CARBIDE SERIES SPEC-ALPHA Black & Silver,아크릴,검은,,CORSAIR,
,317,ATX,215,425,464,3,151000,[CORSAIR] CARBIDE SERIES QUIET 400Q,,,,CORSAIR,
,318,ATX,215,425,464,3,153490,[CORSAIR] CARBIDE SERIES CLEAR 400C,아크릴,,,CORSAIR,
,319,m-ATX,198,378,448,3,68900,[CORSAIR] CARBIDE SERIES 88R,아크릴,,,CORSAIR,
,320,E-ATX,260,535,454,6,192000,[CORSAIR] CARBIDE SERIES CLEAR 600C,아크릴,,,CORSAIR,
,321,E-ATX,260,535,454,4,197800,[CORSAIR] CARBIDE SERIES QUIET 600Q,,,,CORSAIR,
,322,E-ATX,235,560,546,6,214810,[CORSAIR] OBSIDIAN 750D Airflow,아크릴,,,CORSAIR,
,323,ATX,200,430,471,2,74830,[CORSAIR] CARBIDE SERIES 100R Window Edition,아크릴,,,CORSAIR,
,324,ATX,200,430,471,5,87000,[CORSAIR] CARBIDE SERIES 100R Silent Edition,,,,CORSAIR,
,325,ATX,210,495,484,2,167850,[CORSAIR] CARBIDE SERIES 330R Blackout Edition,,,,CORSAIR,
,326,ATX,210,495,484,3,167850,[CORSAIR] CARBIDE SERIES 330R Titanium Edition,,은색,,CORSAIR,
,327,E-ATX,288,602,637,4,290170,[CORSAIR] GRAPHITE SERIES 780T BLACK,아크릴,,,CORSAIR,
,328,E-ATX,288,602,637,5,303050,[CORSAIR] GRAPHITE SERIES 780T 화이트,아크릴,흰색,,CORSAIR,
,329,m-ITX,292,356,393,6,238000,[CORSAIR] GRAPHITE 380T 화이트,,흰색,,CORSAIR,
,330,m-ATX,260,320,397,4,145980,[CORSAIR] AIR 240 Black,아크릴,,,CORSAIR,
,331,m-ATX,260,320,397,5,142000,[CORSAIR] AIR 240 화이트,아크릴,흰색,,CORSAIR,
,332,ATX,210,497,494,6,168250,[CORSAIR] OBSIDIAN 450D,아크릴,,,CORSAIR,
,333,ATX,332,415,458,3,183000,[CORSAIR] CARBIDE SERIES AIR 540 화이트,아크릴,흰색,,CORSAIR,
,334,m-ATX,277,290,391,6,161200,[CORSAIR] OBSIDIAN 250D,,,,CORSAIR,
,335,ATX,332,415,458,5,187000,[CORSAIR] CARBIDE SERIES AIR 540 Silver,아크릴,은색,,CORSAIR,
,336,E-ATX,235,560,546,2,214370,[CORSAIR] OBSIDIAN 750D ,아크릴,,,CORSAIR,
,337,ATX,332,415,458,4,185960,[CORSAIR] CARBIDE SERIES AIR 540,아크릴,,,CORSAIR,
,338,E-ATX,252,692,650,4,517920,[CORSAIR] OBSIDIAN 900D,아크릴,,,CORSAIR,
,339,m-ATX,210,450,440,3,162370,[CORSAIR] OBSIDIAN 350D,아크릴,,,CORSAIR,
,340,ATX,217,440,395,5,132000,[Fractal Design] Meshify C White 강화유리,강화유리,,,Fractal Design,
,341,m-ATX,217,412,409,5,123000,[Fractal Design] Meshify C Mini Dark TG,강화유리,,,Fractal Design,
,342,ATX,212,440,395,4,111000,[Fractal Design] Meshify C Solid,,,,Fractal Design,
,343,ATX,217,440,395,3,129000,[Fractal Design] Meshify C Light tint 강화유리,강화유리,,,Fractal Design,
,344,ATX,233,465,543,2,188000,[Fractal Design] Define R6 Blackout,강화유리,,,Fractal Design,
,345,ATX,233,465,543,3,212000,[Fractal Design] Define R6 Blackout 강화유리,강화유리,,,Fractal Design,
,346,ATX,217,440,395,6,128000,[Fractal Design] Meshify C 강화유리,강화유리,,,Fractal Design,
,347,m-ATX,210,412,413,6,124000,[Fractal Design] Define Mini C 강화유리,강화유리,,,Fractal Design,
,348,ATX,210,453,413,2,133000,[Fractal Design] Define C 강화유리,강화유리,,,Fractal Design,
,349,ATX,232,559,560,6,175000,[Fractal Design] Define XL R2 Black Pearl,,,,Fractal Design,
,350,ATX,232,559,560,3,175000,[Fractal Design] Define XL R2 Titanium Grey,,회색,,Fractal Design,
,351,ATX,210,453,413,5,118000,[Fractal Design] Define C,,,,Fractal Design,
,352,ATX,232,451,521,3,163000,[Fractal Design] Define R5 Blackout,,,,Fractal Design,
,353,m-ATX,210,412,413,2,111000,[Fractal Design] Define Mini C,,,,Fractal Design,
,354,m-ITX,250,210,374,6,107000,[Fractal Design] NODE 304 화이트,,흰색,흰색,Fractal Design,
,355,m-ITX,250,210,374,6,107000,[Fractal Design] NODE 304 Black,,,,Fractal Design,
,356,ATX,232,451,521,6,163000,[Fractal Design] Define R5 화이트,,흰색,흰색,Fractal Design,
,357,ATX,232,451,521,4,171000,[Fractal Design] Define R5 Blackout Window,아크릴,,,Fractal Design,
,358,ATX,233,451,520,4,125000,[Fractal Design] Define S window,아크릴,,,Fractal Design,
,359,ATX,232,451,521,4,155410,[Fractal Design] Define R5 Titanium,,은색,,Fractal Design,
,360,ATX,210,453,413,6,119000,[Fractal Design] Define C Window,,,,Fractal Design,
,361,ATX,232,451,521,4,171000,[Fractal Design] Define R5 Titanium Window,아크릴,은색,,Fractal Design,
,362,ATX,232,451,521,5,171000,[Fractal Design] Define R5 화이트 Window,아크릴,흰색,흰색,Fractal Design,
,363,ATX,232,451,521,4,171000,[Fractal Design] Define R5 화이트&골드 Window,아크릴,흰색,흰금,Fractal Design,
,364,m-ATX,210,412,413,5,125800,[Fractal Design] Define Mini C Window,아크릴,,,Fractal Design,
,365,m-ATX,344,307,389,2,143000,[Fractal Design] NODE 804,아크릴,,,Fractal Design,
,366,m-ITX,377,82,330,4,113000,[Fractal Design] NODE 202,,,,Fractal Design,
,367,m-ITX,203,330,400,6,99000,[Fractal Design] Define Nano S Window,아크릴,,,Fractal Design,
,368,ATX,322,465,517,6,125000,[Fractal Design] CORE 3500 WINDOW,아크릴,,,Fractal Design,
,369,m-ITX,203,330,400,5,116160,[Fractal Design] Define Nano S,,,,Fractal Design,
,370,ATX,233,451,520,6,117480,[Fractal Design] Define S,,,,Fractal Design,
,371,ATX,230,460,515,2,125000,[Fractal Design] ARC Midi R2,아크릴,,,Fractal Design,
,372,m-ATX,188,365,370,6,84500,[IN WIN] 301 화이트,강화유리,흰색,,IN WIN,
,373,m-ATX,188,365,370,3,84500,[IN WIN] 301 블랙,강화유리,,,IN WIN,
,374,ATX,205,476,472.5,6,359000,[IN WIN] 805 인피니티 블랙,강화유리,,,IN WIN,
,375,ATX,2125,500,480,2,105000,[IN WIN] 303 화이트,강화유리,흰색,,IN WIN,
,376,ATX,2125,500,480,6,105000,[IN WIN] 303 블랙,강화유리,,,IN WIN,
,377,m-ATX,168,360,390,3,28780,[IN WIN] EN-021 USB3.0,,,,IN WIN,
,378,m-ATX,190,350,380,2,42000,[IN WIN] EM058 USB3.0,,검빨,,IN WIN,
,379,E-ATX,231,540,575,6,436000,[IN WIN] 909 X-VIEW 블랙,강화유리,검빨,,IN WIN,
,380,m-ATX,170,350,390,4,32600,[IN WIN] EF-054 USB3.0,,,,IN WIN,
,381,ATX,205,476,455,6,158000,[IN WIN] 805 TG3.0 레드,강화유리,검빨,,IN WIN,
,382,E-ATX,231,540,575,4,436000,[IN WIN] 909 X-VIEW,강화유리,은색,,IN WIN,
,383,E-ATX,245,562,593,4,127900,[IN WIN] GR ONE 화이트 EDGE 3.0,아크릴,흰색,흰색,IN WIN,
,384,E-ATX,245,562,593,6,132900,[IN WIN] GR ONE 블랙 EDGE 3.0,아크릴,검빨,,IN WIN,
,385,ATX,210,432,477,4,49000,[IN WIN] 703 게이밍 블랙,아크릴,검빨,,IN WIN,
,386,m-ATX,180,363,370,6,44500,[IN WIN] Z645 USB 3.0,,,,IN WIN,
,387,m-ATX,180,363,370,2,44500,[IN WIN] Z583 블랙 USB 3.0,,,,IN WIN,
,388,ATX,190,423,435,6,52500,[IN WIN] C583 블랙 USB 3.0,,,,IN WIN,
,389,E-ATX,243,532,582,2,89000,[IN WIN] 707 게이밍 블랙,아크릴,검빨,,IN WIN,
,390,ATX,198,461,479,2,42500,[IN WIN] G7 다크니스,,,,IN WIN,
,391,ATX,220,415,445,3,35000,[IN WIN] EA047 USB3.0,,,,IN WIN,
,392,m-ATX,190,350,380,4,35500,[IN WIN] EM048 USB3.0,,,,IN WIN,
,393,E-ATX,245,562,593,5,143600,[IN WIN] GR ONE USB 3.0 화이트,아크릴,흰색,흰색,IN WIN,
,394,m-ITX,382,105,350,5,135000,[SilverStone] RVZ03B,,,,SilverStone,
,395,ATX,226,488,465,5,119830,[SilverStone] Redline R707W-G,강화유리,,,SilverStone,
,396,ATX,215,426,488,5,172000,[SilverStone] SST-CS380B,,,,SilverStone,
,397,m-ITX,186,42,181,4,76000,[SilverStone] Precision SST-PT13B-USB3.0,,,,SilverStone,
,398,ATX,210,485,458.6,2,58000,[SilverStone] Precision PS14B-W,,,,SilverStone,
,399,ATX,226,488,465,5,123760,[SilverStone] Redline RL07B-G,강화유리,,,SilverStone,
,400,m-ITX,105,382,350,3,150230,[SilverStone] RAVEN RVZ03W,,,,SilverStone,
,401,ATX,200,477,455,3,116000,[SilverStone] Redline RL06WS-GP iBORA,강화유리,흰검,,SilverStone,
,402,ATX,200,477,455,6,116000,[SilverStone] Redline RL06BR-GP iBORA,강화유리,검빨,,SilverStone,
,403,ATX,210,465,458.6,2,53040,[SilverStone] Precision PS14B iBORA,,,,SilverStone,
,404,ATX,200,477,455,4,113300,[SilverStone] Redline RL06WS-PRO iBORA,아크릴,흰색,,SilverStone,
,405,ATX,200,477,455,2,113300,[SilverStone] Redline RL06BR-PRO iBORA,아크릴,검빨,,SilverStone,
,406,ATX,222,510,467,4,122650,[SilverStone] Kublai KL07B iBORA,,,,SilverStone,
,407,ATX,210,465,450,4,89000,[SilverStone] Redline RL05BR-W iBORA,아크릴,검빨,,SilverStone,
,408,m-ITX,382,105,350,3,120700,[SilverStone] RAVEN RVZ01B-E iBORA,,,,SilverStone,
,409,m-ITX,350,109,205,3,87550,[SilverStone] Milo ML09B iBORA,,,,SilverStone,
,410,m-ITX,222,181,285,6,64890,[SilverStone] Sugo SG13WB-Q iBORA,,흰색,흰색,SilverStone,
,411,ATX,182,426,400,4,62310,[SilverStone] Precision PS13B-W iBORA,아크릴,,,SilverStone,
,412,ATX,182,426,400,3,58710,[SilverStone] Precision PS13B iBORA,,,,SilverStone,
,413,ATX,220,571,560,4,129990,[SilverStone] PRIMERA PM01WA-W iBORA,아크릴,흰색,,SilverStone,
,414,ATX,220,571,560,3,129990,[SilverStone] PRIMERA PM01BR-W iBORA,아크릴,검빨,,SilverStone,
,415,m-ATX,170,360,405,3,52320,[SilverStone] Precision PS12B iBORA,,,,SilverStone,
,416,ATX,215,485,500,6,123350,[SilverStone] RAVEN RVX01BR-W iBORA,아크릴,검빨,,SilverStone,
,417,m-ITX,380,87,370,2,120000,[SilverStone] RAVEN RVZ02B-W iBORA,,,,SilverStone,
,418,m-ITX,380,87,370,2,104340,[SilverStone] RAVEN RVZ02B IBORA,,,,SilverStone,
,419,m-ITX,210.5,322,210,4,229950,[SilverStone] CS01B-HS iBORA,,,,SilverStone,
,420,m-ITX,222,181,285,3,62400,[SilverStone] Sugo SG13WB iBORA,,흰색,흰색,SilverStone,
,421,m-ITX,186,42,181,3,72310,[SilverStone] Petit Series PT13B iBORA,,,,SilverStone,
,422,ATX,242,529,498,2,173000,[SilverStone] RAVEN RV05WB-W iBORA,아크릴,흰색,,SilverStone,
,423,m-ITX,222,181,285,2,62170,[SilverStone] Sugo SG13B-Q iBORA,,,,SilverStone,
,424,m-ATX,270,212,393,4,91170,[SilverStone] Sugo SG11B iBORA,,,,SilverStone,
,425,m-ITX,222,181,285,3,60000,[SilverStone] Sugo SG13B iBORA,,,,SilverStone,
,426,ATX,215.3,426.5,481.5,5,67860,[SilverStone] Precision PS11B-Q iBORA,,,,SilverStone,
,427,ATX,200,525,494,2,104400,[SilverStone] Kublai KL05B-W iBORA,아크릴,,,SilverStone,
,428,ATX,440,170,358,4,109820,[SilverStone] Grandia GD09B iBORA,,,,SilverStone,
,429,ATX,242,529,498,2,152900,[SilverStone] RAVEN RV05B iBORA,,,,SilverStone,
,430,ATX,242,529,498,2,163000,[SilverStone] RAVEN RV05B-W iBORA,아크릴,,,SilverStone,
,431,m-ITX,180,295,372,2,135200,[리안리] PC-Q38WA 실버,아크릴,,,리안리,
,432,m-ITX,180,295,372,5,135200,[리안리] PC-Q38WX 블랙,아크릴,,,리안리,
,433,ATX,230,517,495,6,148710,[리안리] Alpha300 WHITE,강화유리,,,리안리,
,434,ATX,230,517,495,3,145980,[리안리] Alpha330,강화유리,,,리안리,
,435,E-ATX,245,625,605,6,545300,[리안리] PC-V3000,강화유리,,,리안리,
,436,ATX,210,476,500,3,133100,[리안리] PC-8FB 블랙,,,은색,리안리,
,437,m-ITX,237,345,346,2,259160,[리안리] PC-Q37WX 올블랙 튜닝 윈도우 Ver,강화유리,,,리안리,
,438,ATX,277,516,457,3,331620,[리안리] PC-O11WW+O11-1W Riser Kit 합본 튜닝 윈도우Ver.,강화유리,흰색,흰색,리안리,
,439,ATX,277,516,457,2,263030,[리안리] PC-O11WW 화이트 튜닝 윈도우Ver.,강화유리,흰색,흰색,리안리,
,440,ATX,277,516,457,4,308000,[리안리] PC-O11WX+O11-1X Riser Kit 합본 튜닝 윈도우Ver.,강화유리,,,리안리,
,441,ATX,277,516,457,5,240000,[리안리] PC-O11WX 올블랙 튜닝 윈도우Ver.,강화유리,,,리안리,
,442,ATX,341,428,404,4,642410,[리안리] PC-O8 화이트 Mirror Painting Ver.,강화유리,흰색,,리안리,
,443,ATX,148,585,514,2,640790,[리안리] PC-O7SW 화이트 Mirror Painting Ver.,아크릴,흰색,,리안리,
,444,m-ITX,148,465,384,3,486000,[리안리] PC-O5SW 화이트 Mirror Painting Ver.,,흰색,,리안리,
,445,ATX,354,482,465,6,585000,[리안리] PC-O9WX 올블랙 RGB 튜닝 윈도우Ver.,강화유리,검흰,,리안리,
,446,ATX,210,507,489,5,269340,[리안리] PC-J60WRX 올블랙/레드 윈도우 Ver.,아크릴,검빨,,리안리,
,447,m-ITX,228,330,250,2,119580,[리안리] PC-Q34RD 레드,,빨강,빨강,리안리,
,448,ATX,210,473,500,2,123860,[리안리] PC-7N 블랙,,,,리안리,
,449,ATX,210,473,500,4,122700,[리안리] PC-7N 실버,,은색,,리안리,
,450,ATX,341,428,404,4,485190,[리안리] PC-O8 메탈블루,강화유리,파랑,,리안리,
,451,E-ATX,1300,815,700,6,1650000,[리안리] Computer Desk DK-03X,강화유리,,,리안리,
,452,ATX,240,620,436,4,483780,[리안리] PC-X510WX,강화유리,,,리안리,
,453,ATX,218,398,440,6,300000,[리안리] PC-TU300X 올블랙,,,,리안리,
,454,ATX,218,398,440,6,281000,[리안리] PC-TU300A 실버,,은색,,리안리,
,455,m-ITX,149,257,224,5,87000,[리안리] PC-Q21B 블랙,,,,리안리,
,456,m-ITX,149,257,224,3,84220,[리안리] PC-Q21A 실버,,은색,,리안리,
,457,m-ITX,149,235,205,6,101810,[리안리] PC-Q20W 화이트,,흰색,흰색,리안리,
,458,ATX,334,352,390,4,302000,[리안리] PC-V33WX 올블랙 윈도우ver.,강화유리,,,리안리,
,459,ATX,334,352,390,2,249000,[리안리] PC-V33B 블랙,,,,리안리,
,460,ATX,334,352,390,6,240220,[리안리] PC-V33A 실버,,은색,,리안리,
,461,m-ITX,201,276,407,3,242100,[리안리] PC-Q17WX,,,,리안리,
,462,ATX,341,428,404,2,485190,[리안리] PC-O8,강화유리,,,리안리,
,463,m-ITX,229,328,240,6,138300,[리안리] PC-Q33WB 블랙,,,,리안리,
,464,m-ITX,229,328,240,5,138300,[리안리] PC-Q33WA 실버,,은색,,리안리,
,465,ATX,470,470,615,2,232950,[써멀테이크] Core P90 강화유리 에디션,강화유리,,,써멀테이크,
,466,E-ATX,344,691,645,3,555330,[써멀테이크] View 91 강화유리 RGB Plus 에디션,강화유리,,,써멀테이크,
,467,ATX,213,516,512,5,68640,[써멀테이크] Versa C24 RGB 에디션,아크릴,,,써멀테이크,
,468,ATX,198,538,490,6,68640,[써멀테이크] Versa C22 RGB 에디션,아크릴,,,써멀테이크,
,469,ATX,223,467,49,4,68640,[써멀테이크] View 22 강화유리 에디션,강화유리,,,써멀테이크,
,470,E-ATX,250,677,511,5,206610,[써멀테이크] Core X71 강화유리 에디션,강화유리,,,써멀테이크,
,471,ATX,371,463,540,5,222000,[써멀테이크] Core X5 강화유리 에디션 아스크텍,강화유리,,,써멀테이크,
,472,ATX,208,492,471,6,94000,[써멀테이크] View 21 강화유리 에디션 에스크텍,강화유리,,,써멀테이크,
,473,ATX,333,608,570,2,310000,[써멀테이크] Core P5 강화유리 스노우 에디션 아스크텍,강화유리,흰색,흰색,써멀테이크,
,474,E-ATX,274,592,577,6,265000,[써멀테이크] View 71 강화유리 RGB 에디션 아스크텍,강화유리,,,써멀테이크,
,475,ATX,333,608,570,2,311000,[써멀테이크] Core P5 강화유리 에디션 아스크텍,강화유리,,,써멀테이크,
,476,ATX,371,463,540,3,224820,[써멀테이크] Core X5 강화유리 스노우 에디션 아스크텍,강화유리,흰색,흰색,써멀테이크,
,477,ATX,250,497,511,5,158000,[써멀테이크] View 31 강화유리 RGB 에디션 아스크텍,강화유리,,,써멀테이크,
,478,ATX,200,510,508,2,95000,[써멀테이크] Versa C23 강화유리 RGB 에디션 아스크텍,강화유리,,,써멀테이크,
,479,ATX,250,497,511,6,145000,[써멀테이크] Core X31 강화유리 아스크텍,강화유리,,,써멀테이크,
,480,m-ITX,332,422,380,4,140000,[써멀테이크] Core P1 강화유리 아스크텍,강화유리,,,써멀테이크,
,481,E-ATX,423,752,483,2,304000,[써멀테이크] The Tower 900 E-ATX Vertical Super 아스크텍,강화유리,,,써멀테이크,
,482,E-ATX,423,752,483,4,304000,[써멀테이크] The Tower 900 Snow Edition E-ATX Vertical Super 아스크텍,강화유리,흰색,흰색,써멀테이크,
,483,ATX,201,508,479,2,85000,[써멀테이크] View27 아스크텍,아크릴,,,써멀테이크,
,484,ATX,333,512,470,3,144900,[써멀테이크] Core P3 SE Snow Edition - Mid Tower Chassis 아스크텍,아크릴,흰색,흰색,써멀테이크,
,485,ATX,333,512,470,2,133600,[써멀테이크] Core P3 SE Black - Mid Tower Chassis 아스크텍,아크릴,,,써멀테이크,
,486,ATX,230,525,577,3,149190,[써멀테이크] Suppressor F51 Power Cover Edition 아스크텍,아크릴,,,써멀테이크,
,487,E-ATX,250,677,511,6,175000,[써멀테이크] Core X71 - Full Tower Chassis 아스크텍,아크릴,,,써멀테이크,
,488,ATX,371,463,540,4,187730,[써멀테이크] Core X5 - ATX Cube Chassis 아스크텍,아크릴,,,써멀테이크,
,489,ATX,250,497,511,3,148700,[써멀테이크] Core X31 RGB Edition - Mid Tower Chassis 아스크텍,아크릴,,,써멀테이크,
,490,ATX,230,525,577,6,96570,[써멀테이크] Suppressor F51 Window 아스크텍,아크릴,,,써멀테이크,
,491,ATX,380,502,640,5,196000,[써멀테이크] Core X9 Snow Edition - E-ATX Cube Chassis 아스크텍,아크릴,흰색,흰색,써멀테이크,
,492,ATX,250,497,515,6,109000,[써멀테이크] Suppressor F31 아스크텍,아크릴,,,써멀테이크,
,493,m-ITX,260,276,319,4,65040,[써멀테이크] Suppressor F1 아스크텍,,,,써멀테이크,
,494,E-ATX,333,608,570,2,166840,[써멀테이크] Core P5 아스크텍,아크릴,,,써멀테이크,
,495,m-ITX,260,276,316,3,60900,[써멀테이크] Core V1 Snow Edition Mini ITX Chassis 아스크텍,,흰색,흰색,써멀테이크,
,496,ATX,230,525,577,5,152000,[써멀테이크] Suppressor F51 아스크텍,아크릴,,,써멀테이크,
,497,E-ATX,230,583,560,4,196000,[써멀테이크] Core V71 - Full-Tower Chassis 아스크텍,아크릴,,,써멀테이크,
,498,E-ATX,235,585,602,6,260440,[써멀테이크] Urban T81 - Full-Tower Chassis 아스크텍,아크릴,,,써멀테이크,
,499,ATX,206,511,500,3,114980,[써멀테이크] Urban T31 - mid-tower chassis 아스크텍,아크릴,,,써멀테이크,
,500,ATX,380,502,640,5,198500,[써멀테이크] Core X9 - E-ATX Cube Chassis 아스크텍,아크릴,,,써멀테이크,
,501,m-ITX,280,426,471,2,103000,[써멀테이크] Core X1 - ITX Cube Chassis 아스크텍,,,,써멀테이크,
,502,ATX,236,540,560,3,96150,[써멀테이크] Core V51 - Window Mid-Tower Chassis 아스크텍,아크릴,,,써멀테이크,
,503,m-ATX,320,336,424,2,84500,[써멀테이크] Core V21 - Micro Chassis 아스크텍,아크릴,,,써멀테이크,
,504,m-ITX,260,276,316,2,58500,[써멀테이크] Core V1 - Mini Chassis 아스크텍,,,,써멀테이크,
,505,E-ATX,282,584,590,4,267650,[써멀테이크] VN10008W2N Level 10 GT Battle Edition 아스크텍,,녹색,,써멀테이크,
,506,E-ATX,282,584,590,5,262880,[써멀테이크] VN10006W2N Level 10 GT Snow Edition 아스크텍,,흰색,,써멀테이크,
,507,E-ATX,282,584,590,3,256000,[써멀테이크] VN10001W2N Level 10 GT 아스크텍,,,,써멀테이크,
,508,ATX,205,428,340,5,95670,[BRAVOTEC] U4 Black Red 강화유리,강화유리,,,BRAVOTEC,
,509,ATX,240,485,445,2,78990,[BRAVOTEC] 트레저 X8 830T 타이탄 글래스 화이트,강화유리,,,BRAVOTEC,
,510,E-ATX,235,590,615,3,256880,[BRAVOTEC] 트레저 X10 1200T 타이탄 글래스 블랙,강화유리,,,BRAVOTEC,
,511,m-ATX,218,398,360,6,78000,[BRAVOTEC] JONSBO C3 PLUS Silver,강화유리,,,BRAVOTEC,
,512,m-ATX,218,398,360,3,78000,[BRAVOTEC] JONSBO C3 PLUS Black,강화유리,,,BRAVOTEC,
,513,ATX,240,485,445,4,85900,[BRAVOTEC] 트레저 X8 830T 타이탄 글래스 블랙,강화유리,,,BRAVOTEC,
,514,ATX,224,485,507,3,277000,[BRAVOTEC] JONSBO UMX5 Black,강화유리,,,BRAVOTEC,
,515,ATX,224,485,507,2,277000,[BRAVOTEC] JONSBO UMX5 Silver,강화유리,,,BRAVOTEC,
,516,ATX,213,450,450,6,97000,[BRAVOTEC] C4 White 강화유리,강화유리,,,BRAVOTEC,
,517,ATX,205,428,340,3,97000,[BRAVOTEC] U4 White 강화유리,강화유리,흰색,은색,BRAVOTEC,
,518,m-ITX,170,320,220,5,105000,[BRAVOTEC] U1 PLUS Silver 강화유리,강화유리,은색,,BRAVOTEC,
,519,ATX,311,404,402,2,162190,[BRAVOTEC] 트레저 X8 870T 타이탄 글래스 리플렉트 에디션,강화유리,흰색,흰색,BRAVOTEC,
,520,ATX,311,404,402,2,147000,[BRAVOTEC] 트레저 X8 870T 타이탄 글래스 화이트,강화유리,흰색,흰색,BRAVOTEC,
,521,ATX,311,404,402,3,147000,[BRAVOTEC] 트레저 X8 870T 타이탄 글래스 블랙,강화유리,,,BRAVOTEC,
,522,m-ATX,238,399.5,378,5,162000,[BRAVOTEC] VR2 Silver 강화유리,강화유리,은색,,BRAVOTEC,
,523,m-ATX,238,399.5,378,2,162000,[BRAVOTEC] VR2 Black 강화유리,강화유리,,,BRAVOTEC,
,524,ATX,215,492,445,2,205000,[BRAVOTEC] RM4 Silver 강화유리,강화유리,은색,,BRAVOTEC,
,525,ATX,215,492,445,4,205000,[BRAVOTEC] RM4 Black 강화유리,강화유리,,,BRAVOTEC,
,526,ATX,205,428,340,4,97000,[BRAVOTEC] U4 Silver 강화유리,강화유리,은색,은색,BRAVOTEC,
,527,ATX,205,428,340,3,97000,[BRAVOTEC] U4 Black 강화유리,강화유리,,,BRAVOTEC,
,528,ATX,220,470,430,6,74210,[BRAVOTEC] 트레저 X3 730L 화이트,아크릴,흰색,,BRAVOTEC,
,529,E-ATX,227,498,491,4,138320,[BRAVOTEC] 트레저 X6 630T 타이탄 글래스 스노우 화이트,강화유리,흰색,흰색,BRAVOTEC,
,530,m-ATX,265,355,372,2,45000,[BRAVOTEC] 디파이 B45 블랙 화이트,아크릴,흰검,,BRAVOTEC,
,531,m-ITX,238,386.5,239,5,264000,[BRAVOTEC] MOD1 MINI Black 강화유리,강화유리,검빨,,BRAVOTEC,
,532,m-ITX,238,386.5,239,3,120000,[BRAVOTEC] VR1 Black 강화유리,강화유리,검빨,,BRAVOTEC,
,533,m-ITX,238,386.5,239,3,120000,[BRAVOTEC] VR1 Silver 강화유리,강화유리,은색,,BRAVOTEC,
,534,ATX,250,505,638,6,264000,[BRAVOTEC] MOD1 Black 강화유리,강화유리,검빨,,BRAVOTEC,
,535,E-ATX,213,498,490,3,103000,[BRAVOTEC] 트레저 X6 630S 파노라마 윈도우 화이트,아크릴,흰색,,BRAVOTEC,
,536,E-ATX,213,498,490,4,97000,[BRAVOTEC] 트레저 X6 630S 파노라마 윈도우 블랙,아크릴,,,BRAVOTEC,
,537,E-ATX,227,498,491,6,151400,[BRAVOTEC] 트레저 X6 630T 타이탄 글래스 화이트,강화유리,흰색,,BRAVOTEC,
,538,E-ATX,227,498,491,4,132000,[BRAVOTEC] 트레저 X6 630T 타이탄 글래스 블랙,강화유리,,,BRAVOTEC,
,539,ATX,220,470,430,6,58000,[BRAVOTEC] 트레저 X3 730L 블랙,아크릴,,,BRAVOTEC,
,540,m-ITX,160,345,300,2,151000,[BRAVOTEC] UMX1 PLUS Silver 강화유리,강화유리,은색,,BRAVOTEC,
,541,ATX,279,385,396,4,194000,[BRAVOTEC] W2 Silver 강화유리,강화유리,은색,,BRAVOTEC,
,542,m-ATX,265,330,345,3,43000,[BRAVOTEC] 디파이 B40 화이트,아크릴,흰색,,BRAVOTEC,
,543,m-ATX,265,330,345,3,38000,[BRAVOTEC] 디파이 B40 BLACK,아크릴,,,BRAVOTEC,
,544,m-ATX,188,365,358,5,154000,[BRAVOTEC] UMX3 Black 강화유리,강화유리,,,BRAVOTEC,
,545,m-ATX,188,365,358,6,168050,[BRAVOTEC] UMX3 Silver 강화유리,강화유리,은색,,BRAVOTEC,
,546,m-ATX,215,385,336,6,139000,[BRAVOTEC] RM3 Black 강화유리,강화유리,,,BRAVOTEC,
,547,ATX,208,565,520,3,96000,[COUGAR] PANZER 강화유리 BRAVOTEC,강화유리,,,COUGAR,
,548,m-ITX,180,299,386,2,79300,[COUGAR] QBX KAZE BRAVOTEC,,,,COUGAR,
,549,E-ATX,266,612,556,2,175310,[COUGAR] PANZER MAX BRAVOTEC,아크릴,,,COUGAR,
,550,ATX,232,545.5,530,2,399000,[DEEPCOOL] GAMER STORM NEW ARK 90 BLACK,강화유리,,,DEEPCOOL,
,551,ATX,203.5,510.5,500,4,94200,[DEEPCOOL] EARLKASE RGB BRAVOTEC,강화유리,,,DEEPCOOL,
,552,ATX,210,505,506,4,388960,[DEEPCOOL] GENOME ROG Edition BRAVOTEC,아크릴,검빨,,DEEPCOOL,
,553,ATX,210,505,506,6,357090,[DEEPCOOL] GENOME 화이트 블루 BRAVOTEC,아크릴,흰파,흰색,DEEPCOOL,
,554,ATX,210,505,506,3,360000,[DEEPCOOL] GENOME BLACK GREEN BRAVOTEC,아크릴,검초,,DEEPCOOL,
,555,ATX,210,505,506,3,360000,[DEEPCOOL] GENOME Black RED BRAVOTEC,아크릴,검빨,,DEEPCOOL,
,556,m-ATX,435,388,395,6,670000,[DEEPCOOL] TriStellar SW BRAVOTEC,,검흰,,DEEPCOOL,
,557,ATX,230,516,494,6,277000,[NZXT] H700i Black BLUE,강화유리,,,NZXT,
,558,ATX,203,474,432,3,165000,[NZXT] S340 ELITE Limited Purple Edition,강화유리,,,NZXT,
,559,m-ITX,210,349,372,2,183040,[NZXT] H200i Black RED,강화유리,,,NZXT,
,560,m-ITX,210,349,372,2,183040,[NZXT] H200i Matte Black,강화유리,,,NZXT,
,561,m-ITX,210,349,372,6,183040,[NZXT] H200i Matte White,강화유리,,,NZXT,
,562,m-ATX,210,417,421,2,213000,[NZXT] H400i Matte Black,강화유리,,,NZXT,
,563,m-ATX,210,417,421,3,213000,[NZXT] H400i Matte White,강화유리,,,NZXT,
,564,m-ATX,210,417,421,4,213000,[NZXT] H400i Black RED,강화유리,,,NZXT,
,565,ATX,230,516,494,2,277000,[NZXT] H700i Matte White,강화유리,,,NZXT,
,566,ATX,230,516,494,2,277000,[NZXT] H700i Matte Black,강화유리,,,NZXT,
,567,ATX,230,516,494,3,277000,[NZXT] H700i Black RED,강화유리,,,NZXT,
,568,ATX,220,567,550,2,265000,[NZXT] NOCTIS 450 ROG EDITION BRAVOTEC,아크릴,,,NZXT,
,569,ATX,203,474,432,4,143000,[NZXT] S340 ELITE Black Red BRAVOTEC,강화유리,,빨강,NZXT,
,570,ATX,203,474,432,6,143000,[NZXT] S340 ELITE 화이트 BRAVOTEC,강화유리,흰색,흰색,NZXT,
,571,ATX,203,474,432,6,143000,[NZXT] S340 ELITE Black BRAVOTEC,강화유리,,,NZXT,
,572,ATX,220,512,480,5,230000,[NZXT] H440 2017 RAZER Edition BRAVOTEC,아크릴,,,NZXT,
,573,m-ITX,245,426,450,2,215000,[NZXT] MANTA 화이트 Window BRAVOTEC,아크릴,흰색,흰색,NZXT,
,574,ATX,220,512,480,4,206000,[NZXT] H440 2017 Black BRAVOTEC,아크릴,검빨,,NZXT,
,575,m-ITX,245,426,450,6,216000,[NZXT] MANTA Black RED Window BRAVOTEC,아크릴,검빨,빨강,NZXT,
,576,m-ITX,245,426,450,4,215000,[NZXT] MANTA Black Window BRAVOTEC,아크릴,,,NZXT,
,577,ATX,220,512,480,5,206000,[NZXT] H440 2017 화이트 BRAVOTEC,아크릴,흰색,흰색,NZXT,
,578,ATX,195,530,529,3,108000,[NZXT] Phantom 240 Red BRAVOTEC,아크릴,검빨,,NZXT,
,579,ATX,220,567,550,5,216000,[NZXT] NOCTIS 450 화이트 BRAVOTEC,아크릴,흰색,흰색,NZXT,
,580,ATX,220,567,550,5,216000,[NZXT] NOCTIS 450 Black BRAVOTEC,아크릴,,,NZXT,
,581,ATX,200,445,432,5,156640,[NZXT] S340 화이트 BRAVOTEC,아크릴,흰색,흰색,NZXT,
,582,ATX,200,445,432,3,97000,[NZXT] S340 Black BRAVOTEC,아크릴,,,NZXT,
,583,E-ATX,235,605,577,2,255000,[NZXT] Switch 810 Black BRAVOTEC,아크릴,,,NZXT,
,584,E-ATX,235,605,577,3,247250,[NZXT] Switch 810 화이트 BRAVOTEC,아크릴,흰색,흰색,NZXT,
,585,ATX,195,530,529,6,108000,[NZXT] Phantom 240 화이트 BRAVOTEC,아크릴,흰색,흰색,NZXT,
,586,ATX,220,510,475.3,4,206900,[NZXT] H440 Orange BRAVOTEC,아크릴,검주,,NZXT,
,587,ATX,220,510,475.3,2,206900,[NZXT] H440 Green BRAVOTEC,아크릴,검초,,NZXT,
,588,ATX,220,510,475.3,3,230000,[NZXT] H440 Blue BRAVOTEC,아크릴,검파,,NZXT,
,589,ATX,220,447,502,4,124000,[NZXT] H230 Black BRAVOTEC,,,,NZXT,
,590,ATX,220,510,475.3,6,201000,[NZXT] H440 Black BRAVOTEC,아크릴,검빨,,NZXT,
,591,ATX,220,510,475.3,2,221130,[NZXT] H440 화이트 BRAVOTEC,아크릴,흰색,흰색,NZXT,
,592,E-ATX,221,627,600,3,286000,[NZXT] Phantom 630 화이트 Window Edition BRAVOTEC,아크릴,흰색,흰색,NZXT,
,593,E-ATX,221,627,600,2,286000,[NZXT] Phantom 630 Black Window Edition BRAVOTEC,아크릴,,,NZXT,
,594,E-ATX,221,507,510.5,3,177900,[NZXT] Source 530 Black BRAVOTEC,아크릴,,,NZXT,
,595,E-ATX,221,547,567,6,243770,[NZXT] H630 Black BRAVOTEC,,,,NZXT,
,596,E-ATX,221,547,567,6,276900,[NZXT] H630 화이트 BRAVOTEC,,흰색,흰색,NZXT,
,597,E-ATX,221,572,543,2,216000,[NZXT] Phantom 530 화이트 BRAVOTEC,아크릴,흰색,흰색,NZXT,
,598,E-ATX,221,572,543,3,252900,[NZXT] Phantom 530 Red BRAVOTEC,아크릴,검빨,빨강,NZXT,
,599,E-ATX,221,547,567,6,243770,[NZXT] H630 화이트 Window Edition BRAVOTEC,아크릴,흰색,흰색,NZXT,
,600,E-ATX,221,547,567,4,243770,[NZXT] H630 Black Window Edition BRAVOTEC,아크릴,,,NZXT,
,601,E-ATX,235,650,612,5,407260,[NZXT] Phantom 820 Gunmetal Grey Window Edition BRAVOTEC,아크릴,회색,,NZXT,
,602,m-ITX,170,650,274,6,245000,[Phanteks] EVOLV SHIFT X AG,강화유리,,,Phanteks,
,603,m-ITX,170,650,274,5,245000,[Phanteks] EVOLV SHIFT X BK,강화유리,,,Phanteks,
,604,m-ITX,170,470,274,5,178000,[Phanteks] EVOLV SHIFT AG,강화유리,,,Phanteks,
,605,m-ITX,170,470,274,5,178000,[Phanteks] EVOLV SHIFT BK,강화유리,,,Phanteks,
,606,ATX,200,450,400,2,93000,[Phanteks] ECLIPSE P300 TG,강화유리,,,Phanteks,
,607,m-ATX,230,453,400,5,198000,[Phanteks] EVOLV MATX TG AG,강화유리,,,Phanteks,
,608,ATX,235,480,500,4,176000,[Phanteks] ENTHOO PRO M TG SE,강화유리,,,Phanteks,
,609,m-ATX,230,453,400,5,198000,[Phanteks] Enthoo EVOLV MATX TG BK,강화유리,,,Phanteks,
,610,m-ATX,230,453,400,3,198000,[Phanteks] Enthoo EVOLV MATX TG GS,강화유리,은색,,Phanteks,
,611,E-ATX,270,750,615,2,1471000,[Phanteks] ENTHOO ELITE AG,강화유리,회색,,Phanteks,
,612,E-ATX,270,750,615,3,1471000,[Phanteks] ENTHOO ELITE BLACK,강화유리,,,Phanteks,
,613,ATX,210,465,470,3,138000,[Phanteks] ECLIPSE P400S TG SE BW,강화유리,,흰색,Phanteks,
,614,ATX,210,465,470,6,138000,[Phanteks] ECLIPSE P400S TG SE BR,강화유리,,빨강,Phanteks,
,615,ATX,210,465,470,4,138000,[Phanteks] ECLIPSE P400S TG AG,강화유리,회색,,Phanteks,
,616,ATX,210,465,470,6,138000,[Phanteks] ECLIPSE P400S TG WHITE,강화유리,흰색,,Phanteks,
,617,ATX,210,465,470,5,138000,[Phanteks] ECLIPSE P400S TG BLACK,강화유리,,,Phanteks,
,618,ATX,235,480,500,2,178170,[Phanteks] Enthoo PRO M TG BK,강화유리,,,Phanteks,
,619,E-ATX,235,560,550,4,248000,[Phanteks] Enthoo LUXE TG AG,강화유리,회색,,Phanteks,
,620,E-ATX,235,560,550,2,248000,[Phanteks] Enthoo LUXE TG BK,강화유리,,,Phanteks,
,621,ATX,235,480,500,3,139800,[Phanteks] Enthoo Pro M AG Acrylic,아크릴,회색,,Phanteks,
,622,ATX,235,480,500,4,138000,[Phanteks] Enthoo Pro M TG Acrylic,아크릴,녹색,,Phanteks,
,623,ATX,235,495,510,3,306000,[Phanteks] Enthoo EVOLV ATX TG GS,강화유리,은색,,Phanteks,
,624,ATX,235,495,510,3,306000,[Phanteks] Enthoo EVOLV ATX TG AG,강화유리,회색,,Phanteks,
,625,ATX,235,495,510,3,306000,[Phanteks] Enthoo EVOLV ATX TG Black,강화유리,,,Phanteks,
,626,ATX,210,465,470,2,138000,[Phanteks] ECLIPSE P400S 화이트,아크릴,흰색,,Phanteks,
,627,ATX,210,465,470,5,123000,[Phanteks] ECLIPSE P400 화이트,아크릴,흰색,,Phanteks,
,628,ATX,210,465,470,6,137080,[Phanteks] ECLIPSE P400S AG,아크릴,회색,,Phanteks,
,629,ATX,210,465,470,6,125000,[Phanteks] ECLIPSE P400S BLACK,아크릴,,,Phanteks,
,630,ATX,210,465,470,2,120520,[Phanteks] ECLIPSE P400 AG,아크릴,회색,,Phanteks,
,631,ATX,210,465,470,2,110000,[Phanteks] ECLIPSE P400 BLACK,아크릴,,,Phanteks,
,632,m-ITX,230,375,395,6,118000,[Phanteks] Enthoo EVOLV ITX SE 화이트,아크릴,흰색,,Phanteks,
,633,m-ITX,230,375,395,5,118000,[Phanteks] Enthoo EVOLV ITX SE Red,아크릴,검빨,빨강,Phanteks,
,634,ATX,235,495,510,2,229500,[Phanteks] Enthoo EVOLV ATX AG,아크릴,회색,,Phanteks,
,635,ATX,235,495,510,3,268000,[Phanteks] Enthoo EVOLV ATX GS,아크릴,은색,,Phanteks,
,636,ATX,235,495,510,3,268000,[Phanteks] Enthoo EVOLV ATX BLACK,아크릴,,,Phanteks,
,637,ATX,235,495,510,6,334000,[Phanteks] Enthoo ATX AG,아크릴,회색,,Phanteks,
,638,E-ATX,235,535,550,4,174700,[Phanteks] ENTHOO Pro Titanium Green,아크릴,녹색,,Phanteks,
,639,ATX,235,480,500,3,147900,[Phanteks] Enthoo Pro M Green,아크릴,녹색,,Phanteks,
,640,E-ATX,250,650,600,6,388000,[Phanteks] ENTHOO PRIMO Special Edition BW,아크릴,,흰색,Phanteks,
,641,E-ATX,250,650,600,4,388000,[Phanteks] ENTHOO PRIMO Special Edition Red,아크릴,,빨강,Phanteks,
,642,ATX,260,550,480,2,238000,[Phanteks] Enthoo Mini XL,아크릴,,,Phanteks,
,643,m-ATX,230,450,400,3,192000,[Phanteks] Enthoo EVOLV Gray,아크릴,회색,,Phanteks,
,644,m-ATX,230,450,400,2,204000,[Phanteks] Enthoo EVOLV 화이트,아크릴,흰색,,Phanteks,
,645,m-ATX,230,450,400,2,192000,[Phanteks] Enthoo EVOLV Black,아크릴,,,Phanteks,
,646,E-ATX,250,650,600,3,381220,[Phanteks] ENTHOO PRIMO 화이트,아크릴,흰색,흰색,Phanteks,
,647,E-ATX,235,535,550,5,158000,[Phanteks] ENTHOO Pro 화이트,아크릴,흰색,흰색,Phanteks,
,648,E-ATX,235,535,550,6,148000,[Phanteks] ENTHOO Pro Black,아크릴,,,Phanteks,
,649,E-ATX,235,560,550,3,232000,[Phanteks] ENTHOO Luxe 화이트,아크릴,흰색,흰색,Phanteks,
,650,E-ATX,235,560,550,6,218800,[Phanteks] ENTHOO Luxe Black,아크릴,,,Phanteks,
,0,크기,폭mm,높이mm,깊이mm,쿨러,가격,제품,측면,외부 색깔,내부 색깔,제조사,
