173,1,3432,55000,53,0,LGA 1150,[Intel] 셀러론 G1840 (하스웰 리프레시) (벌크 + 쿨러),Celeron,Intel,2개,2개,2.8 Ghz,지원 안함 ,2MB,HD (Haswell),1050,1333,
,2,3482,76000,53,0,LGA 1150,[Intel] 셀러론 G1850 (하스웰 리프레시) (벌크 + 쿨러),Celeron,Intel,2개,2개,2.9 Ghz,지원 안함 ,2MB,HD (Haswell),1050,1333,
,3,3811,41500,51,0,LGA 1151,[Intel] 셀러론 G3900 (스카이레이크),Celeron,Intel,2개,2개,2.8 Ghz,지원 안함 ,2MB,HD 510,950,2133,
,4,3736,47150,51,0,LGA 1151,[Intel] 셀러론 G3920 (스카이레이크),Celeron,Intel,2개,2개,2.9 GHz,지원 안함 ,2MB,HD 510,950,2133,
,5,3644,37900,51,0,LGA 1151,[Intel] 셀러론 G3930 (카비레이크),Celeron,Intel,2개,2개,2.9 Ghz,지원 안함 ,2MB,HD 610,1050,2400,
,6,4001,70960,51,0,LGA 1151,[Intel] 셀러론 G3950 (카비레이크),Celeron,Intel,2개,2개,3 GHz,지원 안함 ,2MB,HD 610,1050,2400,
,7,3788,44900,54,0,LGA 1151v2,[Intel] 셀러론 G4900 (커피레이크),Celeron,Intel,2개,2개,3.1 GHz,지원 안함 ,2MB,UHD 610,1050,2400,
,8,4225,55100,54,0,LGA 1151v2,[Intel] 셀러론 G4920 (커피레이크),Celeron,Intel,2개,2개,3.2 GHz,지원 안함 ,2MB,UHD 610,1050,2400,
,9,3806,76000,53,0,LGA 1150,[Intel] 펜티엄 G3240 (하스웰 리프레시) (벌크),Pentium,Intel,2개,2개,3.1 GHz,지원 안함 ,3MB,HD (Haswell),1100,1333,
,10,3908,78660,53,0,LGA 1150,[Intel] 펜티엄 G3250 (하스웰 리프레시),Pentium,Intel,2개,2개,3.2 GHz,지원 안함 ,3MB,HD (Haswell),1100,1333,
,11,4670,93000,53,0,LGA 1150,[Intel] 펜티엄 G3258 (하스웰) (벌크 + 쿨러),Pentium,Intel,2개,2개,3.2 GHz,지원 안함 ,3MB,HD (Haswell),1100,1333,
,12,4056,76400,53,0,LGA 1150,[Intel] 펜티엄 G3260 (하스웰 리프레시),Pentium,Intel,2개,2개,3.3 Ghz,지원 안함 ,3MB,HD (Haswell),1100,1333,
,13,4444,158230,53,0,LGA 1150,[Intel] 펜티엄 G3450 (하스웰 리프레시),Pentium,Intel,2개,2개,3.4 GHz,지원 안함 ,3MB,HD (Haswell),1100,1600,
,14,4312,200420,53,0,LGA 1150,[Intel] 펜티엄 G3460 (하스웰 리프레시) (벌크),Pentium,Intel,2개,2개,3.5 GHz,지원 안함 ,3MB,HD (Haswell),1100,1600,
,15,4447,106850,53,0,LGA 1150,[Intel] 펜티엄 G3470 (하스웰 리프레시) (벌크),Pentium,Intel,2개,2개,3.6 GHz,지원 안함 ,3MB,HD (Haswell),1100,1600,
,16,4277,55700,54,0,LGA 1151,[Intel] 펜티엄 G4400 (스카이레이크),Pentium,Intel,2개,2개,3.3 Ghz,지원 안함 ,3MB,HD 510,1000,2133,
,17,4549,89840,51,0,LGA 1151,[Intel] 펜티엄 G4500 (스카이레이크),Pentium,Intel,2개,2개,3.5 GHz,지원 안함 ,3MB,HD 530,1050,2133,
,18,5027,121160,51,0,LGA 1151,[Intel] 펜티엄 G4520 (스카이레이크) (벌크 + 쿨러),Pentium,Intel,2개,2개,3.6 GHz,지원 안함 ,3MB,HD 530,1050,2133,
,19,5873,72000,54,0,LGA 1151,[Intel] 펜티엄 G4560 (카비레이크),Pentium,Intel,2개,4개,3.5 GHz,지원 안함 ,3MB,HD 610,1050,2400,
,20,6118,70400,51,0,LGA 1151,[Intel] 펜티엄 G4600 (카비레이크),Pentium,Intel,2개,4개,3.6 Ghz,지원 안함 ,3MB,HD 630,1100,2400,
,21,6024,129360,51,0,LGA 1151,[Intel] 펜티엄 G4620 (카비레이크),Pentium,Intel,2개,4개,3.7 Ghz,지원 안함 ,3MB,HD 630,1100,2400,
,22,6300,69200,54,0,LGA 1151v2,[Intel] 펜티엄 골드 G5400 (커피레이크),Pentium Gold,Intel,2개,4개,3.7 Ghz,지원 안함 ,4MB,UHD 610,1050,2400,
,23,6350,86900,54,0,LGA 1151v2,[Intel] 펜티엄 골드 G5500 (커피레이크),Pentium Gold,Intel,2개,4개,3.8 Ghz,지원 안함 ,4MB,UHD 630 (i3),1100,2400,
,24,6924,98800,54,0,LGA 1151v2,[Intel] 펜티엄 골드 G5600 (커피레이크),Pentium Gold,Intel,2개,4개,3.9 Ghz,지원 안함 ,4MB,UHD 630 (i3),1100,2400,
,25,5755,120000,54,0,LGA 1150,[Intel] i3-4130 (하스웰) (벌크 + 쿨러),Core i3,Intel,2개,4개,3.4 Ghz,지원 안함 ,3MB,HD 4400,1150,1600,
,26,5849,123130,54,0,LGA 1150,[Intel] i3-4150 (하스웰 리프레시) (벌크),Core i3,Intel,2개,4개,3.5 Ghz,지원 안함 ,3MB,HD 4400,1150,1600,
,27,6065,120000,54,0,LGA 1150,[Intel] i3-4160 (하스웰 리프레시) (벌크 + 쿨러),Core i3,Intel,2개,4개,3.6 Ghz,지원 안함 ,3MB,HD 4400,1150,1600,
,28,6227,112560,54,0,LGA 1150,[Intel] i3-4170 (하스웰 리프레시) (벌크 + 쿨러),Core i3,Intel,2개,4개,3.7 Ghz,지원 안함 ,3MB,HD 4400,1150,1600,
,29,6110,154000,54,0,LGA 1150,[Intel] i3-4330 (하스웰) (벌크),Core i3,Intel,2개,4개,3.5 Ghz,지원 안함 ,4MB,HD 4600,1150,1600,
,30,5563,200000,54,0,LGA 1150,[Intel] i3-4360 (하스웰 리프레시) (벌크),Core i3,Intel,2개,4개,3.7 Ghz,지원 안함 ,4MB,HD 4600,1150,1600,
,31,6720,207680,54,0,LGA 1150,[Intel] i3-4370 (하스웰 리프레시) (벌크),Core i3,Intel,2개,4개,3.8 Ghz,지원 안함 ,4MB,HD 4600,1150,1600,
,32,6588,124900,51,0,LGA 1151,[Intel] i3-6100 (스카이레이크),Core i3,Intel,2개,4개,3.7 Ghz,지원 안함 ,3MB,HD 530,1050,2133,
,33,7020,191910,51,0,LGA 1151,[Intel] i3-6300 (스카이레이크),Core i3,Intel,2개,4개,3.8 Ghz,지원 안함 ,4MB,HD 530,1150,2133,
,34,7256,187010,51,0,LGA 1151,[Intel] i3-6320 (스카이레이크),Core i3,Intel,2개,4개,3.9 Ghz,지원 안함 ,4MB,HD 530,1150,2133,
,35,6942,115200,51,0,LGA 1151,[Intel] i3-7100 (카비레이크),Core i3,Intel,2개,4개,3.9 Ghz,지원 안함 ,3MB,HD 630,1100,2400,
,36,7726,162000,51,0,LGA 1151,[Intel] i3-7300 (카비레이크),Core i3,Intel,2개,4개,4 Ghz,지원 안함 ,4MB,HD 630,1150,2400,
,37,7849,165400,51,0,LGA 1151,[Intel] i3-7320 (카비레이크),Core i3,Intel,2개,4개,4.1 Ghz,지원 안함 ,4MB,HD 630,1150,2400,
,38,7945,155700,60,1,LGA 1151,[Intel] i3-7350K (카비레이크),Core i3,Intel,2개,4개,4.2 Ghz,지원 안함 ,4MB,HD 630,1150,2400,
,39,9714,125000,65,0,LGA 1151v2,[Intel] i3-8100 (커피레이크),Core i3,Intel,4개,4개,3.6 Ghz,지원 안함 ,6MB,UHD 630 (i3),1100,2400,
,40,10518,156600,65,0,LGA 1151v2,[Intel] i3-8300 (커피레이크),Core i3,Intel,4개,4개,3.7 Ghz,지원 안함 ,8MB,UHD 630 (i3),1150,2400,
,41,11119,193300,95,1,LGA 1151v2,[Intel] i3-8350K (커피레이크),Core i3,Intel,4개,4개,4 Ghz,지원 안함 ,8MB,UHD 630 (i3),1150,2400,
,42,7789,189190,84,0,LGA 1150,[Intel] i5-4440 (하스웰) (벌크),Core i5,Intel,4개,4개,3.1 Ghz,3.3 Ghz,6MB,HD 4600,1100,1600,
,43,8048,177780,84,0,LGA 1150,[Intel] i5-4460 (하스웰 리프레시) (벌크 +쿨러),Core i5,Intel,4개,4개,3.2 Ghz,3.4 Ghz,6MB,HD 4600,1100,1600,
,44,8543,160310,84,0,LGA 1150,[Intel] i5-4570 (하스웰) (벌크),Core i5,Intel,4개,4개,3.2 Ghz,3.6 Ghz,6MB,HD 4600,1150,1600,
,45,8754,188500,84,0,LGA 1150,[Intel] i5-4590 (하스웰 리프레시) (벌크 +쿨러),Core i5,Intel,4개,4개,3.3 Ghz,3.7 Ghz,6MB,HD 4600,1150,1600,
,46,8921,174440,84,0,LGA 1150,[Intel] i5-4670 (하스웰) (벌크 + 쿨러),Core i5,Intel,4개,4개,3.4 Ghz,3.8 Ghz,6MB,HD 4600,1200,1600,
,47,9158,291200,84,1,LGA 1150,[Intel] i5-4670K (하스웰) (벌크 + 쿨러),Core i5,Intel,4개,4개,3.4 Ghz,3.8 Ghz,6MB,HD 4600,1200,1600,
,48,9185,170350,84,0,LGA 1150,[Intel] i5-4690 (하스웰 리프레시) (벌크 + 쿨러),Core i5,Intel,4개,4개,3.5 GHz,3.9 GHz,6MB,HD 4600,1200,1600,
,49,9355,329880,88,1,LGA 1150,[Intel] i5-4690K (데빌스캐년) (벌크),Core i5,Intel,4개,4개,3.5 Ghz,3.9 Ghz,6MB,HD 4600,1200,1600,
,50,8113,201900,65,0,LGA 1151,[Intel] i5-6400 (스카이레이크),Core i5,Intel,4개,4개,2.7 Ghz,3.3 Ghz,6MB,HD 530,950,2133,
,51,8687,223900,65,0,LGA 1151,[Intel] i5-6500 (스카이레이크),Core i5,Intel,4개,4개,3.2 Ghz,3.6 Ghz,6MB,HD 530,1050,2133,
,52,9310,243200,65,0,LGA 1151,[Intel] i5-6600 (스카이레이크),Core i5,Intel,4개,4개,3.3 Ghz,3.9 Ghz,6MB,HD 530,1150,2133,
,53,9661,262500,91,1,LGA 1151,[Intel] i5-6600K (스카이레이크),Core i5,Intel,4개,4개,3.5 GHz,3.9 GHz,6MB,HD 530,1150,2133,
,54,8828,194800,65,0,LGA 1151,[Intel] i5-7400 (카비레이크),Core i5,Intel,4개,4개,3 Ghz,3.5 Ghz,6MB,HD 630,1000,2400,
,55,9646,206200,65,0,LGA 1151,[Intel] i5-7500 (카비레이크),Core i5,Intel,4개,4개,3.4 Ghz,3.8 Ghz,6MB,HD 630,1100,2400,
,56,10520,233700,65,0,LGA 1151,[Intel] i5-7600 (카비레이크),Core i5,Intel,4개,4개,3.5 Ghz,4.1 Ghz,6MB,HD 630,1150,2400,
,57,10960,288400,91,1,LGA 1151,[Intel] i5-7600K (카비레이크),Core i5,Intel,4개,4개,3.8 Ghz,4.2 Ghz,6MB,HD 630,1150,2400,
,58,11506,184100,112,1,LGA 2066,[Intel] i5-7640X (카비레이크-X),Core i5,Intel,4개,4개,4 Ghz,4.2 Ghz,6MB,N/A,0,2400,
,59,14040,219900,65,0,LGA 1151v2,[Intel] i5-8400 (커피레이크),Core i5,Intel,6개,6개,2.8 Ghz,4 Ghz,9MB,UHD 630,1050,2666,
,60,14040,206000,65,0,LGA 1151v2,[Intel] i5-8400 (커피레이크)(벌크),Core i5,Intel,6개,6개,2.8 Ghz,4 Ghz,9MB,UHD 630,1050,2666,
,61,14040,210000,65,0,LGA 1151v2,[Intel] i5-8400 (커피레이크)(벌크+쿨러),Core i5,Intel,6개,6개,2.8 Ghz,4 Ghz,9MB,UHD 630,1050,2666,
,62,14470,235000,65,0,LGA 1151v2,[Intel] i5-8500 (커피레이크),Core i5,Intel,6개,6개,3 Ghz,4.1 Ghz,9MB,UHD 630,1100,2666,
,63,14470,224000,65,0,LGA 1151v2,[Intel] i5-8500 (커피레이크)(벌크),Core i5,Intel,6개,6개,3 Ghz,4.1 Ghz,9MB,UHD 630,1100,2666,
,64,14470,227900,65,0,LGA 1151v2,[Intel] i5-8500 (커피레이크)(벌크+쿨러),Core i5,Intel,6개,6개,3 Ghz,4.1 Ghz,9MB,UHD 630,1100,2666,
,65,15016,240000,65,0,LGA 1151v2,[Intel] i5-8600 (커피레이크),Core i5,Intel,6개,6개,3.1 Ghz,4.3 Ghz,9MB,UHD 630,1150,2666,
,66,15016,240000,65,0,LGA 1151v2,[Intel] i5-8600 (커피레이크)(벌크),Core i5,Intel,6개,6개,3.1 Ghz,4.3 Ghz,9MB,UHD 630,1150,2666,
,67,15016,239000,65,0,LGA 1151v2,[Intel] i5-8600 (커피레이크)(벌크+쿨러),Core i5,Intel,6개,6개,3.1 Ghz,4.3 Ghz,9MB,UHD 630,1150,2666,
,68,15365,277000,95,1,LGA 1151v2,[Intel] i5-8600K (커피레이크),Core i5,Intel,6개,6개,3.6 Ghz,4.3 Ghz,9MB,UHD 630,1150,2666,
,69,15365,261300,95,1,LGA 1151v2,[Intel] i5-8600K (커피레이크)(벌크),Core i5,Intel,6개,6개,3.6 Ghz,4.3 Ghz,9MB,UHD 630,1150,2666,
,70,15365,264700,95,1,LGA 1151v2,[Intel] i5-8600K (커피레이크)(벌크+쿨러),Core i5,Intel,6개,6개,3.6 Ghz,4.3 Ghz,9MB,UHD 630,1150,2666,
,71,11744,340000,84,0,LGA 1150,[Intel] i7-4770 (하스웰) (벌크 + 쿨러),Core i7,Intel,4개,8개,3.4 Ghz,3.9 Ghz,8MB,HD 4600,1200,1600,
,72,12119,369740,84,0,LGA 1150,[Intel] i7-4770K (하스웰) (벌크),Core i7,Intel,4개,8개,3.5 Ghz,3.9 Ghz,8MB,HD 4600,1250,1600,
,73,11990,403140,84,0,LGA 1150,[Intel] i7-4790 (하스웰 리프레시),Core i7,Intel,4개,8개,3.6 Ghz,4 Ghz,8MB,HD 4600,1200,1600,
,74,11990,319400,84,0,LGA 1150,[Intel] i7-4790 (하스웰 리프레시) (벌크 + 쿨러),Core i7,Intel,4개,8개,3.6 Ghz,4 Ghz,8MB,HD 4600,1200,1600,
,75,13420,514220,88,1,LGA 1150,[Intel] i7-4790K (데빌스캐년) (벌크),Core i7,Intel,4개,8개,4 Ghz,4.4 Ghz,8MB,HD 4600,1250,1600,
,76,15593,460000,140,1,LGA 2011-v3,[Intel] i7-5820K (하스웰-E),Core i7,Intel,6개,12개,3.3 GHz,3.6 GHz,15MB,N/A,0,2133,
,77,16369,460000,140,1,LGA 2011-v3,[Intel] i7-5930K (하스웰-E),Core i7,Intel,6개,12개,3.5 GHz,3.7 GHz,15MB,N/A,0,2133,
,78,19141,1250000,140,1,LGA 2011-v3,[Intel] i7-5960X (하스웰-E),Core i7,Intel,8개,16개,3 GHz,3.5 GHz,20MB,N/A,0,2133,
,79,16308,502000,140,1,LGA 2011-v3,[Intel] i7-6800K (브로드웰-E),Core i7,Intel,6개,12개,3.4 Ghz,3.8 Ghz,15MB,N/A,0,2400,
,80,17245,640240,140,1,LGA 2011-v3,[Intel] i7-6850K (브로드웰-E),Core i7,Intel,6개,12개,3.6 Ghz,3.8 Ghz,15MB,N/A,0,2400,
,81,21252,1255480,140,1,LGA 2011-v3,[Intel] i7-6900K (브로드웰-E),Core i7,Intel,8개,16개,3.2 GHz,3.7 GHz,20MB,N/A,0,2400,
,82,23971,2168060,140,1,LGA 2011-v3,[Intel] i7-6950X (브로드웰-E),Core i7,Intel,10개,20개,3 Ghz,3.5 Ghz,25MB,N/A,0,2400,
,83,27971,249700,65,0,LGA 1151,[Intel] i7-6700 (스카이레이크),Core i7,Intel,4개,8개,3.4 Ghz,4 Ghz,8MB,HD 530,1150,2133,
,84,28971,239750,91,1,LGA 1151,[Intel] i7-6700K (스카이레이크),Core i7,Intel,4개,8개,4 Ghz,4.2 Ghz,8MB,HD 530,1150,2133,
,85,22960,215800,65,0,LGA 1151,[Intel] i7-7700 (카비레이크),Core i7,Intel,4개,8개,3.6 Ghz,4.2 Ghz,8MB,HD 630,1150,2400,
,86,24433,237400,91,1,LGA 1151,[Intel] i7-7700K (카비레이크),Core i7,Intel,4개,8개,4.2 Ghz,4.5 Ghz,8MB,HD 630,1150,2400,
,87,29685,267800,112,1,LGA 2066,[Intel] i7-7740X (카비레이크-X),Core i7,Intel,4개,8개,4.3 Ghz,4.5 Ghz,8MB,N/A,0,2400,
,88,30258,447000,140,1,LGA 2066,[Intel] i7-7800X (스카이레이크-X),Core i7,Intel,6개,12개,3.5 Ghz,4 Ghz,8.25MB,N/A,0,2400,
,89,30259,517000,140,1,LGA 2066,[Intel] i7-7820X (스카이레이크-X),Core i7,Intel,8개,16개,3.6 Ghz,4.5 Ghz,11MB,N/A,0,2666,
,90,26377,1134000,140,1,LGA 2066,[Intel] i9-7900X (스카이레이크-X),Core i9,Intel,10개,20개,3.3 Ghz,4.3 Ghz,13.75MB,N/A,0,2666,
,91,27914,1253520,140,1,LGA 2066,[Intel] i9-7920X (스카이레이크-X),Core i9,Intel,12개,24개,2.9 GHz,4.3 GHz,16.5MB,N/A,0,2666,
,92,30497,1468000,165,1,LGA 2066,[Intel] i9-7940X (스카이레이크-X),Core i9,Intel,14개,28개,3.1 GHz,4.3 GHz,19.25MB,N/A,0,2666,
,93,30952,1777000,165,1,LGA 2066,[Intel] i9-7960X (스카이레이크-X),Core i9,Intel,16개,32개,2.8 GHz,4.2 GHz,22MB,N/A,0,2666,
,94,33329,2180130,165,1,LGA 2066,[Intel] i9-7980XE (스카이레이크-X),Core i9,Intel,18개,36개,2.6 GHz,4.2 GHz,24.75MB,N/A,0,2666,
,95,18178,379900,65,0,LGA 1151v2,[Intel] i7-8700 (커피레이크),Core i7,Intel,6개,12개,3.2 Ghz,4.6 Ghz,12MB,UHD 630,1200,2666,
,96,18178,360000,65,0,LGA 1151v2,[Intel] i7-8700 (커피레이크)(벌크),Core i7,Intel,6개,12개,3.2 Ghz,4.6 Ghz,12MB,UHD 630,1200,2666,
,97,18178,365000,65,0,LGA 1151v2,[Intel] i7-8700 (커피레이크)(벌크+쿨러),Core i7,Intel,6개,12개,3.2 Ghz,4.6 Ghz,12MB,UHD 630,1200,2666,
,98,19162,395000,95,1,LGA 1151v2,[Intel] i7-8700K (커피레이크),Core i7,Intel,6개,12개,3.7 Ghz,4.7 Ghz,12MB,UHD 630,1200,2666,
,99,19162,385000,95,1,LGA 1151v2,[Intel] i7-8700K (커피레이크)(벌크),Core i7,Intel,6개,12개,3.7 Ghz,4.7 Ghz,12MB,UHD 630,1200,2666,
,100,19162,393000,95,1,LGA 1151v2,[Intel] i7-8700K (커피레이크)(벌크+쿨러),Core i7,Intel,6개,12개,3.7 Ghz,4.7 Ghz,12MB,UHD 630,1200,2666,
,101,20228,489500,95,1,LGA 1151v2,[Intel] i7-8086K (커피레이크),Core i7,Intel,6개,12개,4 Ghz,5 Ghz,12MB,UHD 630,1200,2666,
,102,2532,511350,80,0,LGA 1150,[Intel] E3-1220 v3 (하스웰),Xeon,Intel,4개,4개,3.1 GHz,3.5 GHz,8MB,N/A,0,1600,
,103,8648,511350,84,0,LGA 1150,[Intel] E3-1225 v3 (하스웰),Xeon,Intel,4개,4개,3.2 GHz,3.6 GHz,8MB,HD P4600,1200,1600,
,104,9065,289670,84,0,LGA 1150,[Intel] E3-1226 v3 (하스웰 리프레시),Xeon,Intel,4개,4개,3.3 Ghz,3.7 Ghz,8MB,HD P4600,1200,1600,
,105,11190,511350,80,0,LGA 1150,[Intel] E3-1230 v3 (하스웰),Xeon,Intel,4개,8개,3.3 GHz,3.7 GHz,8MB,N/A,0,1600,
,106,11555,291000,80,0,LGA 1150,[Intel] E3-1231 v3 (하스웰 리프레시),Xeon,Intel,4개,8개,3.4 Ghz,3.8 Ghz,8MB,N/A,0,1600,
,107,11623,511350,80,0,LGA 1150,[Intel] E3-1240 v3 (하스웰),Xeon,Intel,4개,8개,3.4 GHz,3.8 GHz,8MB,N/A,0,1600,
,108,12026,367690,80,0,LGA 1150,[Intel] E3-1241 v3 (하스웰 리프레시),Xeon,Intel,4개,8개,3.5 Ghz,3.9 Ghz,8MB,N/A,0,1600,
,109,11486,1022710,84,0,LGA 1150,[Intel] E3-1245 v3 (하스웰),Xeon,Intel,4개,8개,3.4 GHz,3.8 GHz,8MB,HD P4600,1200,1600,
,110,11870,370190,84,0,LGA 1150,[Intel] E3-1246 v3 (하스웰 리프레시),Xeon,Intel,4개,8개,3.5 Ghz,3.9 Ghz,8MB,HD P4600,1200,1600,
,111,11863,487930,80,0,LGA 1150,[Intel] E3-1270 v3 (하스웰),Xeon,Intel,4개,8개,3.5 GHz,3.9 GHz,8MB,N/A,0,1600,
,112,12085,437790,80,0,LGA 1150,[Intel] E3-1271 v3 (하스웰 리프레시),Xeon,Intel,4개,8개,3.6 Ghz,4 Ghz,8MB,N/A,0,1600,
,113,11861,1022710,84,0,LGA 1150,[Intel] E3-1275 v3 (하스웰),Xeon,Intel,4개,8개,3.5 GHz,3.9 GHz,8MB,HD P4600,1250,1600,
,114,12251,1022710,82,0,LGA 1150,[Intel] E3-1276 v3 (하스웰 리프레시),Xeon,Intel,4개,8개,3.6 Ghz,4 Ghz,8MB,HD P4600,1250,1600,
,115,9666,253000,80,0,LGA 1151,[Intel] E3-1220 v5 (스카이레이크),Xeon,Intel,4개,4개,3 GHz,3.5 GHz,8MB,N/A,0,2133,
,116,9365,269720,80,0,LGA 1151,[Intel] E3-1225 v5 (스카이레이크),Xeon,Intel,4개,4개,3.3 GHz,3.7 GHz,8MB,HD P530,1150,2133,
,117,11714,311620,80,0,LGA 1151,[Intel] E3-1230 v5 (스카이레이크),Xeon,Intel,4개,8개,3.4 GHz,3.8 GHz,8MB,N/A,0,2133,
,118,11623,343550,80,0,LGA 1151,[Intel] E3-1240 v5 (스카이레이크),Xeon,Intel,4개,8개,3.5 GHz,3.9 GHz,8MB,N/A,0,2133,
,119,9623,365130,80,0,LGA 1151,[Intel] E3-1245 v5 (스카이레이크),Xeon,Intel,4개,8개,3.5 GHz,3.9 GHz,8MB,HD P530,1150,2133,
,120,13338,419200,80,0,LGA 1151,[Intel] E3-1270 v5 (스카이레이크),Xeon,Intel,4개,8개,3.6 GHz,4 GHz,8MB,N/A,0,2133,
,121,12456,418840,80,0,LGA 1151,[Intel] E3-1275 v5 (스카이레이크),Xeon,Intel,4개,8개,3.6 GHz,4 GHz,8MB,HD P530,1150,2133,
,122,9666,254390,72,0,LGA 1151,[Intel] E3-1220 v6 (카비레이크),Xeon,Intel,4개,4개,3 GHz,3.5 GHz,8MB,N/A,0,2400,
,123,9365,279000,73,0,LGA 1151,[Intel] E3-1225 v6 (카비레이크),Xeon,Intel,4개,4개,3.3 GHz,3.7 GHz,8MB,HD P630,1150,2400,
,124,11936,323280,72,0,LGA 1151,[Intel] E3-1230 v6 (카비레이크),Xeon,Intel,4개,8개,3.5 GHz,3.9 GHz,8MB,N/A,0,2400,
,125,12178,333800,72,0,LGA 1151,[Intel] E3-1240 v6 (카비레이크),Xeon,Intel,4개,8개,3.7 GHz,4.1 GHz,8MB,N/A,0,2400,
,126,11486,367140,73,0,LGA 1151,[Intel] E3-1245 v6 (카비레이크),Xeon,Intel,4개,8개,3.7 GHz,4.1 GHz,8MB,HD P630,1150,2400,
,127,13338,422030,72,0,LGA 1151,[Intel] E3-1270 v6 (카비레이크),Xeon,Intel,4개,8개,3.8 GHz,4.2 GHz,8MB,N/A,0,2400,
,128,12456,430000,73,0,LGA 1151,[Intel] E3-1275 v6 (카비레이크),Xeon,Intel,4개,8개,3.8 GHz,4.2 GHz,8MB,HD P630,1150,2400,
,129,13644,796530,72,0,LGA 1151,[Intel] E3-1280 v6 (카비레이크),Xeon,Intel,4개,8개,3.9 GHz,4.2 GHz,8MB,N/A,0,2400,
,130,9269,127900,65,1,PGA AM4,[AMD] R5 2400G (레이븐 릿지),Ryzen 5,AMD,4개,8개,3.6 GHz,3.9 GHz,4MB,RX Vega 11,1250,2933,
,131,7406,72500,65,1,PGA AM4,[AMD] R3 2200G (레이븐 릿지),Ryzen 3,AMD,4개,4개,3.5 GHz,3.7 GHz,4MB,Vega 8,1100,2933,
,132,5516,101690,65,0,PGA AM4,[AMD] A12 9800 (브리스톨 릿지) (멀티팩),APU,AMD,4개,4개,3.8 GHz,4.2 GHz,0MB,R7 (Bristol Ridge 8CUs),1108,2400,
,133,5444,80300,65,0,PGA AM4,[AMD] A10 9700 (브리스톨 릿지) (멀티팩),APU,AMD,4개,4개,3.5 GHz,3.8 GHz,0MB,R7 (Bristol Ridge 6CUs),1029,2400,
,134,5011,75450,65,0,PGA AM4,[AMD] A8 9600 (브리스톨 릿지) (멀티팩),APU,AMD,4개,4개,3.1 GHz,3.4 GHz,0MB,R7 (Bristol Ridge 6CUs),900,2400,
,135,5422,80500,65,0,PGA FM2+,[AMD] 애슬론 X4 845 (카리조),Athlon,AMD,4개,4개,3.5 GHz,3.8 GHz,0MB,N/A,0,2133,
,136,5747,218450,95,1,PGA FM2+,[AMD] A10 7890K (고다바리),APU,AMD,4개,4개,4.1 GHz,4.3 GHz,0MB,R7 (Kaveri 8CUs),866,2133,
,137,5473,138100,95,1,PGA FM2+,[AMD] A10 7870K (고다바리),APU,AMD,4개,4개,3.9 Ghz,4.1 Ghz,0MB,R7 (Kaveri 8CUs),866,2133,
,138,5094,180810,65,1,PGA FM2+,[AMD] A10 7860K (고다바리),APU,AMD,4개,4개,3.6 GHz,4 GHz,0MB,R7 (Kaveri 8CUs),757,2133,
,139,5105,107600,95,1,PGA FM2+,[AMD] A8 7670K (고다바리),APU,AMD,4개,4개,3.5 Ghz,3.9 Ghz,0MB,R7 (Kaveri 6CUs),757,2133,
,140,2783,90020,65,1,PGA FM2+,[AMD] A6 7400K (고다바리),APU,AMD,2개,2개,3.5 Ghz,3.9 Ghz,0MB,R5 (Kaveri),756,1866,
,141,5475,214940,95,1,PGA FM2+,[AMD] A10 7850K (카베리),APU,AMD,4개,4개,3.7 GHz,4 GHz,0MB,R7 (Kaveri 8CUs),720,2133,
,142,4998,173280,65,0,PGA FM2+,[AMD] A10 7800 (카베리),APU,AMD,4개,4개,3.5 GHz,3.9 GHz,0MB,R7 (Kaveri 8CUs),720,2133,
,143,5130,178170,95,0,PGA FM2+,[AMD] A10 7700K (카베리),APU,AMD,4개,4개,3.6 GHz,3.9 GHz,0MB,R7 (Kaveri 6CUs),720,2133,
,144,4053,74300,65,0,PGA FM2+,[AMD] A8 7600 (카베리),APU,AMD,4개,4개,3.1 Ghz,3.8 Ghz,0MB,R7 (Kaveri 6CUs),720,2133,
,145,4934,108880,95,0,PGA FM2+,[AMD] A8 7650K (카베리),APU,AMD,4개,4개,3.4 Ghz,3.8 Ghz,0MB,R7 (Kaveri 6CUs),720,2133,
,146,5094,76400,95,0,PGA FM2+,[AMD] 애슬론 X4 860K (카베리),Athlon,AMD,4개,4개,3.7 GHz,4 GHz,0MB,N/A,0,1866,
,147,4682,125700,95,0,PGA AM3+,[AMD] FX 4300 (비쉐라) (멀티팩),FX,AMD,4개,4개,3.8 GHz,4 GHz,4MB,N/A,0,1866,
,148,5850,137530,95,0,PGA AM3+,[AMD] FX 6300 (비쉐라) (멀티팩),FX,AMD,6개,6개,3.5 GHz,4.1 GHz,8MB,N/A,0,1866,
,149,5850,139070,95,0,PGA AM3+,[AMD] FX 6300 (비쉐라),FX,AMD,6개,6개,3.5 GHz,4.1 GHz,8MB,N/A,0,1866,
,150,7731,85700,95,0,PGA AM3+,[AMD] FX 8300 (비쉐라) (멀티팩),FX,AMD,8개,8개,3.3 Ghz,4.2 Ghz,8MB,N/A,0,1866,
,151,7731,155300,95,0,PGA AM3+,[AMD] FX 8300 (비쉐라),FX,AMD,8개,8개,3.3 GHz,4.2 GHz,8MB,N/A,0,1866,
,152,8018,193230,125,0,PGA AM3+,[AMD] FX 8320 (비쉐라),FX,AMD,8개,8개,3.5 GHz,4 GHz,8MB,N/A,0,1866,
,153,7539,177900,95,0,PGA AM3+,[AMD] FX 8320E (비쉐라),FX,AMD,8개,8개,3.2 GHz,4 GHz,8MB,N/A,0,1866,
,154,8948,221400,125,0,PGA AM3+,[AMD] FX 8350 (비쉐라) (멀티팩),FX,AMD,8개,8개,4 GHz,4.2 GHz,8MB,N/A,0,1866,
,155,8948,327900,125,0,PGA AM3+,[AMD] FX 8350 (비쉐라),FX,AMD,8개,8개,4 GHz,4.2 GHz,8MB,N/A,0,1866,
,156,22191,985700,180,1,LGA TR4,[AMD] TR 1950X (서밋 릿지),ThreadRipper,AMD,16개,32개,3.4 Ghz,4 Ghz,32MB,N/A,0,2666,
,157,18308,838500,180,1,LGA TR4,[AMD] TR 1920X (서밋 릿지),ThreadRipper,AMD,12개,24개,3.5 Ghz,4 Ghz,32MB,N/A,0,2666,
,158,15807,435150,180,1,LGA TR4,[AMD] TR 1900X (서밋 릿지),ThreadRipper,AMD,8개,16개,3.8 Ghz,4 Ghz,16MB,N/A,0,2666,
,159,15400,463900,95,1,PGA AM4,[AMD] R7 1800X (서밋 릿지) (멀티팩),Ryzen 7,AMD,8개,16개,3.6 Ghz,4 Ghz,16MB,N/A,0,2666,
,160,15400,448500,95,1,PGA AM4,[AMD] R7 1800X (서밋 릿지),Ryzen 7,AMD,8개,16개,3.6 Ghz,4 Ghz,16MB,N/A,0,2666,
,161,15349,353200,95,1,PGA AM4,[AMD] R7 1700X (서밋 릿지) (멀티팩),Ryzen 7,AMD,8개,16개,3.4 Ghz,3.8 Ghz,16MB,N/A,0,2666,
,162,15349,337000,95,1,PGA AM4,[AMD] R7 1700X (서밋 릿지),Ryzen 7,AMD,8개,16개,3.4 Ghz,3.8 Ghz,16MB,N/A,0,2666,
,163,14811,260900,65,1,PGA AM4,[AMD] R7 1700 (서밋 릿지),Ryzen 7,AMD,8개,16개,3 Ghz,3.7 Ghz,16MB,N/A,0,2666,
,164,12289,245300,95,1,PGA AM4,[AMD] R5 1600X (서밋 릿지) (멀티팩),Ryzen 5,AMD,6개,12개,3.6 Ghz,4 Ghz,16MB,N/A,0,2666,
,165,13227,205300,65,1,PGA AM4,[AMD] R5 1600 (서밋 릿지),Ryzen 5,AMD,6개,12개,3.2 Ghz,3.6 Ghz,16MB,N/A,0,2666,
,166,10063,187800,65,1,PGA AM4,[AMD] R5 1500X (서밋 릿지),Ryzen 5,AMD,4개,8개,3.5 Ghz,3.7 Ghz,16MB,N/A,0,2666,
,167,8396,176800,65,1,PGA AM4,[AMD] R5 1400 (서밋 릿지),Ryzen 5,AMD,4개,8개,3.2 Ghz,3.4 Ghz,8MB,N/A,0,2666,
,168,7495,98000,65,1,PGA AM4,[AMD] R3 1300X (서밋 릿지),Ryzen 3,AMD,4개,4개,3.5 Ghz,3.7 Ghz,8MB,N/A,0,2666,
,169,7096,98000,65,1,PGA AM4,[AMD] R3 1200 (서밋 릿지),Ryzen 3,AMD,4개,4개,3.1 Ghz,3.4 Ghz,8MB,N/A,0,2666,
,170,17272,316700,105,1,PGA AM4,[AMD] R7 2700X (피나클 릿지),Ryzen 7,AMD,8개,16개,3.7 Ghz,4.3 Ghz,16Mb,N/A,0,2933,
,171,16341,274600,65,1,PGA AM4,[AMD] R7 2700 (피나클 릿지),Ryzen 7,AMD,8개,16개,3.2 Ghz,4.1 Ghz,16Mb,N/A,0,2933,
,172,14645,209800,95,1,PGA AM4,[AMD] R5 2600X (피나클 릿지),Ryzen 5,AMD,6개,12개,3.6 Ghz,4.2 Ghz,16Mb,N/A,0,2933,
,173,14367,179600,65,1,PGA AM4,[AMD] R5 2600 (피나클 릿지),Ryzen 5,AMD,6개,12개,3.4 Ghz,3.9 Ghz,16Mb,N/A,0,2933,
,0,벤치점수,가격,TDP(W),오버클럭가능여부,소켓,CPU 품목,제품군,제조사,코어 수,쓰레드 수,동작속도,터보속도,L3캐시,내장 그래픽,GPU속도(Mhz),최대 지원메모리(Mhz),
,,,,,,,,,,,,,,,,,,
,,,,,,,,,,,,,,,,,,
