,,,제품,가격,제조사,종류,E-ATX,ATX,m-ATX,m-ITX,측면,폭,높이,깊이,VGA 장착길이,쿨러 최대높이,외부 색깔,내부 색깔
2,EXISTS,,추가하지 않음,,,,,,,,,,,,,,,
3,EXISTS,, ,,,,,,,,,,,,,,,
4,,,-- 3R System --,,,,,,,,,,,,,,,
5,,, ,,,,,,,,,,,,,,,
6,빅타워,,[3RSYS] T900 화이트,\158600,3RSYS,빅타워,O,O,O,O,강화유리,250mm,554mm,564mm,348mm,180mm,흰색,
7,미들타워,,[3RSYS] J410 RGB 블랙 강화유리,\52680,3RSYS,미들타워,,O,O,O,강화유리,197mm,456mm,432mm,350mm,153mm,,
8,미들타워,,[3RSYS] J610 화이트 강화유리,\51650,3RSYS,미들타워,,O,O,O,강화유리,206mm,455mm,442mm,365mm,162mm,흰색,
9,미들타워,,[3RSYS] J600 블랙 강화유리,\49590,3RSYS,미들타워,,O,O,O,강화유리,206mm,455mm,435mm,365mm,162mm,,
10,미들타워,,[3RSYS] L800 블랙 강화유리,\75410,3RSYS,미들타워,,O,O,O,강화유리,223mm,529mm,474mm,400mm,170mm,,
11,미들타워,,[3RSYS] J500 BLACK,\65000,3RSYS,미들타워,,O,O,O,,194mm,446mm,437mm,400mm,162mm,,
12,빅타워,,[3RSYS] T1000 화이트,\210000,3RSYS,빅타워,O,O,O,O,강화유리,250mm,554mm,564mm,348mm,180mm,흰색,
13,빅타워,,[3RSYS] T900,\146700,3RSYS,빅타워,O,O,O,O,강화유리,250mm,554mm,564mm,348mm,180mm,,
14,미들타워,,[3RSYS] L200 블랙 강화유리,\37500,3RSYS,미들타워,,O,O,O,강화유리,194mm,455mm,437mm,350mm,153mm,,
15,미들타워,,[3RSYS] J400 블랙 강화유리,\41800,3RSYS,미들타워,,O,O,O,강화유리,194mm,466mm,437mm,350mm,153mm,,
16,미니타워,,[3RSYS] R360 풀 아크릴 윈도우 화이트,\25800,3RSYS,미니타워,,,O,O,아크릴,181mm,403mm,386mm,307mm,135mm,흰색,흰색
17,미니타워,,[3RSYS] R360 풀 아크릴 윈도우 블랙,\23800,3RSYS,미니타워,,,O,O,아크릴,181mm,403mm,386mm,307mm,135mm,,
18,미니타워,,[3RSYS] R350,\18700,3RSYS,미니타워,,,O,O,,183mm,390mm,393mm,307mm,135mm,,
19,미들타워,,[3RSYS] L1100,\93200,3RSYS,미들타워,,O,O,O,,230mm,475mm,471mm,380mm,172mm,,
20,미들타워,,[3RSYS] J10,\28400,3RSYS,미들타워,,O,O,O,아크릴,193mm,423mm,384mm,330mm,147mm,,
21,빅타워,,[3RSYS] T1000,\199200,3RSYS,빅타워,O,O,O,O,강화유리,250mm,554mm,564mm,348mm,180mm,,
22,미들타워,,[3RSYS] AD 500,\360000,3RSYS,미들타워,,O,O,O,강화유리,460mm,400mm,460mm,427mm,175mm,,
23,미들타워,,[3RSYS] REMOTE PC,\23860,3RSYS,미들타워,,O,O,O,,177mm,414mm,325mm,300mm,147mm,,
24,미들타워,,[3RSYS] L530 화이트 강화유리,\67800,3RSYS,미들타워,,O,O,O,강화유리,200mm,500mm,475mm,410mm,162mm,흰색,흰색
25,미들타워,,[3RSYS] L530 강화유리,\62700,3RSYS,미들타워,,O,O,O,강화유리,200mm,500mm,475mm,410mm,162mm,,
26,미들타워,,[3RSYS] R3 USB3.0,\14560,3RSYS,미들타워,,O,O,O,,195mm,405mm,355mm,300mm,147mm,,
27,미들타워,,[3RSYS] L1000 화이트 강화유리,\95000,3RSYS,미들타워,,O,O,O,강화유리,240mm,455mm,475mm,380mm,172mm,흰색,흰색
28,미들타워,,[3RSYS] L520,\48200,3RSYS,미들타워,,O,O,O,아크릴,200mm,500mm,475mm,410mm,162mm,,
29,미니타워,,[3RSYS] V300,\23000,3RSYS,미니타워,,,O,,,90mm,293mm,355mm,210mm,,,
30,미니타워,,[3RSYS] L400,\56000,3RSYS,미니타워,,,O,O,아크릴,230mm,455mm,454mm,380mm,172mm,,
31,미들타워,,[3RSYS] L1000 강화유리,\89000,3RSYS,미들타워,,O,O,O,강화유리,240mm,455mm,475mm,380mm,172mm,,
32,미들타워,,[3RSYS] J210 해머 풀 강화아크릴 윈도우,\30200,3RSYS,미들타워,,O,O,O,아크릴,195mm,455mm,435mm,350mm,153mm,,
33,미들타워,,[3RSYS] L920 블랙 & 화이트 - 화이트 Chassis -,\-,3RSYS,미들타워,,O,O,O,아크릴,230mm,497mm,473mm,380mm,172mm,흰검,흰색
34,미들타워,,[3RSYS] J210 해머,\26900,3RSYS,미들타워,,O,O,O,아크릴,195mm,455mm,435mm,350mm,153mm,,
35,미들타워,,[3RSYS] R2,\12400,3RSYS,미들타워,,O,O,O,,195mm,405mm,355mm,300mm,147mm,,
36,미들타워,,[3RSYS] L910 화이트 풀 윈도우 튜닝LED바,\82300,3RSYS,미들타워,,O,O,O,아크릴,230mm,490mm,465mm,380mm,172mm,흰색,흰색
37,미들타워,,[3RSYS] L910 풀 윈도우 튜닝LED바,\79500,3RSYS,미들타워,,O,O,O,아크릴,230mm,490mm,465mm,380mm,172mm,,
38,미들타워,,[3RSYS] L300 미르 USB3.0 화이트,\45000,3RSYS,미들타워,,O,O,O,아크릴,193.5mm,481mm,435mm,350mm,153mm,검흰,
39,미들타워,,[3RSYS] L300 미르 USB3.0,\40100,3RSYS,미들타워,,O,O,O,아크릴,193.5mm,481mm,435mm,350mm,153mm,,
40,미들타워,,[3RSYS] L910 화이트 풀 아크릴 윈도우,\80000,3RSYS,미들타워,,O,O,O,아크릴,230mm,490mm,465mm,380mm,172mm,흰색,흰색
41,미들타워,,[3RSYS] L910 풀 아크릴 윈도우,\78900,3RSYS,미들타워,,O,O,O,아크릴,230mm,490mm,465mm,380mm,172mm,,
42,미니타워,,[3RSYS] R-BOX 300 USB3.0,\23500,3RSYS,미니타워,,,O,O,아크릴,205mm,419mm,372mm,300mm,157mm,,
43,미들타워,,[3RSYS] L900 USB3.0 화이트,\79900,3RSYS,미들타워,,O,O,O,,230mm,465mm,472mm,380mm,172mm,흰색,흰색
44,미들타워,,[3RSYS] L900 USB3.0,\70000,3RSYS,미들타워,,O,O,O,,230mm,465mm,472mm,380mm,172mm,,
45,빅타워,,[3RSYS] T200 발키리 NT PWM,\110700,3RSYS,빅타워,,O,O,O,아크릴,210mm,527mm,505mm,430mm,172mm,,
46,빅타워,,[3RSYS] L5000 윈도우,\129720,3RSYS,빅타워,,O,O,,아크릴,210mm,516mm,505mm,430mm,,,
47,미니타워,,[3RSYS] J300 USB3.0,\24600,3RSYS,미니타워,,,O,,,190mm,364mm,367mm,310mm,140mm,,
48,미들타워,,[3RSYS] L720 알파 이클립스 SE USB3.0,\74000,3RSYS,미들타워,,O,,,아크릴,200mm,500mm,475mm,380mm,160mm,,
49,미들타워,,[3RSYS] J200 USB3.0,\32600,3RSYS,미들타워,,O,,,아크릴,203mm,442mm,440mm,380mm,155mm,,
50,미니타워,,[3RSYS] TRUE250 USB3.0 Black,\-,3RSYS,미니타워,,,O,O,아크릴,185mm,375mm,330mm,270mm,157mm,,
51,미들타워,,[3RSYS] X210 마끼아또 SE USB3.0,\-,3RSYS,미들타워,,O,,,,260mm,420mm,355mm,290mm,125mm,,
52,미들타워,,[3RSYS] E-4 USB 3.0,\26000,3RSYS,미들타워,,O,O,,,200mm,418.5mm,413mm,350mm,152mm,,
53,미들타워,,[3RSYS] E-3 메탈릭 실버,\-,3RSYS,미들타워,,O,O,,,200mm,418.5mm,404mm,350mm,152mm,은색,
54,미들타워,,[3RSYS] E-2 USB 3.0,\19400,3RSYS,미들타워,,O,O,,,200mm,418.5mm,405mm,350mm,152mm,,
55,빅타워,,[3RSYS] L5000,\126700,3RSYS,빅타워,,O,O,,,210mm,516mm,505mm,430mm,,,
56,미니타워,,[3RSYS] R390 댄디,\25890,3RSYS,미니타워,,,O,,,180mm,373mm,404mm,330mm,,,
57,미들타워,,[3RSYS] L700 이클립스,\65850,3RSYS,미들타워,,O,O,,,195mm,470mm,492mm,410mm,,,
58,빅타워,,[3RSYS] T100 발키리,\92900,3RSYS,빅타워,,O,O,,아크릴,220mm,535mm,512mm,430mm,,,
59,미니타워,,[3RSYS] R370 메이플,\26790,3RSYS,미니타워,,,O,,,173mm,373mm,404mm,330mm,,검흰,
60,,, ,,,,,,,,,,,,,,,
61,,,-- ABKO / COX --,,,,,,,,,,,,,,,
62,,, ,,,,,,,,,,,,,,,
63,미들타워,,[COX] A3 쥬빌레 풀 아크릴 윈도우 with HALO X4 화이트,\51000,COX,미들타워,,O,O,O,아크릴,197mm,458mm,447mm,380mm,162mm,,
64,미들타워,,[COX] A3 쥬빌레 풀 아크릴 윈도우 with HALO X4 블랙,\51000,COX,미들타워,,O,O,O,아크릴,197mm,458mm,447mm,380mm,162mm,,
65,빅타워,,[COX] A9 가이아 RGB 컨트롤 3면 강화유리 HALO 140F,\123000,COX,빅타워,O,O,O,O,강화유리,249mm,512mm,504mm,420mm,180mm,,
66,빅타워,,[ABKO] SUITMASTER 810S 제로노이즈 저소음 화이트,\92500,ABKO,빅타워,O,O,O,O,,225mm,518mm,512mm,400mm,170mm,,
67,빅타워,,[ABKO] SUITMASTER 820G 크로노스 강화유리 라이저레디 화이트,\86000,ABKO,빅타워,O,O,O,O,강화유리,231mm,518mm,512mm,400mm,170mm,,
68,미들타워,,[COX] A5 오팔 2면 강화유리 롤리팝 LED 화이트,\47500,COX,미들타워,,O,O,O,강화유리,206mm,442mm,428mm,370mm,165mm,,
69,미들타워,,[COX] A5 셀레네 2면 강화유리 화이트,\49000,COX,미들타워,,O,O,O,강화유리,194mm,454mm,413mm,360mm,161mm,,
70,미들타워,,[COX] A5 셀레네 2면 강화유리 블랙,\47000,COX,미들타워,,O,O,O,강화유리,194mm,454mm,413mm,360mm,161mm,,
71,미들타워,,[ABKO] SUITMASTER 603G 아우라 RGB 컨트롤 2면 강화유리 듀얼백 with HALO DOUBLING 화이트,\113640,ABKO,미들타워,,O,O,O,강화유리,218mm,562mm,508mm,395mm,170mm,,
72,미들타워,,[ABKO] SUITMASTER 513G 이지스 RGB 컨트롤 2면 강화유리 with HALO 화이트,\76000,ABKO,미들타워,,O,O,O,강화유리,218mm,513mm,450mm,370mm,170mm,,
73,미들타워,,[COX] A5 오팔 2면 강화유리 롤리팝 LED 블랙,\46000,COX,미들타워,,O,O,O,강화유리,206mm,442mm,428mm,370mm,165mm,,
74,빅타워,,[ABKO] SUITMASTER 820G 크로노스 강화유리 라이저레디,\79000,ABKO,빅타워,O,O,O,O,강화유리,231mm,518mm,512mm,400mm,170mm,,
75,빅타워,,[ABKO] SUITMASTER 810S 제로노이즈 저소음,\84000,ABKO,빅타워,O,O,O,O,,225mm,518mm,512mm,400mm,170mm,,
76,미들타워,,[ABKO] SUITMASTER 401G 에오스 4면 강화유리 with HALO DOUBLING,\79000,ABKO,미들타워,O,O,O,O,아크릴,230mm,530mm,462mm,400mm,165mm,,
77,미들타워,,[ABKO] SUITMASTER 361G 칼리스토 2면 강화유리 with DOUBLING 화이트,\73000,ABKO,미들타워,O,O,O,O,강화유리,216mm,494mm,469mm,380mm,163mm,,
78,미들타워,,[ABKO] NCORE 빅뱅 풀아크릴윈도우,\35000,ABKO,미들타워,,O,O,O,아크릴,200mm,461mm,392mm,310mm,156mm,,
79,미들타워,,[ABKO] NCORE 카오스 풀 아크릴 & 강화유리 화이트,\35500,ABKO,미들타워,,O,O,O,아크릴,200mm,461mm,392mm,310mm,156mm,,
80,미들타워,,[ABKO] NCORE 카오스 풀 아크릴 & 강화유리 블랙,\33500,ABKO,미들타워,,O,O,O,아크릴,200mm,461mm,392mm,310mm,156mm,,
81,미들타워,,[ABKO] NCORE 팬서 풀 아크릴 윈도우 with HALO 화이트,\31500,ABKO,미들타워,,O,O,O,아크릴,198mm,440mm,432mm,365mm,158mm,,
82,미들타워,,[ABKO] NCORE 팬서 풀 아크릴 윈도우 with HALO 블랙,\31500,ABKO,미들타워,,O,O,O,아크릴,198mm,440mm,432mm,365mm,158mm,,
83,미들타워,,[ABKO] NCORE 그라시아 풀아크릴&강화유리 with HALO,\29500,ABKO,미들타워,,O,O,O,아크릴,192mm,420mm,403mm,340mm,144mm,,
84,미들타워,,[ABKO] NCORE 벨루스 USB3.0 풀 아크릴 윈도우,\26000,ABKO,미들타워,,O,O,O,아크릴,1912mm,420mm,397mm,340mm,144mm,,
85,미들타워,,[ABKO] SUITMASTER 362A 아도니스 알루미늄 & 강화유리 with DOUBLING,\68000,ABKO,미들타워,O,O,O,O,강화유리,216mm,494mm,469mm,380mm,163mm,,
86,미들타워,,[ABKO] SUITMASTER 515G 팔콘 RGB 컨트롤 4면 강화유리 with HALO,\97000,ABKO,미들타워,,O,O,O,강화유리,223mm,530mm,449mm,370mm,170mm,,
87,미들타워,,[ABKO] SUITMASTER 605G 허블 RGB 컨트롤 4면 강화유리 듀얼백 with HALO DOUBLING,\167990,ABKO,미들타워,,O,O,O,강화유리,230mm,581mm,484mm,395mm,170mm,,
88,미들타워,,[ABKO] NCORE 아수라 USB3.0 풀 아크릴 윈도우 화이트,\37500,ABKO,미들타워,,O,O,O,아크릴,194mm,491mm,436mm,370mm,159mm,,
89,미들타워,,[ABKO] SUITMASTER 513G 이지스 RGB 컨트롤 2면 강화유리 with HALO,\69000,ABKO,미들타워,,O,O,O,강화유리,218mm,513mm,450mm,370mm,170mm,,
90,미들타워,,[ABKO] SUITMASTER 603G 아우라 RGB 컨트롤 2면 강화유리 듀얼백 with HALO DOUBLING,\108000,ABKO,미들타워,,O,O,O,강화유리,218mm,562mm,508mm,395mm,170mm,,
91,빅타워,,[ABKO] NCORE 아레스 USB3.0 4면 풀 아크릴 윈도우 with HALO,\69000,ABKO,빅타워,O,O,O,O,아크릴,230mm,545mm,470mm,380mm,165mm,흰색,흰색
92,미들타워,,[ABKO] NCORE 타나토스 USB3.0 풀 아크릴 윈도우,\25000,ABKO,미들타워,,O,O,O,아크릴,198mm,463mm,425mm,365mm,158mm,,
93,미들타워,,[COX] A3 캐논 PC방,\16060,COX,미들타워,,O,O,,아크릴,180mm,424mm,372mm,320mm,160mm,,
94,미들타워,,[ABKO] SUITMASTER 511S 크로우 RGB 컨트롤 강화유리 with HALO,\50000,ABKO,미들타워,,O,O,O,강화유리,218mm,512mm,465mm,370mm,170mm,,
95,미들타워,,[ABKO] SUITMASTER 601S 타이탄 RGB 컨트롤 강화유리 듀얼백 with HALO,\78740,ABKO,미들타워,,O,O,O,강화유리,218mm,560mm,485mm,395mm,170mm,,
96,빅타워,,[ABKO] SUITMASTER 701S 튠업 강화유리 with HALO 화이트,\89000,ABKO,빅타워,O,O,O,O,강화유리,220mm,505mm,465mm,400mm,165mm,흰색,흰색
97,빅타워,,[ABKO] SUITMASTER 730AL 알루미늄 RGB 컨트롤 with HALO DOUBLING,\195500,ABKO,빅타워,O,O,O,O,강화유리,225mm,518mm,478mm,395mm,165mm,,
98,미들타워,,[ABKO] NCORE 쿨맥스 USB3.0 풀 아크릴 윈도우 화이트,\31000,ABKO,미들타워,,O,O,O,아크릴,193mm,427mm,419mm,365mm,165mm,흰색,
99,미들타워,,[ABKO] NCORE 포세이돈 USB3.0 풀 아크릴 윈도우 화이트,\31000,ABKO,미들타워,,O,O,,아크릴,193mm,427mm,419mm,365mm,165mm,흰색,
100,빅타워,,[ABKO] SUITMASTER 701S 튠업 강화유리 with HALO 블랙,\83000,ABKO,빅타워,O,O,O,O,강화유리,220mm,505mm,465mm,400mm,165mm,,
101,미들타워,,[ABKO] SUITMASTER 350S 강화유리 with HALO 화이트,\58000,ABKO,미들타워,O,O,O,O,강화유리,212mm,503mm,448mm,385mm,162mm,흰색,흰색
102,미들타워,,[ABKO] NCORE 쿨맥스 USB3.0 풀 아크릴 윈도우,\29000,ABKO,미들타워,,O,O,,아크릴,193mm,427mm,419mm,365mm,165mm,,
103,미들타워,,[ABKO] NCORE 포세이돈 USB3.0 풀 아크릴 윈도우,\29000,ABKO,미들타워,,O,O,,아크릴,193mm,427mm,419mm,365mm,165mm,,
104,미들타워,,[ABKO] NCORE 배럭 PC방,\17000,ABKO,미들타워,,O,O,,,180mm,416mm,367mm,325mm,150mm,,
105,빅타워,,[ABKO] SUITMASTER 801G RGB 컨트롤 3면 강화유리 with HALO DOUBLING 화이트,\167000,ABKO,빅타워,O,O,O,O,강화유리,250mm,502mm,530mm,450mm,180mm,흰색,흰색
106,미들타워,,[ABKO] SUITMASTER 350S 강화유리 with HALO 블랙,\54000,ABKO,미들타워,O,O,O,O,강화유리,212mm,503mm,448mm,385mm,162mm,,
107,미들타워,,[COX] A3 인트로 USB3.0 풀 아크릴 윈도우 화이트,\21900,COX,미들타워,,O,O,O,아크릴,193mm,428mm,395mm,380mm,160mm,흰색,
108,미들타워,,[COX] A3 인트로 USB3.0 풀 아크릴 윈도우 블랙,\19900,COX,미들타워,,O,O,O,아크릴,193mm,428mm,395mm,380mm,160mm,,
109,미들타워,,[ABKO] SUITMASTER 330S 강화유리 with HALO 화이트,\63000,ABKO,미들타워,O,O,O,O,강화유리,215mm,500mm,455mm,385mm,162mm,흰색,흰색
110,미들타워,,[ABKO] SUITMASTER 330S 강화유리 with HALO 블랙,\59000,ABKO,미들타워,O,O,O,O,강화유리,215mm,500mm,455mm,385mm,162mm,,
111,빅타워,,[ABKO] SUITMASTER 720G RGB 컨트롤 4면 강화유리 with HALO DOUBLING 화이트,\155000,ABKO,빅타워,O,O,O,O,강화유리,230mm,515mm,470mm,400mm,165mm,흰색,흰색
112,빅타워,,[ABKO] SUITMASTER 720G RGB 컨트롤 4면 강화유리 with HALO DOUBLING,\149000,ABKO,빅타워,O,O,O,O,강화유리,230mm,515mm,470mm,400mm,165mm,,
113,미들타워,,[ABKO] NCORE 코로나 USB3.0 풀아크릴 윈도우 화이트,\27000,ABKO,미들타워,,O,O,O,아크릴,187mm,440mm,429mm,370mm,156mm,흰색,
114,미들타워,,[ABKO] NCORE 코로나 USB3.0 풀아크릴 윈도우 블랙,\25500,ABKO,미들타워,,O,O,O,아크릴,187mm,440mm,429mm,370mm,156mm,,
115,빅타워(RTX),,[ABKO] SUITMASTER EX201 Xcube 4면 강화유리,\79000,ABKO,빅타워(RTX),O,O,O,O,강화유리,300mm,475mm,380mm,280mm,150mm,,
116,미들타워,,[COX] A3 스캣 USB3.0 풀 아크릴 윈도우,\31500,COX,미들타워,,O,O,O,아크릴,197mm,460mm,413mm,370mm,156mm,,
117,빅타워,,[ABKO] SUITMASTER 801G RGB 컨트롤 3면 강화유리 with HALO DOUBLING,\159000,ABKO,빅타워,O,O,O,O,강화유리,250mm,502mm,530mm,450mm,180mm,,
118,미들타워,,[COX] A3 베이스 USB3.0 풀 아크릴 윈도우,\38000,COX,미들타워,,O,O,O,아크릴,201mm,455mm,450mm,365mm,155mm,,
119,미들타워,,[COX] CX30 USB 3.0,\13600,COX,미들타워,,O,O,O,,195mm,410mm,385mm,340mm,150mm,,
120,미들타워,,[COX] A4 이퀄라이저 RGB 컨트롤 풀 아크릴 윈도우 화이트,\53000,COX,미들타워,,O,O,O,아크릴,200mm,432mm,450mm,365mm,155mm,흰색,흰색
121,미들타워,,[COX] A4 이퀄라이저 RGB 컨트롤 풀 아크릴 윈도우 블랙,\49000,COX,미들타워,,O,O,O,아크릴,200mm,432mm,450mm,365mm,155mm,,
122,미들타워,,[COX] A3 첼로 USB3.0 풀 아크릴 윈도우,\30600,COX,미들타워,,O,O,O,아크릴,201mm,425mm,412mm,330mm,160mm,은색,
123,미들타워,,[COX] A3 노빌레 풀아크릴윈도우 with 헤일로X4 화이트,\48000,COX,미들타워,,O,O,O,아크릴,197mm,447mm,458mm,380mm,156mm,흰색,흰색
124,미들타워,,[COX] A3 노빌레 풀아크릴윈도우 with 헤일로X4 블랙,\44000,COX,미들타워,,O,O,O,아크릴,197mm,447mm,458mm,380mm,156mm,,
125,미들타워,,[COX] A3 녹턴 USB3.0 풀 아크릴 윈도우 화이트,\35000,COX,미들타워,,O,O,O,아크릴,197mm,447mm,450mm,380mm,156mm,흰색,흰색
126,미들타워,,[COX] A3 녹턴 USB3.0 풀 아크릴 윈도우 블랙,\32000,COX,미들타워,,O,O,O,아크릴,197mm,447mm,450mm,380mm,156mm,,
127,미들타워,,[ABKO] NCORE G200 타노스 IG USB3.0 강화유리 화이트,\71000,ABKO,미들타워,,O,O,O,강화유리,220mm,475mm,515mm,380mm,162mm,흰색,흰색
128,빅타워,,[ABKO] SUITMASTER 701S USB3.0 강화유리 화이트,\86000,ABKO,빅타워,O,O,O,O,강화유리,220mm,465mm,508mm,400mm,165mm,흰색,흰색
129,미들타워,,[ABKO] A3 밴조 USB3.0 풀 아크릴 윈도우,\23920,ABKO,미들타워,,O,O,O,아크릴,201mm,440mm,435mm,395mm,157mm,,
130,빅타워,,[ABKO] NCORE 플래툰 USB3.0 강화유리 화이트,\49000,ABKO,빅타워,O,O,O,O,강화유리,207mm,472mm,458mm,415mm,165mm,흰색,흰색
131,빅타워,,[ABKO] NCORE 플래툰 USB3.0 강화유리 블랙,\45000,ABKO,빅타워,O,O,O,O,강화유리,207mm,472mm,458mm,415mm,165mm,,
132,미들타워,,[COX] A3 왈츠 USB3.0 풀 아크릴 윈도우,\22000,COX,미들타워,,O,O,O,아크릴,198mm,450mm,442mm,365mm,158mm,,
133,빅타워,,[COX] A7 레가토 USB3.0 강화유리 화이트,\60000,COX,빅타워,O,O,O,O,강화유리,215mm,463mm,467mm,415mm,165mm,흰색,
134,빅타워,,[COX] A7 레가토 USB3.0 강화유리 블랙,\55000,COX,빅타워,O,O,O,O,강화유리,215mm,463mm,467mm,415mm,165mm,회색,
135,미들타워,,[COX] A3 아리아 USB3.0 풀 아크릴 윈도우 튜닝 LED 컨트롤,\29900,COX,미들타워,,O,O,O,아크릴,197mm,455mm,460mm,370mm,156mm,,
136,미들타워,,[ABKO] NCORE F1 스나이퍼 PC방,\11900,ABKO,미들타워,,O,O,O,,178mm,410mm,379mm,285mm,145mm,,
137,미니타워,,[COX] A1 피아노 USB3.0 아크릴 윈도우,\23500,COX,미니타워,,,O,O,아크릴,189mm,360mm,367mm,302mm,155mm,,
138,미들타워,,[COX] A7 토닉 USB3.0 풀 아크릴 윈도우,\42700,COX,미들타워,,O,O,O,아크릴,218mm,457mm,535mm,365mm,160mm,,
139,미들타워,,[ABKO] NCORE 마린 USB3.0,\20000,ABKO,미들타워,,O,O,O,,195mm,415mm,410mm,340mm,155mm,,
140,빅타워,,[ABKO] SUITMASTER 701S USB3.0 강화유리 블랙,\80000,ABKO,빅타워,O,O,O,O,강화유리,220mm,465mm,508mm,400mm,165mm,,
141,미들타워,,[ABKO] NCORE 사파이어 3.0 풀아크릴 & 강화유리 화이트,\52000,ABKO,미들타워,,O,O,O,아크릴,198mm,450mm,452mm,370mm,159mm,흰색,흰색
142,미들타워,,[ABKO] NCORE 커브 USB3.0 풀 아크릴 윈도우 화이트 with HALO,\45000,ABKO,미들타워,,O,O,O,아크릴,206mm,470mm,443mm,375mm,162mm,흰색,흰색
143,미들타워,,[ABKO] NCORE 커브 USB3.0 풀 아크릴 윈도우 블랙 with HALO,\40000,ABKO,미들타워,,O,O,O,아크릴,206mm,470mm,443mm,375mm,162mm,,
144,미들타워,,[ABKO] A5 오페라 USB3.0 풀 아크릴 윈도우 화이트,\42000,ABKO,미들타워,,O,O,O,아크릴,206mm,470mm,440mm,375mm,162mm,흰색,흰색
145,미들타워,,[ABKO] NCORE 아수라 USB3.0 풀 아크릴 윈도우,\31000,ABKO,미들타워,,O,O,O,아크릴,194mm,491mm,436mm,370mm,159mm,,
146,미들타워,,[ABKO] A5 오페라 USB3.0 풀 아크릴 윈도우 블랙,\38000,ABKO,미들타워,,O,O,O,아크릴,206mm,470mm,440mm,375mm,162mm,,
147,미들타워,,[ABKO] SUITMASTER 501S RGB 무선리모트 강화유리 블랙,\80000,ABKO,미들타워,,O,O,O,강화유리,220mm,507mm,511mm,450mm,160mm,,
148,미들타워,,[ABKO] SUITMASTER 501S RGB 무선리모트 강화유리 화이트,\85000,ABKO,미들타워,,O,O,O,강화유리,220mm,507mm,511mm,450mm,160mm,흰색,흰색
149,미들타워,,[ABKO] A5 코다 USB3.0 풀 아크릴 윈도우 화이트,\42000,ABKO,미들타워,,O,O,O,아크릴,206mm,470mm,440mm,375mm,162mm,흰색,
150,미들타워,,[ABKO] A5 코다 USB3.0 풀 아크릴 윈도우 블랙,\38000,ABKO,미들타워,,O,O,O,아크릴,206mm,470mm,440mm,375mm,162mm,,
151,,, ,,,,,,,,,,,,,,,
152,,,-- 쿨러마스터 --,,,,,,,,,,,,,,,
153,,, ,,,,,,,,,,,,,,,
154,미들타워,,[쿨러마스터] MASTERBOX MB500 RGB 컨트롤러 강화유리,\88400,쿨러마스터,미들타워,,O,O,O,강화유리,211mm,475mm,494mm,400mm,160mm,,
155,미니타워,,[쿨러마스터] MASTERBOX Q300P RGB 컨트롤러 풀 아크릴 윈도우,\104000,쿨러마스터,미니타워,,,O,O,아크릴,230mm,450mm,450mm,360mm,157mm,,
156,리틀밸리,,[쿨러마스터] ELITE 110A USB 3.0,\68700,쿨러마스터,리틀밸리,,,,O,,260mm,208mm,280mm,210mm,76mm,,
157,미들타워,,[쿨러마스터] MasterCase H500P RGB 컨트롤러 강화유리,\196800,쿨러마스터,미들타워,O,O,O,O,강화유리,242mm,542mm,544mm,412mm,190mm,,
158,빅타워,,[쿨러마스터] COSMOS C700P RGB Strip 강화유리,\430000,쿨러마스터,빅타워,O,O,O,O,강화유리,306mm,639mm,650mm,490mm,198mm,,
159,미들타워,,[쿨러마스터] MASTERBOX LITE 5 RGB 컨트롤러 강화유리,\71000,쿨러마스터,미들타워,,O,O,O,강화유리,200mm,468.8mm,454.5mm,400mm,160mm,,
160,미들타워,,[쿨러마스터] MASTERBOX LITE 5 RGB 강화유리,\68000,쿨러마스터,미들타워,,O,O,O,강화유리,200mm,468.8mm,454.5mm,400mm,160mm,,
161,빅타워,,[쿨러마스터] COSMOS II 25TH ANNIVERSARY EDITION 대양케이스,\546000,쿨러마스터,빅타워,O,O,O,,강화유리,344mm,704mm,664mm,385mm,190mm,은색,
162,미들타워,,[쿨러마스터] MasterCase Maker 5T LED Strip 강화유리,\312000,쿨러마스터,미들타워,,O,O,O,강화유리,242mm,574mm,544mm,412mm,190mm,검빨,빨강
163,미들타워,,[쿨러마스터] CM590 III 블루 LED 윈도우 MID TOWER,\65000,쿨러마스터,미들타워,,O,O,O,아크릴,200mm,470mm,480mm,405mm,159mm,,
164,미니타워,,[쿨러마스터] MASTERCASE PRO 3,\125000,쿨러마스터,미니타워,,,O,O,아크릴,235mm,505mm,467mm,370mm,190mm,,
165,미들타워,,[쿨러마스터] MASTERCASE PRO 5 엔비디아 에디션,\210000,쿨러마스터,미들타워,,O,O,O,아크릴,235mm,512mm,548mm,412mm,190mm,검초,
166,미들타워,,[쿨러마스터] MASTERBOX5 화이트 Mirror,\59000,쿨러마스터,미들타워,,O,O,O,아크릴,220mm,475mm,500mm,410mm,167mm,흰색,흰색
167,미들타워,,[쿨러마스터] MASTERBOX5 Black Mesh,\55000,쿨러마스터,미들타워,,O,O,O,아크릴,220mm,475mm,500mm,410mm,167mm,,
168,미들타워,,[쿨러마스터] MasterCase Maker 5 LED Strip 대양케이스,\250000,쿨러마스터,미들타워,,O,O,O,아크릴,235mm,548mm,528.6mm,412mm,190mm,,
169,미들타워,,[쿨러마스터] MasterCase5 Pro 대양케이스,\199500,쿨러마스터,미들타워,,O,O,O,아크릴,235mm,512mm,548mm,412mm,190mm,,
170,미들타워,,[쿨러마스터] MasterCase5 대양케이스,\155500,쿨러마스터,미들타워,,O,O,O,,235mm,512mm,548mm,412mm,190mm,,
171,미들타워,,[쿨러마스터] Silenio 652S,\197000,쿨러마스터,미들타워,,O,O,,,220mm,507mm,508.6mm,423mm,168mm,,
172,데스크탑,,[쿨러마스터] HAF XB EVO WINDOW,\173000,쿨러마스터,데스크탑,,O,O,O,아크릴,442mm,330mm,423mm,334mm,180mm,,
173,데스크탑,,[쿨러마스터] HAF XB EVO,\157000,쿨러마스터,데스크탑,,O,O,O,,442mm,330mm,423mm,334mm,180mm,,
174,미들타워,,[쿨러마스터] Silencio 452,\96000,쿨러마스터,미들타워,,O,O,,,190mm,449mm,497mm,386mm,158mm,,
175,리틀밸리,,[쿨러마스터] ELITE 110,\70000,쿨러마스터,리틀밸리,,,,O,,260mm,208mm,280mm,210mm,76mm,,
176,빅타워,,[쿨러마스터] HAF STACKER 945R,\352000,쿨러마스터,빅타워,O,O,O,O,아크릴,221mm,719mm,578mm,354mm,180mm,,
177,빅타워,,[쿨러마스터] HAF STACKER 945F,\352000,쿨러마스터,빅타워,O,O,O,O,아크릴,221mm,719mm,578mm,354mm,180mm,,
178,리틀밸리,,[쿨러마스터] HAF STACKER 915R,\109000,쿨러마스터,리틀밸리,,,,O,,228mm,243mm,578mm,360mm,80mm,,
179,리틀밸리,,[쿨러마스터] HAF STACKER 915F,\109000,쿨러마스터,리틀밸리,,,,O,,228mm,248mm,578mm,360mm,170mm,,
180,빅타워,,[쿨러마스터] HAF STACKER 935,\247000,쿨러마스터,빅타워,O,O,O,,아크릴,235mm,719mm,578mm,354mm,180mm,,
181,미들타워,,[쿨러마스터] Silencio 652,\184000,쿨러마스터,미들타워,,O,O,,,220mm,479mm,525.6mm,423mm,168mm,,
182,빅타워,,[쿨러마스터] COSMOS SE WINDOW,\245000,쿨러마스터,빅타워,,O,O,O,아크릴,263.8mm,569.4mm,524.4mm,395mm,175mm,,
183,미들타워,,[쿨러마스터] N600,\121000,쿨러마스터,미들타워,,O,O,,아크릴,220mm,455mm,520mm,430mm,167mm,,
184,리틀밸리,,[쿨러마스터] Mini 110,\78000,쿨러마스터,리틀밸리,,,,O,,268mm,70mm,290mm,,55mm,,
185,미들타워,,[쿨러마스터] K282,\60000,쿨러마스터,미들타워,,O,O,,,220mm,429mm,480mm,315mm,162mm,,
186,리틀밸리,,[쿨러마스터] ELITE 130,\74000,쿨러마스터,리틀밸리,,,,O,,240mm,205mm,377.5mm,343mm,65mm,,
187,미니타워,,[쿨러마스터] Silencio 352,\79000,쿨러마스터,미니타워,,,O,O,,200mm,378mm,453mm,365mm,155mm,,
188,미들타워,,[쿨러마스터] CM690 III,\142000,쿨러마스터,미들타워,,O,O,,,230mm,507mm,502mm,423mm,171mm,,
189,미들타워,,[쿨러마스터] CM690 III WINDOW,\153000,쿨러마스터,미들타워,,O,O,,아크릴,230mm,507mm,502mm,423mm,171mm,,
190,미들타워,,[쿨러마스터] N400,\70000,쿨러마스터,미들타워,,O,O,,,190mm,426mm,501.4mm,320mm,,,
191,,, ,,,,,,,,,,,,,,,
192,,,-- SAMA --,,,,,,,,,,,,,,,
193,,, ,,,,,,,,,,,,,,,
194,빅타워,,[SAMA] STALLION KB17 3면 강화유리 with HALO,\58000,SAMA,빅타워,O,O,O,O,강화유리,216mm,492mm,448mm,390mm,165mm,,
195,미들타워,,[SAMA] STALLION BA1 토파즈 USB3.0 강화유리,\54000,SAMA,미들타워,,O,O,O,강화유리,217mm,460mm,432mm,365mm,165mm,,
196,미들타워,,[SAMA] STALLION KB10 USB3.0 강화유리,\44000,SAMA,미들타워,,O,O,O,강화유리,216mm,473mm,455mm,390mm,163mm,,
197,미니타워,,[SAMA] STALLION F01 USB3.0 RGB 컨트롤 강화유리 화이트,\62000,SAMA,미니타워,,,O,O,강화유리,237mm,455mm,465mm,410mm,182mm,흰색,흰색
198,미니타워,,[SAMA] STALLION F01 USB3.0 RGB 컨트롤 강화유리 블랙,\57000,SAMA,미니타워,,,O,O,강화유리,237mm,455mm,465mm,410mm,182mm,,
199,빅타워,,[SAMA] STALLION K901B Zero NOISE 강화유리 화이트,\74000,SAMA,빅타워,O,O,O,O,강화유리,230mm,470mm,520mm,470mm,180mm,흰색,흰색
200,빅타워,,[SAMA] STALLION K901B Zero NOISE 강화유리 BLACK,\71000,SAMA,빅타워,O,O,O,O,강화유리,230mm,470mm,520mm,470mm,180mm,,
201,빅타워,,[SAMA] STALLION K902B RGB 컨트롤 강화유리 화이트,\85000,SAMA,빅타워,O,O,O,O,강화유리,238mm,507mm,512mm,455mm,180mm,흰색,흰색
202,빅타워,,[SAMA] STALLION K902B RGB 컨트롤 강화유리 블랙,\81000,SAMA,빅타워,O,O,O,O,강화유리,238mm,507mm,512mm,455mm,180mm,,
203,빅타워,,[SAMA] STALLION K902B RGB Ctrl BLACK,\94000,SAMA,빅타워,O,O,O,O,아크릴,220mm,507mm,511mm,455mm,180mm,,
204,빅타워,,[SAMA] STALLION K901B Zero NOISE 화이트,\92000,SAMA,빅타워,O,O,O,O,,230mm,470mm,520mm,470mm,180mm,흰색,흰색
205,빅타워,,[SAMA] STALLION K901B Zero NOISE BLACK,\65000,SAMA,빅타워,O,O,O,O,,230mm,470mm,520mm,470mm,180mm,,
206,,, ,,,,,,,,,,,,,,,
207,,,-- 잘만 --,,,,,,,,,,,,,,,
208,,, ,,,,,,,,,,,,,,,
209,미들타워,,[잘만] Z9 NEO PLUS 풀 아크릴 윈도우 화이트,\81000,잘만,미들타워,,O,O,O,아크릴,205mm,490mm,482mm,400mm,160mm,,
210,미들타워,,[잘만] Z9 NEO PLUS 풀 아크릴 윈도우 블랙,\78000,잘만,미들타워,,O,O,O,아크릴,205mm,490mm,482mm,400mm,160mm,,
211,미들타워,,[잘만] Z9 NEO 화이트,\62400,잘만,미들타워,,O,O,O,아크릴,205mm,490mm,482mm,420mm,160mm,흰색,
212,미들타워,,[잘만] Z9 NEO,\62400,잘만,미들타워,,O,O,O,아크릴,205mm,490mm,482mm,420mm,160mm,,
213,미들타워,,[잘만] Z1 NEO,\37380,잘만,미들타워,,O,O,O,아크릴,203mm,445mm,464mm,375mm,160mm,,
214,미들타워,,[잘만] ZM-R1 화이트,\43000,잘만,미들타워,,O,O,O,아크릴,190mm,454mm,468mm,360mm,,흰금,
215,미들타워,,[잘만] Z3 화이트,\47280,잘만,미들타워,,O,O,,,192mm,465mm,430mm,360mm,,흰색,흰색
216,미니타워,,[잘만] A1,\28680,잘만,미니타워,,,O,O,,175mm,380mm,404mm,380mm,150mm,,
217,미들타워,,[잘만] Z11 NEO,\67200,잘만,미들타워,,O,O,,아크릴,205mm,520mm,515mm,400mm,175mm,,
218,미들타워,,[잘만] ZM-R1,\38500,잘만,미들타워,,O,O,O,아크릴,190mm,454mm,468mm,360mm,,,
219,리틀밸리,,[잘만] M1,\76950,잘만,리틀밸리,,,,O,,261mm,394mm,426mm,350mm,160mm,,
220,미니타워,,[잘만] ZM-T2 PLUS USB 3.0,\30150,잘만,미니타워,,,O,O,,189mm,427.5mm,364mm,300mm,140mm,,
221,미니타워,,[잘만] ZM-T4,\29860,잘만,미니타워,,,O,O,,189mm,427.5mm,364mm,300mm,140mm,,
222,미들타워,,[잘만] Z3 PLUS 화이트,\39500,잘만,미들타워,,O,O,,,185mm,412mm,45mm,360mm,,흰색,흰색
223,미니타워,,[잘만] ZM-T3,\27900,잘만,미니타워,,,O,O,,189mm,427.5mm,364mm,300mm,,,
224,미들타워,,[잘만] Z3 PLUS,\41200,잘만,미들타워,,O,O,,,185mm,412mm,45mm,360mm,,,
225,미들타워,,[잘만] Z5,\53840,잘만,미들타워,,O,O,,,205mm,460mm,490mm,,,,
226,미들타워,,[잘만] Z11 PLUS,\85321,잘만,미들타워,,O,O,,아크릴,260mm,498mm,525mm,290mm,,,
227,미들타워,,[잘만] Z11,\43330,잘만,미들타워,,O,O,,아크릴,260mm,498mm,525mm,290mm,,,
228,,, ,,,,,,,,,,,,,,,
229,,,-- 대양케이스 --,,,,,,,,,,,,,,,
230,,, ,,,,,,,,,,,,,,,
231,미들타워,,[대양케이스] NEXT Rev.2 화이트 RING LED 강화유리,\68500,대양케이스,미들타워,,O,O,,강화유리,220mm,505mm,480mm,420mm,170mm,,
232,미니타워,,[대양케이스] TWINS 140 USB 3.0,\17680,대양케이스,미니타워,,,O,,,175mm,350mm,357mm,300mm,150mm,,
233,미니타워,,[대양케이스] TWINS 240 USB 3.0,\17680,대양케이스,미니타워,,,O,,,175mm,350mm,357mm,300mm,150mm,,
234,미들타워,,[대양케이스] LUCIO 화이트 RING 블루 LED 강화유리,\31000,대양케이스,미들타워,,O,O,O,아크릴,205mm,420mm,430mm,370mm,165mm,,
235,미들타워,,[대양케이스] LUCIO 블랙 RING 화이트 LED 강화유리,\29500,대양케이스,미들타워,,O,O,O,아크릴,205mm,420mm,430mm,370mm,165mm,,
236,미들타워,,[대양케이스] ENIX 풀 아크릴 윈도우 블랙 화이트 LED,\31000,대양케이스,미들타워,,O,O,,아크릴,205mm,502mm,435mm,360mm,170mm,,
237,미들타워,,[대양케이스] REFRACT S1 화이트 LED RING팬 강화유리,\47660,대양케이스,미들타워,,O,O,O,강화유리,187mm,457mm,470mm,400mm,159mm,,
238,미들타워,,[대양케이스] NEXT USB 3.0 풀 아크릴 Blue LED,\29000,대양케이스,미들타워,,O,O,,아크릴,195mm,460mm,430mm,390mm,155mm,,
239,미들타워,,[대양케이스] S31 USB 3.0,\15600,대양케이스,미들타워,,O,O,O,,195mm,410mm,410mm,360mm,150mm,,
240,미들타워,,[대양케이스] S3.0 USB 3.0,\15600,대양케이스,미들타워,,O,O,O,,195mm,410mm,410mm,360mm,150mm,,
241,미들타워,,[대양케이스] Moonlight II 블랙 RINGS White LED 풀아크릴,\49000,대양케이스,미들타워,,O,O,,아크릴,205mm,470mm,440mm,360mm,160mm,흰색,
242,미들타워,,[대양케이스] Moonlight II 블랙 RINGS Blue LED 풀아크릴,\45050,대양케이스,미들타워,,O,O,,아크릴,205mm,470mm,440mm,360mm,160mm,,
243,미들타워,,[대양케이스] BARON USB 3.0 풀 아크릴 윈도우,\36980,대양케이스,미들타워,,O,O,,아크릴,185mm,460mm,420mm,360mm,160mm,흰색,
244,미들타워,,[대양케이스] CARMEN USB 3.0 풀 아크릴 윈도우,\35920,대양케이스,미들타워,,O,O,,아크릴,185mm,460mm,405mm,360mm,160mm,,
245,미들타워,,[대양케이스] NEON USB 3.0 RGB LED Strips 풀 아크릴 윈도우,\31200,대양케이스,미들타워,,O,O,,아크릴,185mm,440mm,410mm,360mm,160mm,,
246,미들타워,,[대양케이스] K1 Game Box,\11440,대양케이스,미들타워,,O,O,,,160mm,405mm,270mm,240mm,140mm,흰색,회색
247,미들타워,,[대양케이스] G8 PC방,\14930,대양케이스,미들타워,,O,O,,,175mm,370mm,410mm,300mm,160mm,,
248,미니타워,,[대양케이스] RAY,\9820,대양케이스,미니타워,,,O,O,,170mm,350mm,355mm,300mm,140mm,,
249,미들타워,,[대양케이스] BLAZER USB 3.0 윈도우,\18480,대양케이스,미들타워,,O,O,,아크릴,185mm,420mm,415mm,360mm,160mm,,
250,미들타워,,[대양케이스] LOCKON USB3.0 윈도우,\18480,대양케이스,미들타워,,O,O,,아크릴,185mm,420mm,410mm,360mm,160mm,,
251,미들타워,,[대양케이스] G1 PLUS 피씨방,\22370,대양케이스,미들타워,,O,O,,,178mm,409mm,363mm,325mm,150mm,,
252,미들타워,,[대양케이스] CRUZER USB 3.0 윈도우,\30000,대양케이스,미들타워,,O,O,,아크릴,185mm,460mm,410mm,360mm,160mm,흰색,
253,미들타워,,[대양케이스] REEVEN RHEIA,\52530,대양케이스,미들타워,,O,O,O,아크릴,210mm,465mm,446mm,400mm,180mm,,
254,미들타워,,[대양케이스] Moonlight 블랙 화이트 LED 풀 아크릴 윈도우,\38560,대양케이스,미들타워,,O,O,,아크릴,205mm,470mm,440mm,360mm,170mm,,
255,리틀밸리,,[대양케이스] ATOM Silver USB 3.0 윈도우,\-,대양케이스,리틀밸리,,,O,O,아크릴,195mm,245mm,278mm,265mm,170mm,은색,
256,리틀밸리,,[대양케이스] ATOM Black USB 3.0 윈도우,\-,대양케이스,리틀밸리,,,O,O,아크릴,195mm,245mm,278mm,265mm,170mm,,
257,미들타워,,[대양케이스] Cyonic RAINBOW 풀 아크릴 윈도우 USB 3.0,\51650,대양케이스,미들타워,,O,O,O,아크릴,188mm,530mm,483mm,380mm,140mm,,
258,미니타워,,[대양케이스] MoonLight 미니 화이트 LED 화이트 윈도우 USB 3.0,\34000,대양케이스,미니타워,,,O,O,아크릴,200mm,450mm,410mm,320mm,158mm,흰색,
259,미니타워,,[대양케이스] MoonLight 미니 화이트 LED 블랙 윈도우 USB 3.0,\33000,대양케이스,미니타워,,,O,O,아크릴,200mm,450mm,410mm,320mm,158mm,,
260,미들타워,,[대양케이스] Romance USB 3.0 윈도우 화이트,\22000,대양케이스,미들타워,,O,O,,아크릴,175mm,410mm,455mm,365mm,165mm,흰색,
261,미들타워,,[대양케이스] Romance USB 3.0 윈도우 블랙,\19530,대양케이스,미들타워,,O,O,,아크릴,175mm,410mm,455mm,365mm,165mm,,
262,미들타워,,[대양케이스] Calio USB 3.0 화이트 윈도우,\43260,대양케이스,미들타워,,O,O,,아크릴,210mm,510mm,430mm,360mm,170mm,흰색,흰색
263,미들타워,,[대양케이스] Calio USB 3.0 블랙 윈도우,\44000,대양케이스,미들타워,,O,O,,아크릴,210mm,510mm,430mm,360mm,170mm,,
264,미들타워,,[대양케이스] ENIX USB 3.0 풀 아크릴 윈도우 블랙,\31160,대양케이스,미들타워,,O,O,,아크릴,205mm,502mm,435mm,360mm,170mm,,
265,미들타워,,[대양케이스] GALAXY USB 30 풀 아크릴 윈도우,\45320,대양케이스,미들타워,,O,O,,아크릴,195mm,480mm,435mm,360mm,160mm,,
266,미니타워,,[대양케이스] TIDY USB 3.0,\19000,대양케이스,미니타워,,,O,,,180mm,350mm,380mm,235mm,170mm,,
267,미들타워,,[대양케이스] A004 USB 3.0,\18000,대양케이스,미들타워,,O,O,,,180mm,420mm,410mm,360mm,150mm,,
268,,, ,,,,,,,,,,,,,,,
269,,,-- 마이크로닉스 --,,,,,,,,,,,,,,,
270,,, ,,,,,,,,,,,,,,,
271,미들타워,,[마이크로닉스] Master T800 하드베이 모듈,\86840,마이크로닉스,미들타워,,O,O,O,아크릴,211mm,490mm,513mm,430mm,163mm,,
272,미들타워,,[마이크로닉스] Master AREZ Z300 Snow Edition,\74600,마이크로닉스,미들타워,,O,O,,강화유리,205mm,480mm,475mm,380mm,155mm,,
273,미들타워,,[마이크로닉스] Master M400 메쉬X강화유리,\64700,마이크로닉스,미들타워,,O,O,O,강화유리,203mm,520mm,470mm,390mm,160mm,,
274,미들타워,,[마이크로닉스] Master M400 아크릴X강화유리,\67800,마이크로닉스,미들타워,,O,O,O,강화유리,203mm,520mm,470mm,390mm,160mm,,
275,미들타워,,[마이크로닉스] Bohemian Delfino,\29500,마이크로닉스,미들타워,,O,O,,아크릴,200mm,467mm,455mm,410mm,165mm,,
276,미들타워,,[마이크로닉스] Master T400,\40300,마이크로닉스,미들타워,,O,O,O,아크릴,206mm,461mm,457mm,400mm,165mm,,
277,미들타워,,[마이크로닉스] Frontier H350 블랙 With Riser Cable,\58000,마이크로닉스,미들타워,,O,O,O,아크릴,195mm,455mm,470mm,405mm,158mm,,
278,미들타워,,[마이크로닉스] Frontier H350 화이트 With Riser Cable,\57850,마이크로닉스,미들타워,,O,O,O,아크릴,195mm,455mm,470mm,405mm,158mm,,
279,미들타워,,[마이크로닉스] Master M200 풀 아크릴 윈도우,\45500,마이크로닉스,미들타워,,O,,,아크릴,200mm,510mm,460mm,380mm,165mm,,
280,미들타워,,[마이크로닉스] Master ARES Z300 강화유리,\65330,마이크로닉스,미들타워,,O,O,,강화유리,205mm,480mm,475mm,380mm,155mm,,
281,미들타워,,[마이크로닉스] Frontier H350 블랙,\28900,마이크로닉스,미들타워,,O,O,O,아크릴,195mm,455mm,470mm,405mm,158mm,,
282,미들타워,,[마이크로닉스] Frontier H100 PC방,\15500,마이크로닉스,미들타워,,O,O,O,,175mm,405mm,360mm,305mm,145mm,,은색
283,미들타워,,[마이크로닉스] Frontier H350 화이트,\29500,마이크로닉스,미들타워,,O,O,O,아크릴,195mm,455mm,470mm,405mm,158mm,흰색,
284,미들타워,,[마이크로닉스] 루팡,\22000,마이크로닉스,미들타워,,O,O,O,,195mm,410mm,355mm,330mm,145mm,,
285,미들타워,,[마이크로닉스] 32형 QHD 게이밍 일체형케이스,\523900,마이크로닉스,미들타워,,O,O,O,,741mm,507mm,242mm,305mm,,,
286,미들타워,,[마이크로닉스] 32형 FullHD 144Hz 게이밍 일체형케이스,\524000,마이크로닉스,미들타워,,O,O,O,,741mm,507mm,242mm,305mm,,,
287,미들타워,,[마이크로닉스] 듀크 풀 아크릴 윈도우,\28500,마이크로닉스,미들타워,,O,O,O,아크릴,190mm,483mm,436mm,370mm,156mm,,
288,미들타워,,[마이크로닉스] Frontier ARC-1000 화이트,\34500,마이크로닉스,미들타워,,O,O,O,아크릴,177mm,438mm,417mm,310mm,140mm,흰색,
289,미들타워,,[마이크로닉스] Frontier ARC-1000 블랙,\34500,마이크로닉스,미들타워,,O,O,O,아크릴,177mm,438mm,417mm,310mm,140mm,회색,
290,미들타워,,[마이크로닉스] 루키 Middle USB 3.0 ,\19500,마이크로닉스,미들타워,,O,O,O,,190mm,425mm,414mm,350mm,150mm,,
291,미들타워,,[마이크로닉스] 어벤져,\87900,마이크로닉스,미들타워,,O,O,O,아크릴,210mm,536mm,525mm,420mm,165mm,,
292,미들타워,,[마이크로닉스] 34형 커브드 UWQHD 수냉 일체형케이스,\1645700,마이크로닉스,미들타워,,,,O,,870mm,450mm,475mm,300mm,,,
293,미들타워,,[마이크로닉스] 34형 커브드 UWQHD 일체형케이스,\1583240,마이크로닉스,미들타워,,,,O,,870mm,450mm,475mm,300mm,,,
294,빅타워,,[마이크로닉스] Aluma XL-20 E-ATX 실버,\144000,마이크로닉스,빅타워,O,O,O,O,강화유리,230mm,495mm,450mm,400mm,170mm,은색,
295,빅타워,,[마이크로닉스] Aluma XL-20 E-ATX 블랙,\142900,마이크로닉스,빅타워,O,O,O,O,강화유리,230mm,495mm,450mm,400mm,170mm,,
296,미니타워,,[마이크로닉스] Frontier U200 Mini 화이트,\24900,마이크로닉스,미니타워,,,O,O,아크릴,193mm,397mm,398mm,300mm,150mm,흰색,
297,미니타워,,[마이크로닉스] Frontier U200 Mini 블랙,\25000,마이크로닉스,미니타워,,,O,O,아크릴,193mm,397mm,398mm,300mm,150mm,,
298,미들타워,,[마이크로닉스] 레이저 RGB LED,\50500,마이크로닉스,미들타워,,O,O,O,아크릴,195mm,455mm,470mm,405mm,158mm,흰색,
299,미들타워,,[마이크로닉스] 팰콘 실버,\31900,마이크로닉스,미들타워,,O,O,O,아크릴,175mm,454mm,413mm,310mm,134mm,은색,
300,미들타워,,[마이크로닉스] 팰콘 블랙,\27500,마이크로닉스,미들타워,,O,O,O,아크릴,175mm,454mm,413mm,310mm,134mm,,
301,미들타워,,[마이크로닉스] 24형 풀HD 일체형케이스 (파워 미포함),\352990,마이크로닉스,미들타워,,,O,O,,570mm,453mm,215mm,255mm,,,
302,미니타워,,[마이크로닉스] EDGE Mini,\33800,마이크로닉스,미니타워,,,O,O,,176mm,361mm,385mm,350mm,155mm,,
303,미들타워,,[마이크로닉스] Frontier H300 화이트,\24400,마이크로닉스,미들타워,,O,O,O,아크릴,200mm,410mm,416mm,360mm,156mm,흰색,
304,미들타워,,[마이크로닉스] Frontier H300 블랙,\24400,마이크로닉스,미들타워,,O,O,O,아크릴,200mm,410mm,416mm,360mm,156mm,,
305,미들타워,,[마이크로닉스] 32인치 풀HD 일체형 케이스,\457310,마이크로닉스,미들타워,,O,O,O,,741mm,507mm,242mm,268mm,,,
306,미니타워,,[마이크로닉스] Frontier S300 Mini 화이트,\34600,마이크로닉스,미니타워,,,O,O,아크릴,190mm,438mm,411mm,340mm,156mm,흰색,
307,미니타워,,[마이크로닉스] Frontier S300 Mini 블랙,\34600,마이크로닉스,미니타워,,,O,O,아크릴,190mm,438mm,411mm,340mm,156mm,,
308,리틀밸리,,[마이크로닉스] 1리터 블랙,\44000,마이크로닉스,리틀밸리,,,,O,,207mm,43mm,187mm,,,흰검,
309,리틀밸리,,[마이크로닉스] 1리터 그레이,\46600,마이크로닉스,리틀밸리,,,,O,,207mm,43mm,187mm,,,흰회,
310,미니타워,,[마이크로닉스] Frontier ML-360,\44900,마이크로닉스,미니타워,,,O,O,,170mm,360mm,400mm,330mm,150mm,,
311,,, ,,,,,,,,,,,,,,,
312,,,-- Antec --,,,,,,,,,,,,,,,
313,,, ,,,,,,,,,,,,,,,
314,미니타워,,[Antec] P6,\64390,Antec,미니타워,,,O,O,강화유리,195mm,380mm,410mm,390mm,160mm,,
315,미들타워,,[Antec] DF500 RGB 강화유리,\71000,Antec,미들타워,,O,O,O,강화유리,200mm,480mm,470mm,380mm,165mm,,
316,미들타워,,[Antec] DF500 아크릴,\63000,Antec,미들타워,,O,O,O,아크릴,200mm,480mm,470mm,380mm,165mm,,
317,미들타워,,[Antec] P110 SILENT,\118500,Antec,미들타워,,O,O,O,,230mm,518mm,489mm,390mm,165mm,,
318,미들타워,,[Antec] P110 LUCE,\127900,Antec,미들타워,,O,O,O,강화유리,230mm,518mm,489mm,390mm,165mm,,
319,미들타워,,[Antec] P8,\68500,Antec,미들타워,,O,O,O,강화유리,210mm,443mm,470mm,390mm,165mm,,
320,리틀밸리,,[Antec] CUBE RAZER,\261900,Antec,리틀밸리,,,,O,아크릴,250mm,365mm,460mm,350mm,190mm,,
321,리틀밸리,,[Antec] CUBE,\297500,Antec,리틀밸리,,,,O,아크릴,250mm,365mm,460mm,350mm,190mm,,
322,미들타워,,[Antec] GX1200,\98000,Antec,미들타워,,O,O,O,아크릴,200mm,520mm,500mm,410mm,160mm,,
323,빅타워,,[Antec] S10,\739000,Antec,빅타워,O,O,O,O,,230mm,602mm,590mm,317.5mm,165mm,,
324,미들타워,,[Antec] P100 화이트,\148890,Antec,미들타워,,O,O,O,,220mm,484mm,523mm,317.5mm,170mm,흰색,흰색
325,미들타워,,[Antec] GX300,\60500,Antec,미들타워,,O,O,O,아크릴,210mm,480mm,480mm,400mm,165mm,,
326,빅타워,,[Antec] P380,\329000,Antec,빅타워,O,O,O,O,아크릴,223.6mm,555mm,557mm,465mm,180mm,,
327,빅타워,,[Antec] Nineteen Hundred Green,\372900,Antec,빅타워,,O,O,O,아크릴,221mm,696mm,555mm,330mm,175mm,검초,
328,빅타워,,[Antec] Nineteen Hundred Red,\364900,Antec,빅타워,,O,O,O,아크릴,2211mm,696mm,555mm,330mm,175mm,검빨,
329,미들타워,,[Antec] P100,\118000,Antec,미들타워,,O,O,O,,220mm,484mm,523mm,317.5mm,170mm,,
330,미들타워,,[Antec] P280 WINDOW,\195210,Antec,미들타워,O,O,O,O,아크릴,231mm,526mm,562mm,330mm,170mm,,
331,미들타워,,[Antec] P280 화이트 WINDOW,\216000,Antec,미들타워,,O,O,O,아크릴,231mm,526mm,562mm,330mm,170mm,흰색,흰색
332,미들타워,,[Antec] P280,\161900,Antec,미들타워,,O,O,O,,231mm,526mm,562mm,330mm,170mm,,
333,,, ,,,,,,,,,,,,,,,
334,,,-- be quiet --,,,,,,,,,,,,,,,
335,,, ,,,,,,,,,,,,,,,
336,미들타워,,[be quiet] PURE BASE 600 SILVER,\116000,be quiet,미들타워,,O,O,O,,220mm,470mm,492mm,425mm,165mm,검은,
337,미들타워,,[be quiet] PURE BASE 600 BLACK,\116000,be quiet,미들타워,,O,O,O,,220mm,470mm,492mm,425mm,165mm,은색,
338,미들타워,,[be quiet] SILENT BASE 600 Window Red,\166800,be quiet,미들타워,,O,O,O,아크릴,230mm,493mm,495mm,400mm,167mm,검빨,
339,미들타워,,[be quiet] SILENT BASE 800 Window Red,\209000,be quiet,미들타워,,O,O,O,아크릴,266mm,542mm,495mm,400mm,170mm,검빨,
340,빅타워,,[be quiet] DARK BASE PRO 900 SILVER,\368000,be quiet,빅타워,O,O,O,O,강화유리,243mm,585mm,577mm,472mm,185mm,검은,
341,빅타워,,[be quiet] DARK BASE PRO 900 ORANGE,\368000,be quiet,빅타워,O,O,O,O,강화유리,243mm,585mm,577mm,472mm,185mm,검주,
342,빅타워,,[be quiet] DARK BASE PRO 900 BLACK,\368000,be quiet,빅타워,O,O,O,O,강화유리,243mm,585mm,577mm,472mm,185mm,,
343,미들타워,,[be quiet] SILENT BASE 600 Orange,\152000,be quiet,미들타워,,O,O,O,,230mm,493mm,495mm,400mm,167mm,검주,
344,미들타워,,[be quiet] SILENT BASE 600 Black,\148500,be quiet,미들타워,,O,O,O,,230mm,493mm,495mm,400mm,167mm,,
345,미들타워,,[be quiet] SILENT BASE 600 Silver,\148500,be quiet,미들타워,,O,O,O,,230mm,493mm,495mm,400mm,167mm,은색,
346,미들타워,,[be quiet] SILENT BASE 800 Window Silver,\209000,be quiet,미들타워,,O,O,O,아크릴,266mm,542mm,495mm,400mm,170mm,검은,
347,미들타워,,[be quiet] SILENT BASE 800 Window Orange,\209000,be quiet,미들타워,,O,O,O,아크릴,266mm,542mm,495mm,400mm,170mm,검주,
348,미들타워,,[be quiet] SILENT BASE 800 Window Black,\209000,be quiet,미들타워,,O,O,O,아크릴,266mm,542mm,495mm,400mm,170mm,,
349,미들타워,,[be quiet] SILENT BASE 800 Orange,\204000,be quiet,미들타워,,O,O,O,,266mm,542mm,495mm,400mm,170mm,검주,
350,미들타워,,[be quiet] SILENT BASE 800 Silver,\204000,be quiet,미들타워,,O,O,O,,266mm,542mm,495mm,400mm,170mm,은색,
351,미들타워,,[be quiet] SILENT BASE 800 Black,\489900,be quiet,미들타워,,O,O,O,,266mm,542mm,495mm,400mm,170mm,,
352,,, ,,,,,,,,,,,,,,,
353,,,-- CORSAIR --,,,,,,,,,,,,,,,
354,,, ,,,,,,,,,,,,,,,
355,빅타워,,[CORSAIR] OBSIDIAN 1000D,\-,CORSAIR,빅타워,O,O,O,O,강화유리,307mm,697mm,693mm,400mm,180mm,,
356,미들타워,,[CORSAIR] CARBIDE SERIES 275R Tempered Glass White,\117770,CORSAIR,미들타워,,O,O,O,강화유리,211mm,455mm,460mm,370mm,170mm,흰색,
357,미들타워,,[CORSAIR] CARBIDE SERIES 275R Tempered Glass Black,\117770,CORSAIR,미들타워,,O,O,O,강화유리,211mm,455mm,460mm,370mm,170mm,,
358,미들타워,,[CORSAIR] CRYSTAL SERIES 460X RGB White,\207960,CORSAIR,미들타워,,O,O,O,강화유리,220mm,464mm,440mm,370mm,170mm,,
359,미들타워,,[CORSAIR] CRYSTAL SERIES 570X RGB Mirror Black,\293600,CORSAIR,미들타워,,O,O,O,강화유리,234mm,512mm,480mm,370mm,170mm,,
360,미들타워,,[CORSAIR] OBSIDIAN 500D,\217000,CORSAIR,미들타워,,O,O,O,강화유리,233mm,506mm,502mm,370mm,170mm,,
361,미들타워,,[CORSAIR] CARBIDE SERIES SPEC-OMEGA RED,\158000,CORSAIR,미들타워,,O,O,O,강화유리,232mm,495mm,516mm,370mm,170mm,,
362,미들타워,,[CORSAIR] CARBIDE SERIES SPEC-OMEGA BLACK,\158000,CORSAIR,미들타워,,O,O,O,강화유리,232mm,495mm,516mm,370mm,170mm,,
363,미들타워,,[CORSAIR] CARBIDE SERIES SPEC-OMEGA WHITE,\158000,CORSAIR,미들타워,,O,O,O,강화유리,232mm,495mm,516mm,370mm,170mm,,
364,미들타워,,[CORSAIR] CARBIDE SERIES SPEC-04 Tempered Glass,\95710,CORSAIR,미들타워,,O,O,O,강화유리,201mm,433mm,492mm,370mm,150mm,,
365,미들타워,,[CORSAIR] CRYSTAL SERIES 570X RGB 레드,\272000,CORSAIR,미들타워,,O,O,O,강화유리,234mm,512mm,480mm,370mm,170mm,검빨,
366,미들타워,,[CORSAIR] CRYSTAL SERIES 570X RGB 화이트,\273790,CORSAIR,미들타워,,O,O,O,강화유리,234mm,512mm,480mm,370mm,170mm,검흰,흰색
367,미들타워,,[CORSAIR] CARBIDE SERIES SPEC-04 그레이,\83900,CORSAIR,미들타워,,O,O,O,아크릴,201mm,492mm,433mm,370mm,150mm,검회,
368,미들타워,,[CORSAIR] CARBIDE SERIES SPEC-04 옐로우,\84000,CORSAIR,미들타워,,O,O,O,아크릴,201mm,492mm,433mm,370mm,150mm,검노,
369,미들타워,,[CORSAIR] CARBIDE SERIES SPEC-04 레드,\84000,CORSAIR,미들타워,,O,O,O,아크릴,201mm,492mm,433mm,370mm,150mm,검빨,
370,빅타워(RTX),,[CORSAIR] CARBIDE SERIES CLEAR 600C 화이트,\218250,CORSAIR,빅타워(RTX),O,O,O,O,아크릴,260mm,535mm,454mm,370mm,200mm,흰색,
371,미들타워,,[CORSAIR] CRYSTAL SERIES 570X RGB 블랙,\267570,CORSAIR,미들타워,,O,O,O,강화유리,234mm,512mm,480mm,370mm,170mm,,
372,미들타워,,[CORSAIR] CARBIDE SERIES 270R Windowed,\95000,CORSAIR,미들타워,,O,O,O,아크릴,210mm,460mm,509mm,370mm,170mm,,
373,미들타워,,[CORSAIR] CARBIDE SERIES 270R Standard,\87000,CORSAIR,미들타워,,O,O,O,,210mm,460mm,509mm,370mm,170mm,,
374,미들타워,,[CORSAIR] CRYSTAL SERIES 460X,\145850,CORSAIR,미들타워,,O,O,O,강화유리,220mm,464mm,440mm,370mm,170mm,,
375,미들타워,,[CORSAIR] CRYSTAL SERIES 460X RGB,\204500,CORSAIR,미들타워,,O,O,O,강화유리,220mm,464mm,440mm,370mm,170mm,,
376,미들타워,,[CORSAIR] CARBIDE SERIES AIR 740,\223120,CORSAIR,미들타워,,O,O,O,아크릴,340mm,510mm,426mm,330mm,170mm,,
377,미들타워,,[CORSAIR] CARBIDE SERIES SPEC-ALPHA Black & Yellow,\124000,CORSAIR,미들타워,,O,O,O,아크릴,220mm,518mm,474mm,380mm,156mm,검노,
378,미들타워,,[CORSAIR] CARBIDE SERIES CLEAR 400C 화이트,\156840,CORSAIR,미들타워,O,O,O,O,아크릴,215mm,425mm,464mm,370mm,170mm,흰색,
379,미들타워,,[CORSAIR] CARBIDE SERIES SPEC-ALPHA 화이트 & 레드,\120000,CORSAIR,미들타워,,O,O,O,아크릴,220mm,518mm,474mm,380mm,156mm,흰빨,
380,미들타워,,[CORSAIR] CARBIDE SERIES SPEC-ALPHA Black & Red,\120000,CORSAIR,미들타워,,O,O,O,아크릴,220mm,518mm,474mm,380mm,156mm,검빨,
381,미들타워,,[CORSAIR] CARBIDE SERIES SPEC-ALPHA Black & Yellow,\120000,CORSAIR,미들타워,,O,O,O,아크릴,220mm,518mm,474mm,380mm,156mm,검노,
382,미들타워,,[CORSAIR] CARBIDE SERIES SPEC-ALPHA Black & Silver,\129000,CORSAIR,미들타워,,O,O,O,아크릴,220mm,518mm,474mm,380mm,156mm,검은,
383,미들타워,,[CORSAIR] CARBIDE SERIES QUIET 400Q,\151000,CORSAIR,미들타워,O,O,O,O,,215mm,425mm,464mm,370mm,170mm,,
384,미들타워,,[CORSAIR] CARBIDE SERIES CLEAR 400C,\153490,CORSAIR,미들타워,O,O,O,O,아크릴,215mm,425mm,464mm,370mm,170mm,,
385,미니타워,,[CORSAIR] CARBIDE SERIES 88R,\68900,CORSAIR,미니타워,,,O,O,아크릴,198mm,378mm,448mm,383mm,150mm,,
386,빅타워(RTX),,[CORSAIR] CARBIDE SERIES CLEAR 600C,\192000,CORSAIR,빅타워(RTX),O,O,O,O,아크릴,260mm,535mm,454mm,370mm,200mm,,
387,빅타워,,[CORSAIR] CARBIDE SERIES QUIET 600Q,\197800,CORSAIR,빅타워,O,O,O,O,,260mm,535mm,454mm,370mm,200mm,,
388,빅타워,,[CORSAIR] OBSIDIAN 750D Airflow,\214810,CORSAIR,빅타워,O,O,O,O,아크릴,235mm,560mm,546mm,450mm,170mm,,
389,미들타워,,[CORSAIR] CARBIDE SERIES 100R Window Edition,\74830,CORSAIR,미들타워,,O,O,O,아크릴,200mm,430mm,471mm,414mm,150mm,,
390,미들타워,,[CORSAIR] CARBIDE SERIES 100R Silent Edition,\87000,CORSAIR,미들타워,,O,O,O,,200mm,430mm,471mm,414mm,150mm,,
391,미들타워,,[CORSAIR] CARBIDE SERIES 330R Blackout Edition,\167850,CORSAIR,미들타워,O,O,O,,,210mm,495mm,484mm,420mm,160mm,,
392,미들타워,,[CORSAIR] CARBIDE SERIES 330R Titanium Edition,\167850,CORSAIR,미들타워,O,O,O,O,,210mm,495mm,484mm,450mm,160mm,은색,
393,빅타워,,[CORSAIR] GRAPHITE SERIES 780T BLACK,\290170,CORSAIR,빅타워,O,O,O,O,아크릴,288mm,602mm,637mm,355mm,200mm,,
394,빅타워,,[CORSAIR] GRAPHITE SERIES 780T 화이트,\303050,CORSAIR,빅타워,O,O,O,O,아크릴,288mm,602mm,637mm,355mm,200mm,흰색,
395,리틀밸리,,[CORSAIR] GRAPHITE 380T 화이트,\238000,CORSAIR,리틀밸리,,,,O,,292mm,356mm,393mm,290mm,150mm,흰색,
396,미니타워,,[CORSAIR] AIR 240 Black,\145980,CORSAIR,미니타워,,,O,O,아크릴,260mm,320mm,397mm,290mm,120mm,,
397,미니타워,,[CORSAIR] AIR 240 화이트,\142000,CORSAIR,미니타워,,,O,O,아크릴,260mm,320mm,397mm,290mm,120mm,흰색,
398,미들타워,,[CORSAIR] OBSIDIAN 450D,\168250,CORSAIR,미들타워,O,O,O,O,아크릴,210mm,497mm,494mm,430mm,165mm,,
399,미들타워,,[CORSAIR] CARBIDE SERIES AIR 540 화이트,\183000,CORSAIR,미들타워,O,O,O,O,아크릴,332mm,415mm,458mm,320mm,170mm,흰색,
400,미니타워,,[CORSAIR] OBSIDIAN 250D,\161200,CORSAIR,미니타워,,,,O,,277mm,290mm,391mm,290mm,95mm,,
401,미들타워,,[CORSAIR] CARBIDE SERIES AIR 540 Silver,\187000,CORSAIR,미들타워,O,O,O,O,아크릴,332mm,415mm,458mm,320mm,170mm,은색,
402,빅타워,,[CORSAIR] OBSIDIAN 750D ,\214370,CORSAIR,빅타워,O,O,O,O,아크릴,235mm,560mm,546mm,450mm,170mm,,
403,미들타워,,[CORSAIR] CARBIDE SERIES AIR 540,\185960,CORSAIR,미들타워,O,O,O,O,아크릴,332mm,415mm,458mm,320mm,170mm,,
404,빅타워,,[CORSAIR] OBSIDIAN 900D,\517920,CORSAIR,빅타워,O,O,O,O,아크릴,252mm,692mm,650mm,540mm,180mm,,
405,미니타워,,[CORSAIR] OBSIDIAN 350D,\162370,CORSAIR,미니타워,,,O,O,아크릴,210mm,450mm,440mm,380mm,160mm,,
406,미들타워,,[CORSAIR] CARBIDE SERIES 200R,\78000,CORSAIR,미들타워,,O,O,,,210mm,430mm,497mm,410mm,,,
407,,, ,,,,,,,,,,,,,,,
408,,,-- Fractal Design --,,,,,,,,,,,,,,,
409,,, ,,,,,,,,,,,,,,,
410,미들타워,,[Fractal Design] Meshify C White 강화유리,\132000,Fractal Design,미들타워,,O,O,O,강화유리,217mm,440mm,395mm,335mm,172mm,,
411,미니타워,,[Fractal Design] Meshify C Mini Dark TG,\123000,Fractal Design,미니타워,,,O,O,강화유리,217mm,412mm,409mm,335mm,172mm,,
412,미들타워,,[Fractal Design] Meshify C Solid,\111000,Fractal Design,미들타워,,O,O,O,,212mm,440mm,395mm,335mm,170mm,,
413,미들타워,,[Fractal Design] Meshify C Light tint 강화유리,\129000,Fractal Design,미들타워,,O,O,O,강화유리,217mm,440mm,395mm,335mm,172mm,,
414,미들타워,,[Fractal Design] Define R6 Blackout,\188000,Fractal Design,미들타워,,O,O,O,강화유리,233mm,465mm,543mm,440mm,185mm,,
415,미들타워,,[Fractal Design] Define R6 Blackout 강화유리,\212000,Fractal Design,미들타워,,O,O,O,강화유리,233mm,465mm,543mm,440mm,185mm,,
416,미들타워,,[Fractal Design] Meshify C 강화유리,\128000,Fractal Design,미들타워,,O,O,O,강화유리,217mm,440mm,395mm,335mm,172mm,,
417,미니타워,,[Fractal Design] Define Mini C 강화유리,\124000,Fractal Design,미니타워,,,O,O,강화유리,210mm,412mm,413mm,315mm,168mm,,
418,미들타워,,[Fractal Design] Define C 강화유리,\133000,Fractal Design,미들타워,,O,O,O,강화유리,210mm,453mm,413mm,315mm,168mm,,
419,미들타워,,[Fractal Design] Define XL R2 Black Pearl,\175000,Fractal Design,미들타워,O,O,O,O,,232mm,559mm,560mm,480mm,180mm,,
420,미들타워,,[Fractal Design] Define XL R2 Titanium Grey,\175000,Fractal Design,미들타워,O,O,O,O,,232mm,559mm,560mm,480mm,180mm,회색,
421,미들타워,,[Fractal Design] Define C,\118000,Fractal Design,미들타워,,O,O,O,,210mm,453mm,413mm,315mm,168mm,,
422,미들타워,,[Fractal Design] Define R5 Blackout,\163000,Fractal Design,미들타워,,O,O,O,,232mm,451mm,521mm,440mm,180mm,,
423,미니타워,,[Fractal Design] Define Mini C,\111000,Fractal Design,미니타워,,,O,O,,210mm,412mm,413mm,315mm,168mm,,
424,리틀밸리,,[Fractal Design] NODE 304 화이트,\107000,Fractal Design,리틀밸리,,,,O,,250mm,210mm,374mm,310mm,165mm,흰색,흰색
425,리틀밸리,,[Fractal Design] NODE 304 Black,\107000,Fractal Design,리틀밸리,,,,O,,250mm,210mm,374mm,310mm,165mm,,
426,미들타워,,[Fractal Design] Define R5 화이트,\163000,Fractal Design,미들타워,,O,O,O,,232mm,451mm,521mm,440mm,180mm,흰색,흰색
427,미들타워,,[Fractal Design] Define R5 Blackout Window,\171000,Fractal Design,미들타워,,O,O,O,아크릴,232mm,451mm,521mm,440mm,180mm,,
428,미들타워,,[Fractal Design] Define S window,\125000,Fractal Design,미들타워,,O,O,O,아크릴,233mm,451mm,520mm,450mm,180mm,,
429,미들타워,,[Fractal Design] Define R5 Titanium,\155410,Fractal Design,미들타워,,O,O,O,,232mm,451mm,521mm,440mm,180mm,은색,
430,미들타워,,[Fractal Design] Define C Window,\119000,Fractal Design,미들타워,,O,O,O,,210mm,453mm,413mm,315mm,168mm,,
431,미들타워,,[Fractal Design] Define R5 Titanium Window,\171000,Fractal Design,미들타워,,O,O,O,아크릴,232mm,451mm,521mm,440mm,180mm,은색,
432,미들타워,,[Fractal Design] Define R5 화이트 Window,\171000,Fractal Design,미들타워,,O,O,O,아크릴,232mm,451mm,521mm,440mm,180mm,흰색,흰색
433,미들타워,,[Fractal Design] Define R5 화이트&골드 Window,\171000,Fractal Design,미들타워,,O,O,O,아크릴,232mm,451mm,521mm,440mm,180mm,흰색,흰금
434,미니타워,,[Fractal Design] Define Mini C Window,\125800,Fractal Design,미니타워,,,O,O,아크릴,210mm,412mm,413mm,315mm,168mm,,
435,미니타워,,[Fractal Design] NODE 804,\143000,Fractal Design,미니타워,,,O,O,아크릴,344mm,307mm,389mm,320mm,160mm,,
436,리틀밸리,,[Fractal Design] NODE 202,\113000,Fractal Design,리틀밸리,,,,O,,377mm,82mm,330mm,310mm,56mm,,
437,리틀밸리,,[Fractal Design] Define Nano S Window,\99000,Fractal Design,리틀밸리,,,,O,아크릴,203mm,330mm,400mm,335mm,160mm,,
438,미들타워,,[Fractal Design] CORE 3500 WINDOW,\125000,Fractal Design,미들타워,O,O,O,O,아크릴,322mm,465mm,517mm,430mm,180mm,,
439,리틀밸리,,[Fractal Design] Define Nano S,\116160,Fractal Design,리틀밸리,,,,O,,203mm,330mm,400mm,335mm,160mm,,
440,미들타워,,[Fractal Design] Define S,\117480,Fractal Design,미들타워,,O,O,O,,233mm,451mm,520mm,450mm,180mm,,
441,미들타워,,[Fractal Design] ARC Midi R2,\125000,Fractal Design,미들타워,,O,O,O,아크릴,230mm,460mm,515mm,430mm,180mm,,
442,,, ,,,,,,,,,,,,,,,
443,,,-- IN WIN --,,,,,,,,,,,,,,,
444,,, ,,,,,,,,,,,,,,,
445,미니타워,,[IN WIN] 301 화이트,\84500,IN WIN,미니타워,,,O,O,강화유리,188mm,365mm,370mm,330mm,158mm,흰색,
446,미니타워,,[IN WIN] 301 블랙,\84500,IN WIN,미니타워,,,O,O,강화유리,188mm,365mm,370mm,330mm,158mm,,
447,미들타워,,[IN WIN] 805 인피니티 블랙,\359000,IN WIN,미들타워,,O,O,O,강화유리,205mm,476mm,472.5mm,320mm,156mm,,
448,미들타워,,[IN WIN] 303 화이트,\105000,IN WIN,미들타워,,O,O,O,강화유리,2125mm,500mm,480mm,350mm,160mm,흰색,
449,미들타워,,[IN WIN] 303 블랙,\105000,IN WIN,미들타워,,O,O,O,강화유리,2125mm,500mm,480mm,350mm,160mm,,
450,미니타워,,[IN WIN] EN-021 USB3.0,\28780,IN WIN,미니타워,,,O,,,168mm,360mm,390mm,330mm,145mm,,
451,미니타워,,[IN WIN] EM058 USB3.0,\42000,IN WIN,미니타워,,,O,O,,190mm,350mm,380mm,350mm,165mm,검빨,
452,빅타워,,[IN WIN] 909 X-VIEW 블랙,\436000,IN WIN,빅타워,O,O,O,,강화유리,231mm,540mm,575mm,320mm,175mm,검빨,
453,미니타워,,[IN WIN] EF-054 USB3.0,\32600,IN WIN,미니타워,,,O,O,,170mm,350mm,390mm,330mm,145mm,,
454,미들타워,,[IN WIN] 805 TG3.0 레드,\158000,IN WIN,미들타워,,O,O,,강화유리,205mm,476mm,455mm,320mm,156mm,검빨,
455,빅타워,,[IN WIN] 909 X-VIEW,\436000,IN WIN,빅타워,O,O,O,,강화유리,231mm,540mm,575mm,320mm,175mm,은색,
456,미들타워,,[IN WIN] 805 TG3.0 블랙,\-,IN WIN,미들타워,,O,O,,강화유리,205mm,476mm,455mm,320mm,156mm,,
457,빅타워,,[IN WIN] GR ONE 화이트 EDGE 3.0,\127900,IN WIN,빅타워,O,O,,,아크릴,245mm,562mm,593mm,340mm,200mm,흰색,흰색
458,빅타워,,[IN WIN] GR ONE 블랙 EDGE 3.0,\132900,IN WIN,빅타워,O,O,,,아크릴,245mm,562mm,593mm,340mm,200mm,검빨,
459,미들타워,,[IN WIN] 703 게이밍 블랙,\49000,IN WIN,미들타워,,O,O,O,아크릴,210mm,432mm,477mm,408mm,170mm,검빨,
460,미니타워,,[IN WIN] Z645 USB 3.0,\44500,IN WIN,미니타워,,,O,O,,180mm,363mm,370mm,320mm,155mm,,
461,미니타워,,[IN WIN] Z583 블랙 USB 3.0,\44500,IN WIN,미니타워,,,O,O,,180mm,363mm,370mm,320mm,155mm,,
462,미들타워,,[IN WIN] C583 블랙 USB 3.0,\52500,IN WIN,미들타워,,O,O,,,190mm,423mm,435mm,280mm,165mm,,
463,빅타워,,[IN WIN] 707 게이밍 블랙,\89000,IN WIN,빅타워,O,O,,,아크릴,243mm,532mm,582mm,365mm,206mm,검빨,
464,미들타워,,[IN WIN] G7 다크니스,\42500,IN WIN,미들타워,,O,O,O,,198mm,461mm,479mm,409mm,165mm,,
465,미들타워,,[IN WIN] EA047 USB3.0,\35000,IN WIN,미들타워,,O,O,O,,220mm,415mm,445mm,400mm,165mm,,
466,미니타워,,[IN WIN] EM048 USB3.0,\35500,IN WIN,미니타워,,,O,O,,190mm,350mm,380mm,350mm,165mm,,
467,미니타워,,[IN WIN] BL634 USB 3.0 화이트,\44000,IN WIN,미니타워,,,O,O,,96mm,330mm,365mm,220mm,,흰색,
468,빅타워,,[IN WIN] GR ONE USB 3.0 화이트,\143600,IN WIN,빅타워,O,O,,,아크릴,245mm,562mm,593mm,340mm,200mm,흰색,흰색
469,,, ,,,,,,,,,,,,,,,
470,,,-- SilverStone --,,,,,,,,,,,,,,,
471,,, ,,,,,,,,,,,,,,,
472,리틀밸리,,[SilverStone] RVZ03B,\135000,SilverStone,리틀밸리,,,,O,,382mm,105mm,350mm,330mm,83mm,,
473,미들타워,,[SilverStone] Redline R707W-G,\119830,SilverStone,미들타워,,O,O,,강화유리,226mm,488mm,465mm,415mm,167mm,,
474,미들타워,,[SilverStone] SST-CS380B,\172000,SilverStone,미들타워,,O,O,O,,215mm,426mm,488mm,241mm,146mm,,
475,리틀밸리,,[SilverStone] Precision SST-PT13B-USB3.0,\76000,SilverStone,리틀밸리,,,,O,,186mm,42mm,181mm,,30mm,,
476,미들타워,,[SilverStone] Precision PS14B-W,\58000,SilverStone,미들타워,,O,O,,,210mm,485mm,458.6mm,401mm,165mm,,
477,미들타워,,[SilverStone] Redline RL07B-G,\123760,SilverStone,미들타워,,O,O,,강화유리,226mm,488mm,465mm,415mm,167mm,,
478,미들타워,,[SilverStone] Primera PM02W-G,\155410,SilverStone,미들타워,,O,O,,강화유리,,,,415mm,,,
479,리틀밸리,,[SilverStone] RAVEN RVZ03W,\150230,SilverStone,리틀밸리,,,,O,,105mm,382mm,350mm,330mm,150mm,,
480,미들타워,,[SilverStone] Redline RL06WS-GP iBORA,\116000,SilverStone,미들타워,,O,O,,강화유리,200mm,477mm,455mm,348mm,158mm,흰검,
481,미들타워,,[SilverStone] Redline RL06BR-GP iBORA,\116000,SilverStone,미들타워,,O,O,,강화유리,200mm,477mm,455mm,348mm,158mm,검빨,
482,미들타워,,[SilverStone] Precision PS14B iBORA,\53040,SilverStone,미들타워,,O,O,,,210mm,465mm,458.6mm,401mm,165mm,,
483,미들타워,,[SilverStone] Redline RL06WS-PRO iBORA,\113300,SilverStone,미들타워,,O,O,,아크릴,200mm,477mm,455mm,348mm,158mm,흰색,
484,미들타워,,[SilverStone] Redline RL06BR-PRO iBORA,\113300,SilverStone,미들타워,,O,O,,아크릴,200mm,477mm,455mm,348mm,158mm,검빨,
485,미들타워,,[SilverStone] Kublai KL07B iBORA,\122650,SilverStone,미들타워,,O,O,,,222mm,510mm,467mm,388mm,172mm,,
486,미들타워,,[SilverStone] Redline RL05BR-W iBORA,\89000,SilverStone,미들타워,,O,O,,아크릴,210mm,465mm,450mm,373mm,165mm,검빨,
487,리틀밸리,,[SilverStone] RAVEN RVZ01B-E iBORA,\120700,SilverStone,리틀밸리,,,,O,,382mm,105mm,350mm,330mm,83mm,,
488,리틀밸리,,[SilverStone] Milo ML09B iBORA,\87550,SilverStone,리틀밸리,,,,O,,350mm,109mm,205mm,175mm,70mm,,
489,리틀밸리,,[SilverStone] Sugo SG13WB-Q iBORA,\64890,SilverStone,리틀밸리,,,,O,,222mm,181mm,285mm,266mm,61mm,흰색,흰색
490,미들타워,,[SilverStone] Precision PS13B-W iBORA,\62310,SilverStone,미들타워,,O,O,,아크릴,182mm,426mm,400mm,347mm,159mm,,
491,미들타워,,[SilverStone] Precision PS13B iBORA,\58710,SilverStone,미들타워,,O,O,,,182mm,426mm,400mm,347mm,162mm,,
492,미들타워,,[SilverStone] PRIMERA PM01WA-W iBORA,\129990,SilverStone,미들타워,,O,O,,아크릴,220mm,571mm,560mm,419mm,180mm,흰색,
493,미들타워,,[SilverStone] PRIMERA PM01BR-W iBORA,\129990,SilverStone,미들타워,,O,O,,아크릴,220mm,571mm,560mm,419mm,180mm,검빨,
494,미니타워,,[SilverStone] Precision PS12B iBORA,\52320,SilverStone,미니타워,,,O,O,,170mm,360mm,405mm,360mm,140mm,,
495,미들타워,,[SilverStone] RAVEN RVX01BR-W iBORA,\123350,SilverStone,미들타워,,O,O,,아크릴,215mm,485mm,500mm,347mm,162mm,검빨,
496,리틀밸리,,[SilverStone] RAVEN RVZ02B-W iBORA,\120000,SilverStone,리틀밸리,,,,O,,380mm,87mm,370mm,330mm,58mm,,
497,리틀밸리,,[SilverStone] RAVEN RVZ02B IBORA,\104340,SilverStone,리틀밸리,,,,O,,380mm,87mm,370mm,330mm,58mm,,
498,리틀밸리,,[SilverStone] CS01B-HS iBORA,\229950,SilverStone,리틀밸리,,,,O,,210.5mm,322mm,210mm,,68mm,,
499,리틀밸리,,[SilverStone] Sugo SG13WB iBORA,\62400,SilverStone,리틀밸리,,,,O,,222mm,181mm,285mm,266mm,61mm,흰색,흰색
500,리틀밸리,,[SilverStone] Petit Series PT13B iBORA,\72310,SilverStone,리틀밸리,,,,O,,186mm,42mm,181mm,,30mm,,
501,미들타워,,[SilverStone] RAVEN RV05WB-W iBORA,\173000,SilverStone,미들타워,,O,O,,아크릴,242mm,529mm,498mm,310mm,162mm,흰색,
502,리틀밸리,,[SilverStone] Sugo SG13B-Q iBORA,\62170,SilverStone,리틀밸리,,,,O,,222mm,181mm,285mm,267mm,61mm,,
503,미니타워,,[SilverStone] Sugo SG11B iBORA,\91170,SilverStone,미니타워,,,O,O,,270mm,212mm,393mm,366mm,82mm,,
504,리틀밸리,,[SilverStone] Sugo SG13B iBORA,\60000,SilverStone,리틀밸리,,,,O,,222mm,181mm,285mm,266mm,61mm,,
505,미들타워,,[SilverStone] Precision PS11B-Q iBORA,\67860,SilverStone,미들타워,,O,O,,,215.3mm,426.5mm,481.5mm,411mm,161mm,,
506,미들타워,,[SilverStone] Kublai KL05B-W iBORA,\104400,SilverStone,미들타워,,O,O,,아크릴,200mm,525mm,494mm,406mm,165mm,,
507,미들타워,,[SilverStone] Grandia GD09B iBORA,\109820,SilverStone,미들타워,,O,O,,,440mm,170mm,358mm,309mm,138mm,,
508,미들타워,,[SilverStone] RAVEN RV05B iBORA,\152900,SilverStone,미들타워,,O,O,,,242mm,529mm,498mm,310mm,162mm,,
509,미들타워,,[SilverStone] RAVEN RV05B-W iBORA,\163000,SilverStone,미들타워,,O,O,,아크릴,242mm,529mm,498mm,310mm,162mm,,
510,,, ,,,,,,,,,,,,,,,
511,,,-- 리안리 --,,,,,,,,,,,,,,,
512,,, ,,,,,,,,,,,,,,,
513,리틀밸리,,[리안리] PC-Q38WA 실버,\135200,리안리,리틀밸리,,,,O,아크릴,180mm,295mm,372mm,315mm,140mm,,
514,리틀밸리,,[리안리] PC-Q38WX 블랙,\135200,리안리,리틀밸리,,,,O,아크릴,180mm,295mm,372mm,315mm,140mm,,
515,미들타워,,[리안리] Alpha300 WHITE,\148710,리안리,미들타워,,O,O,O,강화유리,230mm,517mm,495mm,430mm,170mm,,
516,미들타워,,[리안리] Alpha330,\145980,리안리,미들타워,,O,O,O,강화유리,230mm,517mm,495mm,430mm,170mm,,
517,빅타워,,[리안리] PC-V3000,\545300,리안리,빅타워,O,O,,,강화유리,245mm,625mm,605mm,360mm,170mm,,
518,미들타워,,[리안리] PC-8FB 블랙,\133100,리안리,미들타워,,O,O,,,210mm,476mm,500mm,410mm,170mm,,은색
519,미들타워,,[리안리] PC-O11WGX ROG 올블랙 튜닝 윈도우 Ver,\-,리안리,미들타워,O,O,O,O,강화유리,277mm,516mm,457mm,430mm,150mm,,
520,리틀밸리,,[리안리] PC-Q37WX 올블랙 튜닝 윈도우 Ver,\259160,리안리,리틀밸리,,,,O,강화유리,237mm,345mm,346mm,320mm,130mm,,
521,미들타워,,[리안리] PC-O11WW+O11-1W Riser Kit 합본 튜닝 윈도우Ver.,\331620,리안리,미들타워,O,O,O,O,강화유리,277mm,516mm,457mm,430mm,150mm,흰색,흰색
522,미들타워,,[리안리] PC-O11WW 화이트 튜닝 윈도우Ver.,\263030,리안리,미들타워,O,O,O,O,강화유리,277mm,516mm,457mm,430mm,150mm,흰색,흰색
523,미들타워,,[리안리] PC-O11WX+O11-1X Riser Kit 합본 튜닝 윈도우Ver.,\308000,리안리,미들타워,O,O,O,O,강화유리,277mm,516mm,457mm,430mm,150mm,,
524,미들타워,,[리안리] PC-O11WX 올블랙 튜닝 윈도우Ver.,\240000,리안리,미들타워,O,O,O,O,강화유리,277mm,516mm,457mm,430mm,150mm,,
525,미들타워,,[리안리] PC-O8 화이트 Mirror Painting Ver.,\642410,리안리,미들타워,,O,O,,강화유리,341mm,428mm,404mm,370mm,170mm,흰색,
526,미들타워,,[리안리] PC-O7SW 화이트 Mirror Painting Ver.,\640790,리안리,미들타워,,O,,,아크릴,148mm,585mm,514mm,430mm,85mm,흰색,
527,리틀밸리,,[리안리] PC-O5SW 화이트 Mirror Painting Ver.,\486000,리안리,리틀밸리,,,,O,,148mm,465mm,384mm,300mm,85mm,흰색,
528,미들타워,,[리안리] PC-O9WX 올블랙 RGB 튜닝 윈도우Ver.,\585000,리안리,미들타워,O,O,O,,강화유리,354mm,482mm,465mm,290mm,160mm,검흰,
529,미들타워,,[리안리] PC-J60WRX 올블랙/레드 윈도우 Ver.,\269340,리안리,미들타워,,O,O,,아크릴,210mm,507mm,489mm,410mm,160mm,검빨,
530,리틀밸리,,[리안리] PC-Q34RD 레드,\119580,리안리,리틀밸리,,,,O,,228mm,330mm,250mm,220mm,140mm,빨강,빨강
531,미들타워,,[리안리] PC-7N 블랙,\123860,리안리,미들타워,,O,O,O,,210mm,473mm,500mm,370mm,170mm,,
532,미들타워,,[리안리] PC-7N 실버,\122700,리안리,미들타워,,O,O,O,,210mm,473mm,500mm,370mm,170mm,은색,
533,미들타워,,[리안리] PC-O8 메탈블루,\485190,리안리,미들타워,,O,O,,강화유리,341mm,428mm,404mm,370mm,170mm,파랑,
534,빅타워,,[리안리] Computer Desk DK-03X,\1650000,리안리,빅타워,O,O,O,O,강화유리,1300mm,815mm,700mm,440mm,90mm,,
535,미들타워,,[리안리] PC-X510WX,\483780,리안리,미들타워,,O,O,,강화유리,240mm,620mm,436mm,330mm,180mm,,
536,미들타워,,[리안리] PC-TU300X 올블랙,\300000,리안리,미들타워,,O,O,,,218mm,398mm,440mm,300mm,160mm,,
537,미들타워,,[리안리] PC-TU300A 실버,\281000,리안리,미들타워,,O,O,,,218mm,398mm,440mm,300mm,160mm,은색,
538,리틀밸리,,[리안리] PC-Q21B 블랙,\87000,리안리,리틀밸리,,,,O,,149mm,257mm,224mm,190mm,60mm,,
539,리틀밸리,,[리안리] PC-Q21A 실버,\84220,리안리,리틀밸리,,,,O,,149mm,257mm,224mm,190mm,60mm,은색,
540,리틀밸리,,[리안리] PC-Q20W 화이트,\101810,리안리,리틀밸리,,,,O,,149mm,235mm,205mm,170mm,60mm,흰색,흰색
541,미들타워,,[리안리] PC-V33WX 올블랙 윈도우ver.,\302000,리안리,미들타워,,O,O,,강화유리,334mm,352mm,390mm,330mm,190mm,,
542,미들타워,,[리안리] PC-V33B 블랙,\249000,리안리,미들타워,,O,O,,,334mm,352mm,390mm,330mm,190mm,,
543,미들타워,,[리안리] PC-V33A 실버,\240220,리안리,미들타워,,O,O,,,334mm,352mm,390mm,330mm,190mm,은색,
544,리틀밸리,,[리안리] PC-Q17WX,\242100,리안리,리틀밸리,,,,O,,201mm,276mm,407mm,270mm,140mm,,
545,미들타워,,[리안리] PC-O8,\485190,리안리,미들타워,,O,O,,강화유리,341mm,428mm,404mm,370mm,170mm,,
546,리틀밸리,,[리안리] PC-Q33WB 블랙,\138300,리안리,리틀밸리,,,,O,,229mm,328mm,240mm,220mm,180mm,,
547,리틀밸리,,[리안리] PC-Q33WA 실버,\138300,리안리,리틀밸리,,,,O,,229mm,328mm,240mm,220mm,180mm,은색,
548,,, ,,,,,,,,,,,,,,,
549,,,-- 써멀테이크 --,,,,,,,,,,,,,,,
550,,, ,,,,,,,,,,,,,,,
551,미들타워,,[써멀테이크] Core P90 강화유리 에디션,\232950,써멀테이크,미들타워,,O,O,O,강화유리,470mm,470mm,615mm,320mm,180mm,,
552,빅타워,,[써멀테이크] View 91 강화유리 RGB Plus 에디션,\555330,써멀테이크,빅타워,O,O,O,O,강화유리,344mm,691mm,645mm,600mm,200mm,,
553,미들타워,,[써멀테이크] Versa C24 RGB 에디션,\68640,써멀테이크,미들타워,,O,O,O,아크릴,213mm,516mm,512mm,380mm,180mm,,
554,미들타워,,[써멀테이크] Versa C22 RGB 에디션,\68640,써멀테이크,미들타워,,O,O,O,아크릴,198mm,538mm,490mm,390mm,160mm,,
555,미들타워,,[써멀테이크] View 22 강화유리 에디션,\68640,써멀테이크,미들타워,,O,O,O,강화유리,223mm,467mm,49mm,400mm,160mm,,
556,빅타워,,[써멀테이크] Core X71 강화유리 에디션,\206610,써멀테이크,빅타워,,O,O,O,강화유리,250mm,677mm,511mm,420mm,180mm,,
557,미들타워,,[써멀테이크] Core X5 강화유리 에디션 아스크텍,\222000,써멀테이크,미들타워,O,O,O,O,강화유리,371mm,463mm,540mm,480mm,230mm,,
558,미들타워,,[써멀테이크] View 21 강화유리 에디션 에스크텍,\94000,써멀테이크,미들타워,,O,O,O,강화유리,208mm,492mm,471mm,410mm,160mm,,
559,미들타워,,[써멀테이크] Core P5 강화유리 스노우 에디션 아스크텍,\310000,써멀테이크,미들타워,,O,O,O,강화유리,333mm,608mm,570mm,570mm,180mm,흰색,흰색
560,빅타워,,[써멀테이크] View 71 강화유리 RGB 에디션 아스크텍,\265000,써멀테이크,빅타워,O,O,O,O,강화유리,274mm,592mm,577mm,410mm,190mm,,
561,미들타워,,[써멀테이크] Core P5 강화유리 에디션 아스크텍,\311000,써멀테이크,미들타워,,O,O,O,강화유리,333mm,608mm,570mm,570mm,180mm,,
562,빅타워,,[써멀테이크] Core W200 아스크텍,\-,써멀테이크,빅타워,O,O,O,O,아크릴,475mm,878mm,678mm,635mm,200mm,,
563,빅타워,,[써멀테이크] Core WP200 아스크텍,\-,써멀테이크,빅타워,O,O,O,O,아크릴,475mm,878mm,678mm,635mm,200mm,,
564,미들타워,,[써멀테이크] Core X5 강화유리 스노우 에디션 아스크텍,\224820,써멀테이크,미들타워,O,O,O,O,강화유리,371mm,463mm,540mm,480mm,230mm,흰색,흰색
565,미들타워,,[써멀테이크] View 31 강화유리 RGB 에디션 아스크텍,\158000,써멀테이크,미들타워,,O,O,O,강화유리,250mm,497mm,511mm,420mm,180mm,,
566,미들타워,,[써멀테이크] Versa C23 강화유리 RGB 에디션 아스크텍,\95000,써멀테이크,미들타워,,O,O,O,강화유리,200mm,510mm,508mm,400mm,155mm,,
567,미들타워,,[써멀테이크] Core X31 강화유리 아스크텍,\145000,써멀테이크,미들타워,,O,O,O,강화유리,250mm,497mm,511mm,420mm,180mm,,
568,리틀밸리,,[써멀테이크] Core P1 강화유리 아스크텍,\140000,써멀테이크,리틀밸리,,,,O,강화유리,332mm,422mm,380mm,380mm,170mm,,
569,미들타워,,[써멀테이크] Core X5 Riing Edition - ATX Cube Chassis 아스크텍,\-,써멀테이크,미들타워,O,O,O,O,아크릴,371mm,463mm,540mm,480mm,230mm,녹색,
570,빅타워,,[써멀테이크] The Tower 900 E-ATX Vertical Super 아스크텍,\304000,써멀테이크,빅타워,O,O,O,O,강화유리,423mm,752mm,483mm,400mm,260mm,,
571,빅타워,,[써멀테이크] The Tower 900 Snow Edition E-ATX Vertical Super 아스크텍,\304000,써멀테이크,빅타워,O,O,O,O,강화유리,423mm,752mm,483mm,400mm,260mm,흰색,흰색
572,미들타워,,[써멀테이크] View27 아스크텍,\85000,써멀테이크,미들타워,,O,O,O,아크릴,201mm,508mm,479mm,410mm,155mm,,
573,빅타워,,[써멀테이크] Core W100 아스크텍,\-,써멀테이크,빅타워,O,O,O,O,아크릴,310mm,677mm,678mm,635mm,200mm,,
574,미들타워,,[써멀테이크] Core P3 SE Snow Edition - Mid Tower Chassis 아스크텍,\144900,써멀테이크,미들타워,,O,O,O,아크릴,333mm,512mm,470mm,450mm,180mm,흰색,흰색
575,미들타워,,[써멀테이크] Core P3 SE Black - Mid Tower Chassis 아스크텍,\133600,써멀테이크,미들타워,,O,O,O,아크릴,333mm,512mm,470mm,450mm,180mm,,
576,미들타워,,[써멀테이크] Suppressor F51 Power Cover Edition 아스크텍,\149190,써멀테이크,미들타워,O,O,O,O,아크릴,230mm,525mm,577mm,465mm,185mm,,
577,빅타워,,[써멀테이크] Core X71 - Full Tower Chassis 아스크텍,\175000,써멀테이크,빅타워,,O,O,O,아크릴,250mm,677mm,511mm,420mm,180mm,,
578,미들타워,,[써멀테이크] Core X5 - ATX Cube Chassis 아스크텍,\187730,써멀테이크,미들타워,O,O,O,O,아크릴,371mm,463mm,540mm,480mm,230mm,,
579,미들타워,,[써멀테이크] Core X31 RGB Edition - Mid Tower Chassis 아스크텍,\148700,써멀테이크,미들타워,,O,O,O,아크릴,250mm,497mm,511mm,420mm,180mm,,
580,미들타워,,[써멀테이크] Suppressor F51 Window 아스크텍,\96570,써멀테이크,미들타워,O,O,O,O,아크릴,230mm,525mm,577mm,465mm,185mm,,
581,미들타워,,[써멀테이크] Core X9 Snow Edition - E-ATX Cube Chassis 아스크텍,\196000,써멀테이크,미들타워,O,O,O,O,아크릴,380mm,502mm,640mm,400mm,250mm,흰색,흰색
582,미들타워,,[써멀테이크] Suppressor F31 아스크텍,\109000,써멀테이크,미들타워,,O,O,O,아크릴,250mm,497mm,515mm,420mm,180mm,,
583,리틀밸리,,[써멀테이크] Suppressor F1 아스크텍,\65040,써멀테이크,리틀밸리,,,,O,,260mm,276mm,319mm,285mm,140mm,,
584,빅타워,,[써멀테이크] Core P5 아스크텍,\166840,써멀테이크,빅타워,,O,O,O,아크릴,333mm,608mm,570mm,320mm,180mm,,
585,리틀밸리,,[써멀테이크] Core V1 Snow Edition Mini ITX Chassis 아스크텍,\60900,써멀테이크,리틀밸리,,,,O,,260mm,276mm,316mm,285mm,140mm,흰색,흰색
586,미들타워,,[써멀테이크] Suppressor F51 아스크텍,\152000,써멀테이크,미들타워,O,O,O,O,아크릴,230mm,525mm,577mm,465mm,185mm,,
587,빅타워,,[써멀테이크] Core V71 - Full-Tower Chassis 아스크텍,\196000,써멀테이크,빅타워,O,O,O,,아크릴,230mm,583mm,560mm,400mm,185mm,,
588,빅타워,,[써멀테이크] Urban T81 - Full-Tower Chassis 아스크텍,\260440,써멀테이크,빅타워,O,O,O,,아크릴,235mm,585mm,602mm,400mm,180mm,,
589,미들타워,,[써멀테이크] Urban T31 - mid-tower chassis 아스크텍,\114980,써멀테이크,미들타워,,O,O,,아크릴,206mm,511mm,500mm,410mm,155mm,,
590,미들타워,,[써멀테이크] Urban R31 - windowed mid-tower chassis 아스크텍,\-,써멀테이크,미들타워,,O,O,,아크릴,206mm,511mm,490mm,290mm,155mm,,
591,미들타워,,[써멀테이크] Core X9 - E-ATX Cube Chassis 아스크텍,\198500,써멀테이크,미들타워,O,O,O,O,아크릴,380mm,502mm,640mm,400mm,250mm,,
592,리틀밸리,,[써멀테이크] Core X1 - ITX Cube Chassis 아스크텍,\103000,써멀테이크,리틀밸리,,,,O,,280mm,426mm,471mm,280mm,200mm,,
593,미들타워,,[써멀테이크] Core V51 - Window Mid-Tower Chassis 아스크텍,\96150,써멀테이크,미들타워,O,O,O,O,아크릴,236mm,540mm,560mm,480mm,185mm,,
594,미니타워,,[써멀테이크] Core V21 - Micro Chassis 아스크텍,\84500,써멀테이크,미니타워,,,O,O,아크릴,320mm,336mm,424mm,350mm,185mm,,
595,리틀밸리,,[써멀테이크] Core V1 - Mini Chassis 아스크텍,\58500,써멀테이크,리틀밸리,,,,O,,260mm,276mm,316mm,285mm,140mm,,
596,빅타워,,[써멀테이크] VN10008W2N Level 10 GT Battle Edition 아스크텍,\267650,써멀테이크,빅타워,O,O,O,,,282mm,584mm,590mm,360mm,190mm,녹색,
597,빅타워,,[써멀테이크] VN10006W2N Level 10 GT Snow Edition 아스크텍,\262880,써멀테이크,빅타워,O,O,O,,,282mm,584mm,590mm,360mm,190mm,흰색,
598,빅타워,,[써멀테이크] VN10001W2N Level 10 GT 아스크텍,\256000,써멀테이크,빅타워,O,O,O,,,282mm,584mm,590mm,360mm,190mm,,
599,,, ,,,,,,,,,,,,,,,
600,,,-- Bravotec --,,,,,,,,,,,,,,,
601,,, ,,,,,,,,,,,,,,,
602,미들타워,,[BRAVOTEC] U4 Black Red 강화유리,\95670,BRAVOTEC,미들타워,,O,O,O,강화유리,205mm,428mm,340mm,310mm,170mm,,
603,미들타워,,[BRAVOTEC] 트레저 X8 830T 타이탄 글래스 화이트,\78990,BRAVOTEC,미들타워,O,O,O,O,강화유리,240mm,485mm,445mm,384mm,175mm,,
604,빅타워,,[BRAVOTEC] 트레저 X10 1200T 타이탄 글래스 블랙,\256880,BRAVOTEC,빅타워,O,O,O,O,강화유리,235mm,590mm,615mm,530mm,190mm,,
605,미니타워,,[BRAVOTEC] JONSBO C3 PLUS Silver,\78000,BRAVOTEC,미니타워,,,O,O,강화유리,218mm,398mm,360mm,340mm,170mm,,
606,미니타워,,[BRAVOTEC] JONSBO C3 PLUS Black,\78000,BRAVOTEC,미니타워,,,O,O,강화유리,218mm,398mm,360mm,340mm,170mm,,
607,미들타워,,[BRAVOTEC] 트레저 X8 830T 타이탄 글래스 블랙,\85900,BRAVOTEC,미들타워,O,O,O,O,강화유리,240mm,485mm,445mm,384mm,175mm,,
608,미들타워,,[BRAVOTEC] JONSBO UMX5 Black,\277000,BRAVOTEC,미들타워,O,O,O,O,강화유리,224mm,485mm,507mm,325mm,166mm,,
609,미들타워,,[BRAVOTEC] JONSBO UMX5 Silver,\277000,BRAVOTEC,미들타워,O,O,O,O,강화유리,224mm,485mm,507mm,325mm,166mm,,
610,미들타워,,[BRAVOTEC] C4 White 강화유리,\97000,BRAVOTEC,미들타워,,O,O,O,강화유리,213mm,450mm,450mm,300mm,167mm,,
611,미들타워,,[BRAVOTEC] U4 White 강화유리,\97000,BRAVOTEC,미들타워,,O,O,O,강화유리,205mm,428mm,340mm,310mm,170mm,흰색,은색
612,리틀밸리,,[BRAVOTEC] U1 PLUS Silver 강화유리,\105000,BRAVOTEC,리틀밸리,,,,O,강화유리,170mm,320mm,220mm,195mm,133mm,은색,
613,미들타워,,[BRAVOTEC] 트레저 X8 870T 타이탄 글래스 리플렉트 에디션,\162190,BRAVOTEC,미들타워,O,O,O,O,강화유리,311mm,404mm,402mm,335mm,168mm,흰색,흰색
614,미들타워,,[BRAVOTEC] 트레저 X8 870T 타이탄 글래스 화이트,\147000,BRAVOTEC,미들타워,O,O,O,O,강화유리,311mm,404mm,402mm,335mm,168mm,흰색,흰색
615,미들타워,,[BRAVOTEC] 트레저 X8 870T 타이탄 글래스 블랙,\147000,BRAVOTEC,미들타워,O,O,O,O,강화유리,311mm,404mm,402mm,335mm,168mm,,
616,미니타워,,[BRAVOTEC] VR2 Silver 강화유리,\162000,BRAVOTEC,미니타워,,,O,O,강화유리,238mm,399.5mm,378mm,320mm,190mm,은색,
617,미니타워,,[BRAVOTEC] VR2 Black 강화유리,\162000,BRAVOTEC,미니타워,,,O,O,강화유리,238mm,399.5mm,378mm,320mm,190mm,,
618,미들타워,,[BRAVOTEC] RM4 Silver 강화유리,\205000,BRAVOTEC,미들타워,,O,O,O,강화유리,215mm,492mm,445mm,380mm,170mm,은색,
619,미들타워,,[BRAVOTEC] RM4 Black 강화유리,\205000,BRAVOTEC,미들타워,,O,O,O,강화유리,215mm,492mm,445mm,380mm,170mm,,
620,미들타워,,[BRAVOTEC] U4 Silver 강화유리,\97000,BRAVOTEC,미들타워,,O,O,O,강화유리,205mm,428mm,340mm,310mm,170mm,은색,은색
621,미들타워,,[BRAVOTEC] U4 Black 강화유리,\97000,BRAVOTEC,미들타워,,O,O,O,강화유리,205mm,428mm,340mm,310mm,170mm,,
622,미들타워,,[BRAVOTEC] 트레저 X3 730L 화이트,\74210,BRAVOTEC,미들타워,,O,O,O,아크릴,220mm,470mm,430mm,340mm,175mm,흰색,
623,빅타워,,[BRAVOTEC] 트레저 X6 630T 타이탄 글래스 스노우 화이트,\138320,BRAVOTEC,빅타워,O,O,O,O,강화유리,227mm,498mm,491mm,420mm,170mm,흰색,흰색
624,미니타워,,[BRAVOTEC] 디파이 B45 블랙 화이트,\45000,BRAVOTEC,미니타워,,,O,O,아크릴,265mm,355mm,372mm,295mm,180mm,흰검,
625,리틀밸리,,[BRAVOTEC] MOD1 MINI Black 강화유리,\264000,BRAVOTEC,리틀밸리,,,,O,강화유리,238mm,386.5mm,239mm,300mm,180mm,검빨,
626,리틀밸리,,[BRAVOTEC] VR1 Black 강화유리,\120000,BRAVOTEC,리틀밸리,,,,O,강화유리,238mm,386.5mm,239mm,300mm,180mm,검빨,
627,리틀밸리,,[BRAVOTEC] VR1 Silver 강화유리,\120000,BRAVOTEC,리틀밸리,,,,O,강화유리,238mm,386.5mm,239mm,300mm,180mm,은색,
628,미들타워,,[BRAVOTEC] MOD1 Black 강화유리,\264000,BRAVOTEC,미들타워,,O,O,O,강화유리,250mm,505mm,638mm,400mm,175mm,검빨,
629,빅타워,,[BRAVOTEC] 트레저 X6 630S 파노라마 윈도우 화이트,\103000,BRAVOTEC,빅타워,O,O,O,O,아크릴,213mm,498mm,490mm,420mm,170mm,흰색,
630,빅타워,,[BRAVOTEC] 트레저 X6 630S 파노라마 윈도우 블랙,\97000,BRAVOTEC,빅타워,O,O,O,O,아크릴,213mm,498mm,490mm,420mm,170mm,,
631,빅타워,,[BRAVOTEC] 트레저 X6 630T 타이탄 글래스 화이트,\151400,BRAVOTEC,빅타워,O,O,O,O,강화유리,227mm,498mm,491mm,420mm,170mm,흰색,
632,빅타워,,[BRAVOTEC] 트레저 X6 630T 타이탄 글래스 블랙,\132000,BRAVOTEC,빅타워,O,O,O,O,강화유리,227mm,498mm,491mm,420mm,170mm,,
633,미들타워,,[BRAVOTEC] 트레저 X3 730L 블랙,\58000,BRAVOTEC,미들타워,,O,O,O,아크릴,220mm,470mm,430mm,340mm,175mm,,
634,리틀밸리,,[BRAVOTEC] UMX1 PLUS Silver 강화유리,\151000,BRAVOTEC,리틀밸리,,,,O,강화유리,160mm,345mm,300mm,270mm,130mm,은색,
635,미들타워,,[BRAVOTEC] W2 Silver 강화유리,\194000,BRAVOTEC,미들타워,,O,O,O,강화유리,279mm,385mm,396mm,320mm,163mm,은색,
636,미니타워,,[BRAVOTEC] 디파이 B40 화이트,\43000,BRAVOTEC,미니타워,,,O,O,아크릴,265mm,330mm,345mm,295mm,180mm,흰색,
637,미니타워,,[BRAVOTEC] 디파이 B40 BLACK,\38000,BRAVOTEC,미니타워,,,O,O,아크릴,265mm,330mm,345mm,295mm,180mm,,
638,미니타워,,[BRAVOTEC] UMX3 Black 강화유리,\154000,BRAVOTEC,미니타워,,,O,O,강화유리,188mm,365mm,358mm,320mm,163mm,,
639,미니타워,,[BRAVOTEC] UMX3 Silver 강화유리,\168050,BRAVOTEC,미니타워,,,O,O,강화유리,188mm,365mm,358mm,320mm,163mm,은색,
640,미니타워,,[BRAVOTEC] RM3 Black 강화유리,\139000,BRAVOTEC,미니타워,,,O,O,강화유리,215mm,385mm,336mm,310mm,170mm,,
641,,, ,,,,,,,,,,,,,,,
642,,,-- COUGAR --,,,,,,,,,,,,,,,
643,,, ,,,,,,,,,,,,,,,
644,빅타워,,[COUGAR] PANZER EVO,\-,COUGAR,빅타워,O,O,O,O,강화유리,266mm,612mm,556mm,390mm,170mm,,
645,미들타워,,[COUGAR] CONQUER 강화유리 BRAVOTEC,\377520,COUGAR,미들타워,,O,O,O,강화유리,255mm,580mm,685mm,350mm,190mm,검주,
646,미들타워,,[COUGAR] PANZER 강화유리 BRAVOTEC,\96000,COUGAR,미들타워,,O,O,O,강화유리,208mm,565mm,520mm,425mm,160mm,,
647,리틀밸리,,[COUGAR] QBX KAZE BRAVOTEC,\79300,COUGAR,리틀밸리,,,,O,,180mm,299mm,386mm,350mm,105mm,,
648,빅타워,,[COUGAR] PANZER MAX BRAVOTEC,\175310,COUGAR,빅타워,O,O,O,O,아크릴,266mm,612mm,556mm,380mm,170mm,,
649,,, ,,,,,,,,,,,,,,,
650,,,-- DEEPCOOL --,,,,,,,,,,,,,,,
651,,, ,,,,,,,,,,,,,,,
652,미들타워,,[DEEPCOOL] GAMER STORM NEW ARK 90 BLACK,\399000,DEEPCOOL,미들타워,O,O,O,O,강화유리,232mm,545.5mm,530mm,400mm,186mm,,
653,미들타워,,[DEEPCOOL] GAMER STORM QUADSTELLEAR 아우라 싱크,\-,DEEPCOOL,미들타워,O,O,O,O,강화유리,483mm,538mm,493mm,380mm,110mm,,
654,미들타워,,[DEEPCOOL] EARLKASE RGB BRAVOTEC,\94200,DEEPCOOL,미들타워,,O,O,O,강화유리,203.5mm,510.5mm,500mm,300mm,160mm,,
655,미들타워,,[DEEPCOOL] GENOME ROG Edition BRAVOTEC,\388960,DEEPCOOL,미들타워,,O,O,O,아크릴,210mm,505mm,506mm,330mm,168mm,검빨,
656,미들타워,,[DEEPCOOL] DUKASE BLACK BRAVOTEC,\-,DEEPCOOL,미들타워,,O,O,O,아크릴,202mm,504mm,482.7mm,390mm,160mm,,
657,미들타워,,[DEEPCOOL] GENOME 화이트 블루 BRAVOTEC,\357090,DEEPCOOL,미들타워,,O,O,O,아크릴,210mm,505mm,506mm,330mm,168mm,흰파,흰색
658,미들타워,,[DEEPCOOL] GENOME BLACK GREEN BRAVOTEC,\360000,DEEPCOOL,미들타워,,O,O,O,아크릴,210mm,505mm,506mm,330mm,168mm,검초,
659,미들타워,,[DEEPCOOL] GENOME Black RED BRAVOTEC,\360000,DEEPCOOL,미들타워,,O,O,O,아크릴,210mm,505mm,506mm,330mm,168mm,검빨,
660,미니타워,,[DEEPCOOL] TriStellar SW BRAVOTEC,\670000,DEEPCOOL,미니타워,,,,O,,435mm,388mm,395mm,320mm,85mm,검흰,
661,,, ,,,,,,,,,,,,,,,
662,,,-- NZXT --,,,,,,,,,,,,,,,
663,,, ,,,,,,,,,,,,,,,
664,미들타워,,[NZXT] H700i Black BLUE,\277000,NZXT,미들타워,O,O,O,O,강화유리,230mm,516mm,494mm,413mm,185mm,,
665,미들타워,,[NZXT] S340 ELITE Limited Purple Edition,\165000,NZXT,미들타워,,O,O,O,강화유리,203mm,474mm,432mm,364mm,161mm,,
666,리틀밸리,,[NZXT] H200i Black RED,\183040,NZXT,리틀밸리,,,,O,강화유리,210mm,349mm,372mm,325mm,165mm,,
667,리틀밸리,,[NZXT] H200i Matte Black,\183040,NZXT,리틀밸리,,,,O,강화유리,210mm,349mm,372mm,325mm,165mm,,
668,리틀밸리,,[NZXT] H200i Matte White,\183040,NZXT,리틀밸리,,,,O,강화유리,210mm,349mm,372mm,325mm,165mm,,
669,미니타워,,[NZXT] H400i Matte Black,\213000,NZXT,미니타워,,,O,O,강화유리,210mm,417mm,421mm,411mm,164mm,,
670,미니타워,,[NZXT] H400i Matte White,\213000,NZXT,미니타워,,,O,O,강화유리,210mm,417mm,421mm,411mm,164mm,,
671,미니타워,,[NZXT] H400i Black RED,\213000,NZXT,미니타워,,,O,O,강화유리,210mm,417mm,421mm,411mm,164mm,,
672,미들타워,,[NZXT] H700i Matte White,\277000,NZXT,미들타워,O,O,O,O,강화유리,230mm,516mm,494mm,413mm,185mm,,
673,미들타워,,[NZXT] H700i Matte Black,\277000,NZXT,미들타워,o,o,o,o,강화유리,230mm,516mm,494mm,413mm,185mm,,
674,미들타워,,[NZXT] H700i Black RED,\277000,NZXT,미들타워,O,O,O,O,강화유리,230mm,516mm,494mm,413mm,185mm,,
675,미들타워,,[NZXT] NOCTIS 450 ROG EDITION BRAVOTEC,\265000,NZXT,미들타워,,O,O,O,아크릴,220mm,567mm,550mm,406mm,180mm,,
676,미들타워,,[NZXT] S340 ELITE Black Red BRAVOTEC,\143000,NZXT,미들타워,,O,O,O,강화유리,203mm,474mm,432mm,364mm,161mm,,빨강
677,미들타워,,[NZXT] S340 ELITE 화이트 BRAVOTEC,\143000,NZXT,미들타워,,O,O,O,강화유리,203mm,474mm,432mm,364mm,161mm,흰색,흰색
678,미들타워,,[NZXT] S340 ELITE Black BRAVOTEC,\143000,NZXT,미들타워,,O,O,O,강화유리,203mm,474mm,432mm,364mm,161mm,,
679,미들타워,,[NZXT] H440 2017 RAZER Edition BRAVOTEC,\230000,NZXT,미들타워,,O,O,O,아크릴,220mm,512mm,480mm,406mm,180mm,,
680,리틀밸리,,[NZXT] MANTA 화이트 Window BRAVOTEC,\215000,NZXT,리틀밸리,,,,O,아크릴,245mm,426mm,450mm,363mm,160mm,흰색,흰색
681,미들타워,,[NZXT] H440 2017 Black BRAVOTEC,\206000,NZXT,미들타워,,O,O,O,아크릴,220mm,512mm,480mm,406mm,180mm,검빨,
682,리틀밸리,,[NZXT] MANTA Black RED Window BRAVOTEC,\216000,NZXT,리틀밸리,,,,O,아크릴,245mm,426mm,450mm,363mm,160mm,검빨,빨강
683,리틀밸리,,[NZXT] MANTA Black Window BRAVOTEC,\215000,NZXT,리틀밸리,,,,O,아크릴,245mm,426mm,450mm,363mm,160mm,,
684,미들타워,,[NZXT] H440 2017 화이트 BRAVOTEC,\206000,NZXT,미들타워,,O,O,O,아크릴,220mm,512mm,480mm,406mm,180mm,흰색,흰색
685,미들타워,,[NZXT] Phantom 240 Red BRAVOTEC,\108000,NZXT,미들타워,,O,O,O,아크릴,195mm,530mm,529mm,400mm,158mm,검빨,
686,미들타워,,[NZXT] NOCTIS 450 화이트 BRAVOTEC,\216000,NZXT,미들타워,,O,O,O,아크릴,220mm,567mm,550mm,406mm,180mm,흰색,흰색
687,미들타워,,[NZXT] NOCTIS 450 Black BRAVOTEC,\216000,NZXT,미들타워,,O,O,O,아크릴,220mm,567mm,550mm,406mm,180mm,,
688,미들타워,,[NZXT] S340 화이트 BRAVOTEC,\156640,NZXT,미들타워,,O,O,O,아크릴,200mm,445mm,432mm,364mm,161mm,흰색,흰색
689,미들타워,,[NZXT] S340 Black BRAVOTEC,\97000,NZXT,미들타워,,O,O,O,아크릴,200mm,445mm,432mm,364mm,161mm,,
690,빅타워,,[NZXT] Switch 810 Black BRAVOTEC,\255000,NZXT,빅타워,,O,O,,아크릴,235mm,605mm,577mm,375mm,195mm,,
691,빅타워,,[NZXT] Switch 810 화이트 BRAVOTEC,\247250,NZXT,빅타워,,O,O,,아크릴,235mm,605mm,577mm,375mm,195mm,흰색,흰색
692,미들타워,,[NZXT] Phantom 240 화이트 BRAVOTEC,\108000,NZXT,미들타워,,O,O,O,아크릴,195mm,530mm,529mm,400mm,158mm,흰색,흰색
693,미들타워,,[NZXT] H440 Orange BRAVOTEC,\206900,NZXT,미들타워,,O,O,O,아크릴,220mm,510mm,475.3mm,406.2mm,180mm,검주,
694,미들타워,,[NZXT] H440 Green BRAVOTEC,\206900,NZXT,미들타워,,O,O,O,아크릴,220mm,510mm,475.3mm,406.2mm,180mm,검초,
695,미들타워,,[NZXT] H440 Blue BRAVOTEC,\230000,NZXT,미들타워,,O,O,O,아크릴,220mm,510mm,475.3mm,406.2mm,180mm,검파,
696,미들타워,,[NZXT] H230 Black BRAVOTEC,\124000,NZXT,미들타워,,O,O,O,,220mm,447mm,502mm,400mm,158mm,,
697,미들타워,,[NZXT] H230 화이트 BRAVOTEC,\-,NZXT,미들타워,,O,O,O,,220mm,447mm,502mm,400mm,158mm,흰색,흰색
698,미들타워,,[NZXT] H440 Black BRAVOTEC,\201000,NZXT,미들타워,,O,O,O,아크릴,220mm,510mm,475.3mm,406.2mm,180mm,검빨,
699,미들타워,,[NZXT] H440 화이트 BRAVOTEC,\221130,NZXT,미들타워,,O,O,O,아크릴,220mm,510mm,475.3mm,406.2mm,180mm,흰색,흰색
700,빅타워,,[NZXT] Phantom 630 화이트 Window Edition BRAVOTEC,\286000,NZXT,빅타워,O,O,O,,아크릴,221mm,627mm,600mm,325mm,200mm,흰색,흰색
701,빅타워,,[NZXT] Phantom 630 Black Window Edition BRAVOTEC,\286000,NZXT,빅타워,O,O,O,,아크릴,221mm,627mm,600mm,325mm,200mm,,
702,빅타워,,[NZXT] Source 530 Black BRAVOTEC,\177900,NZXT,빅타워,O,O,O,O,아크릴,221mm,507mm,510.5mm,310mm,183mm,,
703,빅타워,,[NZXT] H630 Black BRAVOTEC,\243770,NZXT,빅타워,O,O,O,,,221mm,547mm,567mm,354mm,190mm,,
704,빅타워,,[NZXT] H630 화이트 BRAVOTEC,\276900,NZXT,빅타워,O,O,O,,,221mm,547mm,567mm,354mm,190mm,흰색,흰색
705,빅타워,,[NZXT] Phantom 530 화이트 BRAVOTEC,\216000,NZXT,빅타워,O,O,O,,아크릴,221mm,572mm,543mm,310mm,183mm,흰색,흰색
706,빅타워,,[NZXT] Phantom 530 Red BRAVOTEC,\252900,NZXT,빅타워,O,O,O,,아크릴,221mm,572mm,543mm,310mm,183mm,검빨,빨강
707,빅타워,,[NZXT] H630 화이트 Window Edition BRAVOTEC,\243770,NZXT,빅타워,O,O,O,,아크릴,221mm,547mm,567mm,354mm,190mm,흰색,흰색
708,빅타워,,[NZXT] H630 Black Window Edition BRAVOTEC,\243770,NZXT,빅타워,O,O,O,,아크릴,221mm,547mm,567mm,354mm,190mm,,
709,빅타워,,[NZXT] Phantom 820 Gunmetal Grey Window Edition BRAVOTEC,\407260,NZXT,빅타워,O,O,O,,아크릴,235mm,650mm,612mm,333mm,183mm,회색,
710,,, ,,,,,,,,,,,,,,,
711,,,-- Phanteks --,,,,,,,,,,,,,,,
712,,, ,,,,,,,,,,,,,,,
713,리틀밸리,,[Phanteks] EVOLV SHIFT X AG,\245000,Phanteks,리틀밸리,,,,O,강화유리,170mm,650mm,274mm,529mm,82mm,,
714,리틀밸리,,[Phanteks] EVOLV SHIFT X BK,\245000,Phanteks,리틀밸리,,,,O,강화유리,170mm,650mm,274mm,529mm,82mm,,
715,리틀밸리,,[Phanteks] EVOLV SHIFT AG,\178000,Phanteks,리틀밸리,,,,O,강화유리,170mm,470mm,274mm,350mm,82mm,,
716,리틀밸리,,[Phanteks] EVOLV SHIFT BK,\178000,Phanteks,리틀밸리,,,,O,강화유리,170mm,470mm,274mm,350mm,82mm,,
717,미들타워,,[Phanteks] ECLIPSE P300 TG,\93000,Phanteks,미들타워,O,O,O,O,강화유리,200mm,450mm,400mm,330mm,160mm,,
718,미니타워,,[Phanteks] EVOLV MATX TG AG,\198000,Phanteks,미니타워,,,O,O,강화유리,230mm,453mm,400mm,319mm,192mm,,
719,미들타워,,[Phanteks] ENTHOO PRO M TG SE,\176000,Phanteks,미들타워,O,O,O,O,강화유리,235mm,480mm,500mm,420mm,194mm,,
720,미니타워,,[Phanteks] Enthoo EVOLV MATX TG BK,\198000,Phanteks,미니타워,,,O,O,강화유리,230mm,453mm,400mm,319mm,192mm,,
721,미니타워,,[Phanteks] Enthoo EVOLV MATX TG GS,\198000,Phanteks,미니타워,,,O,O,강화유리,230mm,453mm,400mm,319mm,192mm,은색,
722,빅타워,,[Phanteks] ENTHOO ELITE AG,\1471000,Phanteks,빅타워,O,O,O,O,강화유리,270mm,750mm,615mm,554mm,210mm,회색,
723,빅타워,,[Phanteks] ENTHOO ELITE BLACK,\1471000,Phanteks,빅타워,O,O,O,O,강화유리,270mm,750mm,615mm,554mm,210mm,,
724,미들타워,,[Phanteks] ECLIPSE P400S TG SE BW,\138000,Phanteks,미들타워,O,O,O,O,강화유리,210mm,465mm,470mm,395mm,160mm,,흰색
725,미들타워,,[Phanteks] ECLIPSE P400S TG SE BR,\138000,Phanteks,미들타워,O,O,O,O,강화유리,210mm,465mm,470mm,395mm,160mm,,빨강
726,미들타워,,[Phanteks] ECLIPSE P400S TG AG,\138000,Phanteks,미들타워,O,O,O,O,강화유리,210mm,465mm,470mm,395mm,160mm,회색,
727,미들타워,,[Phanteks] ECLIPSE P400S TG WHITE,\138000,Phanteks,미들타워,O,O,O,O,강화유리,210mm,465mm,470mm,395mm,160mm,흰색,
728,미들타워,,[Phanteks] ECLIPSE P400S TG BLACK,\138000,Phanteks,미들타워,O,O,O,O,강화유리,210mm,465mm,470mm,395mm,160mm,,
729,미들타워,,[Phanteks] Enthoo PRO M TG BK,\178170,Phanteks,미들타워,O,O,O,O,강화유리,235mm,480mm,500mm,420mm,194mm,,
730,빅타워,,[Phanteks] Enthoo LUXE TG AG,\248000,Phanteks,빅타워,O,O,O,O,강화유리,235mm,560mm,550mm,347mm,193mm,회색,
731,빅타워,,[Phanteks] Enthoo LUXE TG BK,\248000,Phanteks,빅타워,O,O,O,O,강화유리,235mm,560mm,550mm,347mm,193mm,,
732,미들타워,,[Phanteks] Enthoo Pro M AG Acrylic,\139800,Phanteks,미들타워,O,O,O,O,아크릴,235mm,480mm,500mm,420mm,194mm,회색,
733,미들타워,,[Phanteks] Enthoo Pro M TG Acrylic,\138000,Phanteks,미들타워,O,O,O,O,아크릴,235mm,480mm,500mm,420mm,194mm,녹색,
734,미들타워,,[Phanteks] Enthoo EVOLV ATX TG GS,\306000,Phanteks,미들타워,O,O,O,O,강화유리,235mm,495mm,510mm,420mm,194mm,은색,
735,미들타워,,[Phanteks] Enthoo EVOLV ATX TG AG,\306000,Phanteks,미들타워,O,O,O,O,강화유리,235mm,495mm,510mm,420mm,194mm,회색,
736,미들타워,,[Phanteks] Enthoo EVOLV ATX TG Black,\306000,Phanteks,미들타워,O,O,O,O,강화유리,235mm,495mm,510mm,420mm,194mm,,
737,미들타워,,[Phanteks] ECLIPSE P400S 화이트,\138000,Phanteks,미들타워,O,O,O,O,아크릴,210mm,465mm,470mm,395mm,160mm,흰색,
738,미들타워,,[Phanteks] ECLIPSE P400 화이트,\123000,Phanteks,미들타워,O,O,O,O,아크릴,210mm,465mm,470mm,395mm,160mm,흰색,
739,미들타워,,[Phanteks] ECLIPSE P400S AG,\137080,Phanteks,미들타워,O,O,O,O,아크릴,210mm,465mm,470mm,395mm,160mm,회색,
740,미들타워,,[Phanteks] ECLIPSE P400S BLACK,\125000,Phanteks,미들타워,O,O,O,O,아크릴,210mm,465mm,470mm,395mm,160mm,,
741,미들타워,,[Phanteks] ECLIPSE P400 AG,\120520,Phanteks,미들타워,O,O,O,O,아크릴,210mm,465mm,470mm,395mm,160mm,회색,
742,미들타워,,[Phanteks] ECLIPSE P400 BLACK,\110000,Phanteks,미들타워,O,O,O,O,아크릴,210mm,465mm,470mm,395mm,160mm,,
743,리틀밸리,,[Phanteks] Enthoo EVOLV ITX SE 화이트,\118000,Phanteks,리틀밸리,,,,O,아크릴,230mm,375mm,395mm,330mm,200mm,흰색,
744,리틀밸리,,[Phanteks] Enthoo EVOLV ITX SE Red,\118000,Phanteks,리틀밸리,,,,O,아크릴,230mm,375mm,395mm,330mm,200mm,검빨,빨강
745,미들타워,,[Phanteks] Enthoo EVOLV ATX AG,\229500,Phanteks,미들타워,,O,O,O,아크릴,235mm,495mm,510mm,420mm,194mm,회색,
746,미들타워,,[Phanteks] Enthoo EVOLV ATX GS,\268000,Phanteks,미들타워,,O,O,O,아크릴,235mm,495mm,510mm,420mm,194mm,은색,
747,미들타워,,[Phanteks] Enthoo EVOLV ATX BLACK,\268000,Phanteks,미들타워,,O,O,O,아크릴,235mm,495mm,510mm,420mm,194mm,,
748,미들타워,,[Phanteks] Enthoo ATX AG,\334000,Phanteks,미들타워,,O,O,O,아크릴,235mm,495mm,510mm,420mm,194mm,회색,
749,빅타워,,[Phanteks] ENTHOO Pro Titanium Green,\174700,Phanteks,빅타워,O,O,O,,아크릴,235mm,535mm,550mm,472mm,193mm,녹색,
750,미들타워,,[Phanteks] Enthoo Pro M Green,\147900,Phanteks,미들타워,O,O,O,O,아크릴,235mm,480mm,500mm,420mm,194mm,녹색,
751,빅타워,,[Phanteks] ENTHOO PRIMO Special Edition BW,\388000,Phanteks,빅타워,O,O,O,,아크릴,250mm,650mm,600mm,515mm,207mm,,흰색
752,빅타워,,[Phanteks] ENTHOO PRIMO Special Edition Red,\388000,Phanteks,빅타워,O,O,O,,아크릴,250mm,650mm,600mm,515mm,207mm,,빨강
753,미들타워,,[Phanteks] Enthoo Mini XL,\238000,Phanteks,미들타워,,,O,O,아크릴,260mm,550mm,480mm,410mm,215mm,,
754,미니타워,,[Phanteks] Enthoo EVOLV Gray,\192000,Phanteks,미니타워,,,O,O,아크릴,230mm,450mm,400mm,318mm,192mm,회색,
755,미니타워,,[Phanteks] Enthoo EVOLV 화이트,\204000,Phanteks,미니타워,,,O,O,아크릴,230mm,450mm,400mm,318mm,192mm,흰색,
756,미니타워,,[Phanteks] Enthoo EVOLV Black,\192000,Phanteks,미니타워,,,O,O,아크릴,230mm,450mm,400mm,318mm,192mm,,
757,빅타워,,[Phanteks] ENTHOO PRIMO 화이트,\381220,Phanteks,빅타워,O,O,O,,아크릴,250mm,650mm,600mm,515mm,207mm,흰색,흰색
758,빅타워,,[Phanteks] ENTHOO Pro 화이트,\158000,Phanteks,빅타워,O,O,O,,아크릴,235mm,535mm,550mm,472mm,193mm,흰색,흰색
759,빅타워,,[Phanteks] ENTHOO Pro Black,\148000,Phanteks,빅타워,O,O,O,,아크릴,235mm,535mm,550mm,472mm,193mm,,
760,빅타워,,[Phanteks] ENTHOO Luxe 화이트,\232000,Phanteks,빅타워,O,O,,,아크릴,235mm,560mm,550mm,472mm,193mm,흰색,흰색
761,빅타워,,[Phanteks] ENTHOO Luxe Black,\218800,Phanteks,빅타워,O,O,,,아크릴,235mm,560mm,550mm,472mm,193mm,,
762,,, ,,,,,,,,,,,,,,,
763,,,-- EVGA --,,,,,,,,,,,,,,,
764,,, ,,,,,,,,,,,,,,,
765,미들타워,,[EVGA] DG-77 WHITE,\234000,EVGA,미들타워,,O,O,O,강화유리,221mm,477mm,483mm,375mm,,,
766,미들타워,,[EVGA] DG-77 BLACK,\224000,EVGA,미들타워,,O,O,O,강화유리,221mm,477mm,483mm,375mm,,,
767,미들타워,,[EVGA] DG-76 WHITE,\205000,EVGA,미들타워,,O,O,O,강화유리,221mm,477mm,483mm,375mm,,,
768,미들타워,,[EVGA] DG-76 BLACK,\193000,EVGA,미들타워,,O,O,O,강화유리,221mm,477mm,483mm,375mm,,,
769,,, ,,,,,,,,,,,,,,,
,,,,,,,,,,,,,,,,,,
