205,1,[ARCTIC] BioniX F140,24960,ARCTIC,140mm,28T,FDB,4핀,200rpm,1800rpm,104CFM,,,27dBA,검정,검정,,,10년
,2,[ARCTIC] F14 SILENT,14000,ARCTIC,140mm,25T,FDB,3핀,,800rpm,46CFM,,,0.08Sone,흰색,검정,,,6년
,3,[ARCTIC] F14 PWM PST CO,16000,ARCTIC,140mm,27T,2볼,4핀,0rpm,1350rpm,74CFM,,,0.3Sone,회색,회색,,,6년
,4,[ARCTIC] F14 PWM,14640,ARCTIC,140mm,25T,FDB,4핀,0rpm,1350rpm,74CFM,,,0.3Sone,흰색,검정,,,6년
,5,[ARCTIC] F14,13600,ARCTIC,140mm,25T,유체,3핀,,1350rpm,74CFM,,,0.3Sone,흰색,검정,,,6년
,6,[be quiet] PURE WINGS 2 140mm PWM,19800,be quiet,140mm,25T,Rifle,4핀,,1000rpm,61.2CFM,0.76mmH2O,,19.8dBA,검정,검정,,,3년
,7,[be quiet] SILENT WINGS 3 140mm PWM HIGH-SPEED,44500,be quiet,140mm,25T,FDB,4핀,,1600rpm,77.57CFM,2.16mmH2O,,28.1dBA,검정,검정,,,3년
,8,[be quiet] SILENT WINGS 3 140mm HIGH-SPEED,43500,be quiet,140mm,25T,FDB,3핀,,1600rpm,77.57CFM,2.16mmH2O,,28.1dBA,검정,검정,,,3년
,9,[be quiet] SILENT WINGS 3 140mm PWM,44500,be quiet,140mm,25T,FDB,4핀,,1000rpm,59.5CFM,1.08mmH2O,,15.5dBA,검정,검정,,,3년
,10,[be quiet] SILENT WINGS 3 140mm,43500,be quiet,140mm,25T,FDB,3핀,,1000rpm,59.5CFM,1.08mmH2O,,15.5dBA,검정,검정,,,3년
,11,[CORSAIR] ML140 PRO RGB (2PACK/Controller),126400,CORSAIR,140mm,25T,Magnetic,4핀,400rpm,1200rpm,55.4CFM,1.27mmH2O,,20.4dBA,흰색,검정,RGB (Cont),팬,5년
,12,[CORSAIR] ML140 PRO RGB (1PACK),53880,CORSAIR,140mm,25T,Magnetic,4핀,400rpm,1200rpm,55.4CFM,1.27mmH2O,,20.4dBA,흰색,검정,RGB (Cont),팬,5년
,13,[CORSAIR] HD140 (2PACK/Controller),102270,CORSAIR,140mm,25T,유체,4핀,600rpm,1350rpm,74CFM,1.85mmH2O,18dBA,28.6dBA,흰색,검정,RGB (Cont),팬,2년
,14,[CORSAIR] HD140 (1PACK),44420,CORSAIR,140mm,25T,유체,4핀,600rpm,1350rpm,74CFM,1.85mmH2O,18dBA,28.6dBA,흰색,검정,RGB (Cont),팬,2년
,15,[CORSAIR] ML140 PRO LED White,54730,CORSAIR,140mm,25T,Magnetic,4핀,400rpm,2000rpm,97CFM,3mmH2O,16dBA,37dBA,투명,검정,흰색,팬,5년
,16,[CORSAIR] ML140 PRO LED Red,54730,CORSAIR,140mm,25T,Magnetic,4핀,400rpm,2000rpm,97CFM,3mmH2O,16dBA,37dBA,투명,검정,빨강,팬,5년
,17,[CORSAIR] SP140 LED 퍼플,18020,CORSAIR,140mm,25T,슬리브,3핀,,1440rpm,49.49CFM,1.17mmH2O,,29.3dBA,투명,검정,보라,팬,
,18,[COUGAR] DUAL-X 140mm LED 화이트,17470,COUGAR,140mm,25T,Hydraulic,3핀,,1000rpm,73.18CFM,1.4mmH2O,,18dBA,흰색,검정,흰색,팬,
,19,[COUGAR] DUAL-X 140mm LED 블루,17300,COUGAR,140mm,25T,Hydraulic,3핀,,1000rpm,73.18CFM,1.4mmH2O,,18dBA,파랑,검정,파랑,팬,
,20,[COUGAR] DUAL-X 140mm LED 레드,17470,COUGAR,140mm,25T,Hydraulic,3핀,,1000rpm,73.18CFM,1.4mmH2O,,18dBA,빨강,검정,빨강,팬,
,21,[COUGAR] DUAL-X 140mm LED 그린,17300,COUGAR,140mm,25T,Hydraulic,3핀,,1000rpm,73.18CFM,1.4mmH2O,,18dBA,녹색,검정,녹색,팬,
,22,[CRYORIG] QF140 PERFORMANCE,19580,CRYORIG,140mm,25T,HPLN,4핀,600rpm,1850rpm,128CFM,2.12mmH2O,13dBA,38dBA,흰색,검정,,,3년
,23,[CRYORIG] QF140 SILENT,19580,CRYORIG,140mm,25T,HPLN,4핀,200rpm,1000rpm,42.1CFM,1.06mmH2O,9dBA,19.5dBA,흰색,검정,,,3년
,24,[CRYORIG] XT140,19300,CRYORIG,140mm,13T,HPLN,4핀,700rpm,1300rpm,65CFM,,28dBA,30dBA,검정,검정,,,3년
,25,[CRYORIG] XF140,22440,CRYORIG,140mm,25.4T,HPLN,4핀,700rpm,1300rpm,76CFM,,19dBA,23dBA,검정,검정,,,3년
,26,[DEEPCOOL] RF140 RGB 아우라 싱크 PWM BRAVOTEC (2PACK),49000,DEEPCOOL,140mm,26T,Hydro,4핀,500rpm,1200rpm,64.13CFM,,19.8dBA,24dBA,투명,검정,RGB (MB),팬,1년
,27,[DEEPCOOL] RF140 RGB 아우라 싱크 PWM BRAVOTEC (1PACK),24000,DEEPCOOL,140mm,26T,Hydro,4핀,500rpm,1200rpm,64.13CFM,,19.8dBA,24dBA,투명,검정,RGB (MB),팬,1년
,28,[Fractal Design] Dynamic X2 GP-14B,19480,Fractal Design,140mm,25T,LLS,3핀,,1000rpm,68.4CFM,0.71mmH2O,,18.9dBA,검정,검정,,,2년
,29,[Fractal Design] Dynamic X2 GP-14W,19470,Fractal Design,140mm,25T,LLS,3핀,,1000rpm,68.4CFM,0.71mmH2O,,18.9dBA,흰색,검정,,,2년
,30,[Fractal Design] Venturi Series HP-14 PWM,26800,Fractal Design,140mm,25T,FDB,4핀,,1500rpm,78.1CFM,1.94mmH2O,,30.1dBA,검정,검정,,,2년
,31,[Fractal Design] Venturi Series HP-14,24740,Fractal Design,140mm,25T,FDB,3핀,,1200rpm,118.2CFM,0.95mmH2O,,26.5dBA,검정,검정,,,2년
,32,[ID-COOLING] WF-14025,8590,ID-COOLING,140mm,25T,,4핀,800rpm,1600rpm,76.8CFM,2.14mmH2O,16.8dBA,32.6dBA,흰색,검정,,,
,33,[ID-COOLING] CF-14025 WHITE LED PWM 3RSYS,16300,ID-COOLING,140mm,25T,Hydraulic,4핀,200rpm,1300rpm,65.5CFM,1.82mmH2O,12.1dBA,24.2dBA,검정,검정,흰색,링,0.5년
,34,[ID-COOLING] CF-14025 RED LED PWM 3RSYS,16330,ID-COOLING,140mm,25T,Hydraulic,4핀,200rpm,1300rpm,65.5CFM,1.82mmH2O,12.1dBA,24.2dBA,검정,검정,빨강,링,0.5년
,35,[ID-COOLING] CF-14025 GREEN LED PWM 3RSYS,16330,ID-COOLING,140mm,25T,Hydraulic,4핀,200rpm,1300rpm,65.5CFM,1.82mmH2O,12.1dBA,24.2dBA,검정,검정,녹색,링,0.5년
,36,[ID-COOLING] CF-14025 BLUE LED PWM 3RSYS,16330,ID-COOLING,140mm,25T,Hydraulic,4핀,200rpm,1300rpm,65.5CFM,1.82mmH2O,12.1dBA,24.2dBA,검정,검정,파랑,링,0.5년
,37,[NOCTUA] NF-A14 PWM chromax black swap,30810,NOCTUA,140mm,25T,SSO2,4핀,,1500rpm,82.5CFM,2.08mmH2O,,24.6dBA,검정,검정,,,
,38,[NOCTUA] NF-A15 HS-PWM chromax black swap,32320,NOCTUA,140mm,25T,SSO2,4핀,,1500rpm,82.5CFM,2.08mmH2O,,24.6dBA,검정,검정,,,
,39,[NOCTUA] NF-A14 IndustrialPPC-24V-3000 PWM IP67,37700,NOCTUA,140mm,25T,SSO2,4핀,,3000rpm,158.4CFM,10.52mmH2O,,41.3dBA,검정,검정,,,
,40,[NOCTUA] NF-A14 IndustrialPPC-2000 PWM IP67,37290,NOCTUA,140mm,25T,SSO2,4핀,,2000rpm,107.4CFM,4.18mmH2O,,31.5dBA,검정,검정,,,
,41,[NOCTUA] NF-P14s redux-1200 PWM,20500,NOCTUA,140mm,25T,SSO,4핀,,1200rpm,64.9CFM,1.29mmH2O,,19.6dBA,회색,회색,,,
,42,[NOCTUA] NF-P14s redux-1200,20710,NOCTUA,140mm,25T,SSO,3핀,,1200rpm,64.9CFM,1.29mmH2O,,19.6dBA,회색,회색,,,
,43,[NOCTUA] NF-P14s redux-900,21000,NOCTUA,140mm,25T,SSO,3핀,,900rpm,49.2CFM,1.29mmH2O,,13.2dBA,회색,회색,,,
,44,[NOCTUA] NF-A14 IndustrialPPC-3000 PWM,32500,NOCTUA,140mm,25T,SSO2,4핀,,3000rpm,158.4CFM,10.52mmH2O,,41.3dBA,검정,검정,,,
,45,[NOCTUA] NF-A14 IndustrialPPC-2000,32500,NOCTUA,140mm,25T,SSO2,3핀,,2000rpm,107.4CFM,4.18mmH2O,,31.5dBA,검정,검정,,,
,46,[NOCTUA] NF-A14 PWM,27900,NOCTUA,140mm,25T,SSO2,4핀,,1500rpm,82.5CFM,2.08mmH2O,,24.6dBA,갈색,살색,,,
,47,[NOCTUA] NF-A14 ULN,27160,NOCTUA,140mm,25T,2볼,3핀,,800rpm,46.4CFM,0.69mmH2O,,11.9dBA,갈색,살색,,,
,48,[NOCTUA] NF-A14 FLX,27900,NOCTUA,140mm,25T,2볼,3핀,,1200rpm,67.9CFM,1.51mmH2O,,19.2dBA,갈색,살색,,,
,49,[NOCTUA] NF-A15 PWM,28200,NOCTUA,140mm,25T,SSO2,4핀,,1200rpm,67.9CFM,1.51mmH2O,,19.2dBA,갈색,살색,,,
,50,[NZXT] AER RGB 140 트리플 패키지 BRAVOTEC,138000,NZXT,140mm,25T,유체,4핀,500rpm,1500rpm,91.19CFM,1.52mmH2O,22dBA,33dBA,검정,검정,RGB (Cont),링,2년
,51,[NZXT] AER RGB 140 스타터 킷 패키지 BRAVOTEC,138000,NZXT,140mm,25T,유체,4핀,500rpm,1500rpm,91.19CFM,1.52mmH2O,22dBA,33dBA,검정,검정,RGB (Cont),링,2년
,52,[NZXT] AER RGB 140 단품 패키지 BRAVOTEC,49000,NZXT,140mm,25T,유체,4핀,500rpm,1500rpm,91.19CFM,1.52mmH2O,22dBA,33dBA,검정,검정,RGB (Cont),링,2년
,53,[써멀테이크] Riing 14 RGB Radiator Fan TT Premium Edition 아스크텍,85000,써멀테이크,140mm,25T,Hydraulic,9핀,500rpm,1400rpm,63.19CFM,1.53mmH2O,,27.2dBA,검정,검정,RGB (Cont),링,
,54,[써멀테이크] Riing 14 LED RGB 256 Colors (3PACK),65700,써멀테이크,140mm,25T,Hydraulic,4핀,800rpm,1400rpm,51.15CFM,1.58mmH2O,19dBA,28.1dBA,검정,검정,256C (Cont),링,
,55,[써멀테이크] Riing 14 LED RGB 256 Colors (1PACK),27600,써멀테이크,140mm,25T,Hydraulic,4핀,800rpm,1400rpm,51.15CFM,1.58mmH2O,19dBA,28.1dBA,검정,검정,256C (Cont),링,
,56,[써멀테이크] Riing 14 LED FAN Yellow 아스크텍,16100,써멀테이크,140mm,25T,Hydraulic,3핀,,1400rpm,51.15CFM,1.58mmH2O,,28.1dBA,검정,검정,노랑,링,
,57,[써멀테이크] Riing 14 LED FAN Orange 아스크텍,16100,써멀테이크,140mm,25T,Hydraulic,3핀,,1400rpm,51.15CFM,1.58mmH2O,,28.1dBA,검정,검정,주황,링,
,58,[써멀테이크] Riing 14 LED FAN White 아스크텍,16790,써멀테이크,140mm,25T,Hydraulic,3핀,,1400rpm,51.15CFM,1.58mmH2O,,28.1dBA,검정,검정,흰색,링,
,59,[써멀테이크] Riing 14 LED FAN Green 아스크텍,16100,써멀테이크,140mm,25T,Hydraulic,3핀,,1400rpm,51.15CFM,1.58mmH2O,,28.1dBA,검정,검정,녹색,링,
,60,[써멀테이크] Riing 14 LED FAN Red 아스크텍,16250,써멀테이크,140mm,25T,Hydraulic,3핀,,1400rpm,51.15CFM,1.58mmH2O,,28.1dBA,검정,검정,빨강,링,
,61,[써멀테이크] Riing 14 LED FAN Blue 아스크텍,16520,써멀테이크,140mm,25T,Hydraulic,3핀,,1400rpm,51.15CFM,1.58mmH2O,,28.1dBA,검정,검정,파랑,링,
,62,[쿨러마스터] MASTERFAN PRO 140 Air Pressure RGB,26500,쿨러마스터,140mm,25T,,4핀,650rpm,1550rpm,46.2CFM,1.59mmH2O,6dBA,20dBA,투명,검정, RGB (MB),팬,5년
,63,[쿨러마스터] MASTERFAN PRO 140 Air Flow RGB,28260,쿨러마스터,140mm,25T,,4핀,500rpm,800rpm,53CFM,0.54mmH2O,6dBA,20dBA,투명,검정, RGB (MB),팬,5년
,64,[ABKO] SUITMASTER HALO 120F RGB SPECTRUM KIT,65100,ABKO,120mm,25T,Hydro,6핀,,1300rpm,33CFM,1.3mmH2O,,23.5dBA,투명,검정,7C (Cont),링,
,65,[ABKO] SUITMASTER HALO 120F RGB SPECTRUM,20000,ABKO,120mm,25T,Hydro,6핀,,1300rpm,33CFM,1.3mmH2O,,23.5dBA,투명,검정,7C (Cont),링,
,66,[ABKO] SUITMASTER HALO DOUBLING 120F RGB REMOTE KIT,40000,ABKO,120mm,25T,Hydro,6핀,,1500rpm,34.34CFM,1.51mmH2O,,25dBA,검정,검정,7C (Cont),링,
,67,[ABKO] SUITMASTER HALO DOUBLING 120F RGB,17250,ABKO,120mm,25T,Hydro,6핀,,1500rpm,34.34CFM,1.51mmH2O,,25dBA,검정,검정,7C (Cont),링,
,68,[ABKO] SUITMASTER HALO DOUBLING 120F WHITE,15000,ABKO,120mm,25T,Hydro,3핀,,1500rpm,34.34CFM,1.51mmH2O,,25dBA,검정,검정,흰색,링,
,69,[ABKO] SUITMASTER HALO DOUBLING 120F RED,15000,ABKO,120mm,25T,Hydro,3핀,,1500rpm,34.34CFM,1.51mmH2O,,25dBA,검정,검정,빨강,링,
,70,[ABKO] SUITMASTER HALO DOUBLING 120F BLUE,15000,ABKO,120mm,25T,Hydro,3핀,,1500rpm,34.34CFM,1.51mmH2O,,25dBA,검정,검정,파랑,링,
,71,[ABKO] SUITMASTER HALO 120F RGB REMOTE KIT,33000,ABKO,120mm,25T,Hydro,6핀,,1300rpm,33CFM,1.3mmH2O,,23.5dBA,투명,검정,7C (Cont),링,
,72,[ABKO] SUITMASTER HALO 120F RGB,14000,ABKO,120mm,25T,Hydro,6핀,,1300rpm,33CFM,1.3mmH2O,,23.5dBA,투명,검정,7C (Cont),링,
,73,[ABKO] SUITMASTER HALO 120F GREEN LED,12200,ABKO,120mm,25T,Hydro,3핀,,1300rpm,33CFM,1.3mmH2O,,25dBA,투명,검정,녹색,링,
,74,[ABKO] SUITMASTER HALO 120F YELLOW LED,12200,ABKO,120mm,25T,Hydro,3핀,,1300rpm,33CFM,1.3mmH2O,,25dBA,투명,검정,노랑,링,
,75,[ABKO] SUITMASTER HALO 120F WHITE LED,12200,ABKO,120mm,25T,Hydro,3핀,,1300rpm,33CFM,1.3mmH2O,,25dBA,투명,검정,흰색,링,
,76,[ABKO] SUITMASTER HALO 120F RED LED,12200,ABKO,120mm,25T,Hydro,3핀,,1300rpm,33CFM,1.3mmH2O,,25dBA,투명,검정,빨강,링,
,77,[ABKO] SUITMASTER HALO 120F BLUE LED,12200,ABKO,120mm,25T,Hydro,3핀,,1300rpm,33CFM,1.3mmH2O,,25dBA,투명,검정,파랑,링,
,78,[ABKO] SUITMASTER 120F BLADE WHITE LED,7500,ABKO,120mm,25T,슬리브,3핀,,1200rpm,36CFM,,,23dBA,투명,흰색,흰색,팬,
,79,[ABKO] SUITMASTER 120F BLADE RED LED,7500,ABKO,120mm,25T,슬리브,3핀,,1200rpm,36CFM,,,23dBA,투명,흰색,빨강,팬,
,80,[ABKO] SUITMASTER 120F BLADE BLUE LED,7500,ABKO,120mm,25T,슬리브,3핀,,1200rpm,36CFM,,,23dBA,투명,흰색,파랑,팬,
,81,[Antec] RGB LED RAINBOW 120,15900,Antec,120mm,25T,Hydraulic,3핀,,1200rpm,42.62CFM,1.05mmH2O,,24.8dBA,메탈,검정,256C (Cont),팬,2년
,82,[Antec] TrueQuiet UFO 120mm LED Blue 블랙 진동 패드,20330,Antec,120mm,25T,,3핀,,1000rpm,46.3CFM,,,19.9dBA,투명,검정,파랑,팬,
,83,[Antec] TrueQuiet UFO 120mm LED Red 블랙 진동 패드,16280,Antec,120mm,25T,,3핀,,1000rpm,46.3CFM,,,19.9dBA,투명,검정,빨강,팬,
,84,[ARCTIC] BioniX F120,21840,ARCTIC,120mm,27T,FDB,4핀,200rpm,1800rpm,69CFM,,,26dBA,검정,검정,,,10년
,85,[ARCTIC] F12 SILENT,10900,ARCTIC,120mm,25T,유체,3핀,,800rpm,37CFM,,,0.08Sone,흰색,검정,,,6년
,86,[ARCTIC] F12 PWM CO,13900,ARCTIC,120mm,25T,2볼,4핀,400rpm,1350rpm,74CFM,,,0.5Sone,회색,회색,,,6년
,87,[ARCTIC] F12 v2,10800,ARCTIC,120mm,25T,유체,3핀,,1350rpm,57CFM,,0.04Sone,0.5Sone,흰색,검정,,,6년
,88,[ARCTIC] F12 TC,11900,ARCTIC,120mm,25T,FDB,3핀,300rpm,1350rpm,57CFM,,,0.5Sone,흰색,검정,,,6년
,89,[ARCTIC] F12 PWM,12000,ARCTIC,120mm,25T,FDB,4핀,300rpm,1350rpm,57CFM,,,0.5Sone,흰색,검정,,,6년
,90,[ARCTIC] F12,11500,ARCTIC,120mm,25T,유체,3핀,,1350rpm,57CFM,,,0.5Sone,흰색,검정,,,6년
,91,[be quiet] PURE WINGS 2 120mm PWM,19450,be quiet,120mm,25T,Rifle,4핀,,1500rpm,51.4CFM,1.25mmH2O,,20.2dBA,검정,검정,,,3년
,92,[be quiet] SILENT WINGS 3 120mm PWM HIGH-SPEED,44100,be quiet,120mm,25T,FDB,4핀,,2200rpm,73.33CFM,3.37mmH2O,,28.6dBA,검정,검정,,,3년
,93,[be quiet] SILENT WINGS 3 120mm HIGH-SPEED,38000,be quiet,120mm,25T,FDB,3핀,,2200rpm,73.33CFM,3.37mmH2O,,28.6dBA,검정,검정,,,3년
,94,[be quiet] SILENT WINGS 3 120mm PWM,40000,be quiet,120mm,25T,FDB,4핀,,1450rpm,50.5CFM,1.79mmH2O,,16.4dBA,검정,검정,,,3년
,95,[be quiet] SILENT WINGS 3 120mm,38000,be quiet,120mm,25T,FDB,3핀,,1450rpm,50.5CFM,1.79mmH2O,,16.4dBA,검정,검정,,,3년
,96,[be quiet] Silent Wings 2 PWM 120mm,40000,be quiet,120mm,25T,FDB,4핀,,1500rpm,50.5CFM,1.63mmH2O,,16.5dBA,검정,검정,,,3년
,97,[be quiet] Silent Wings 2 120mm,37000,be quiet,120mm,25T,FDB,3핀,,1500rpm,50.5CFM,1.63mmH2O,,15.7dBA,검정,검정,,,3년
,98,[BRAVOTEC] JONSBO FR-501 ARGB,11960,BRAVOTEC,120mm,25T,Hydraulic,3핀,,1200rpm,40.6CFM,0.95mmH2O,,24.1dBA,투명,검정,RGB (Auto),팬,
,99,[BRAVOTEC] JONSBO FR-601 SNOW RED,10800,BRAVOTEC,120mm,25T,Hydraulic,3핀,,1500rpm,38.5CFM,0.95mmH2O,,24dBA,흰색,흰색,빨강,링,
,100,[BRAVOTEC] JONSBO FR-601 SNOW ARGB,13500,BRAVOTEC,120mm,25T,Hydraulic,3핀,,1500rpm,38.5CFM,0.95mmH2O,,24dBA,흰색,흰색,RGB (Auto),링,
,101,[BRAVOTEC] JONSBO FR-601 SNOW WHITE,10800,BRAVOTEC,120mm,25T,Hydraulic,3핀,,1500rpm,38.5CFM,0.95mmH2O,,24dBA,흰색,흰색,흰색,링,
,102,[BRAVOTEC] JONSBO FR-601 ARGB,12500,BRAVOTEC,120mm,25T,Hydraulic,3핀,,1500rpm,38.5CFM,0.95mmH2O,,24dBA,검정,검정,RGB (Auto),링,
,103,[BRAVOTEC] JONSBO FR-601 RED,9800,BRAVOTEC,120mm,25T,Hydraulic,3핀,,1500rpm,38.5CFM,0.95mmH2O,,24dBA,검정,검정,빨강,링,
,104,[BRAVOTEC] JONSBO FR-601 WHITE,9800,BRAVOTEC,120mm,25T,Hydraulic,3핀,,1500rpm,38.5CFM,0.95mmH2O,,24dBA,검정,검정,흰색,링,
,105,[BRAVOTEC] JONSBO FR-301 써클링 RED LED PWM,16000,BRAVOTEC,120mm,25T,2볼,4핀,600rpm,1600rpm,45.1CFM,,18dBA,26.1dBA,검정,검정,빨강,링,
,106,[BRAVOTEC] JONSBO FR-201 헥사곤 WHITE LED PWM,16000,BRAVOTEC,120mm,25T,2볼,4핀,600rpm,1600rpm,45.1CFM,,18dBA,26.1dBA,검정,검정,흰색,링,
,107,[BRAVOTEC] JONSBO FR-201 헥사곤 RED LED PWM,16000,BRAVOTEC,120mm,25T,2볼,4핀,600rpm,1600rpm,45.1CFM,,18dBA,26.1dBA,검정,검정,빨강,링,
,108,[BRAVOTEC] JONSBO FR-531 LED RGB,29000,BRAVOTEC,120mm,25T,Hydraulic,6핀,750rpm,1300rpm,42.6CFM,,18dBA,25.6dBA,투명,검정,RGB (Cont),팬,
,109,[BRAVOTEC] JONSBO FR-101 WHITE LED PWM,24000,BRAVOTEC,120mm,25T,2볼,4핀,600rpm,1800rpm,48.84CFM,,15.2dBA,29.6dBA,크롬,검정,흰색,팬,
,110,[BRAVOTEC] JONSBO FR-101 RED LED PWM,19100,BRAVOTEC,120mm,25T,2볼,4핀,600rpm,1800rpm,48.84CFM,,15.2dBA,29.6dBA,크롬,검정,빨강,팬,
,111,[BRAVOTEC] JONSBO SOLAR ECLIPSE LED RGB,47000,BRAVOTEC,120mm,25T,슬리브,6핀,800rpm,1200rpm,50.5CFM,,18.5dBA,25.4dBA,투명,검정,256C (Cont),링,
,112,[BRAVOTEC] JONSBO SOLAR ECLIPSE LED RED,47000,BRAVOTEC,120mm,25T,슬리브,6핀,800rpm,1200rpm,50.5CFM,,18.5dBA,25.4dBA,투명,검정,빨강,링,
,113,[BRAVOTEC] JONSBO SOLAR ECLIPSE LED GREEN,47000,BRAVOTEC,120mm,25T,슬리브,6핀,800rpm,1200rpm,50.5CFM,,18.5dBA,25.4dBA,투명,검정,녹색,링,
,114,[COLORFUL] LUNA SQUARE BLUE,8080,COLORFUL,120mm,25T,Hydraulic,4핀,,1100rpm,36CFM,1.1mmH2O,,,투명,검정,파랑,링,
,115,[COLORFUL] LUNA SQUARE RED,8080,COLORFUL,120mm,25T,Hydraulic,4핀,,1100rpm,36CFM,1.1mmH2O,,,투명,검정,빨강,링,
,116,[COLORFUL] LUNA SQUARE GREEN,8080,COLORFUL,120mm,25T,Hydraulic,4핀,,1100rpm,36CFM,1.1mmH2O,,,투명,검정,녹색,링,
,117,[COLORFUL] LUNA SQUARE WHITE,8080,COLORFUL,120mm,25T,Hydraulic,4핀,,1100rpm,36CFM,1.1mmH2O,,,투명,검정,흰색,링,
,118,[CORSAIR] ML120 PRO RGB (3PACK/Controller),158040,CORSAIR,120mm,25T,Magnetic,4핀,400rpm,1600rpm,47.3CFM,1.78mmH2O,,25dBA,흰색,검정,RGB (Cont),팬,5년
,119,[CORSAIR] ML120 PRO RGB (1PACK),43880,CORSAIR,120mm,25T,Magnetic,4핀,400rpm,1600rpm,47.3CFM,1.78mmH2O,,25dBA,흰색,검정,RGB (Cont),팬,5년
,120,[CORSAIR] LL120 (3PACK/Controller),176800,CORSAIR,120mm,25T,Hydraulic,4핀,600rpm,1500rpm,43.25CFM,1.61mmH2O,,24.8dBA,흰색,검정,RGB (Cont),팬/링,2년
,121,[CORSAIR] LL120 (1PACK),48880,CORSAIR,120mm,25T,Hydraulic,4핀,600rpm,1500rpm,43.25CFM,1.61mmH2O,,24.8dBA,흰색,검정,RGB (Cont),팬/링,2년
,122,[CORSAIR] SP120 RGB (3PACK/Controller),102960,CORSAIR,120mm,25T,Hydraulic,3핀,,1400rpm,52CFM,1.45mmH2O,,26dBA,흰색,검정,RGB (Cont),팬,2년
,123,[CORSAIR] SP120 RGB (1PACK),31000,CORSAIR,120mm,25T,Hydraulic,3핀,,1400rpm,52CFM,1.45mmH2O,,26dBA,흰색,검정,RGB (Cont),팬,2년
,124,[CORSAIR] HD120 (3PACK/Controller),135000,CORSAIR,120mm,25T,유체,4핀,800rpm,1725rpm,54.4CFM,2.25mmH2O,18dBA,30dBA,흰색,검정,RGB (Cont),팬,2년
,125,[CORSAIR] HD120 (1PACK/Controller),60000,CORSAIR,120mm,25T,유체,4핀,800rpm,1725rpm,54.4CFM,2.25mmH2O,18dBA,30dBA,흰색,검정,RGB (Cont),팬,2년
,126,[CORSAIR] HD120 (1PACK),40000,CORSAIR,120mm,25T,유체,4핀,800rpm,1725rpm,54.4CFM,2.25mmH2O,18dBA,30dBA,흰색,검정,RGB (Cont),팬,2년
,127,[CORSAIR] ML120 PRO LED White,42850,CORSAIR,120mm,25T,Magnetic,4핀,400rpm,2400rpm,75CFM,4.2mmH2O,16dBA,37dBA,투명,검정,흰색,팬,5년
,128,[CORSAIR] ML120 PRO LED Blue,39900,CORSAIR,120mm,25T,Magnetic,4핀,400rpm,2400rpm,75CFM,4.2mmH2O,16dBA,37dBA,투명,검정,파랑,팬,5년
,129,[CORSAIR] ML120 PRO LED Red,39520,CORSAIR,120mm,25T,Magnetic,4핀,400rpm,2400rpm,75CFM,4.2mmH2O,16dBA,37dBA,투명,검정,빨강,팬,5년
,130,[CORSAIR] SP120 LED 퍼플,15000,CORSAIR,120mm,25T,슬리브,3핀,,1550rpm,57.24CFM,1.6mmH2O,,26.4dBA,투명,검정,보라,팬,
,131,[CORSAIR] SP120 LED 그린,24500,CORSAIR,120mm,25T,슬리브,3핀,,1550rpm,57.24CFM,1.6mmH2O,,26.4dBA,투명,검정,녹색,팬,
,132,[CORSAIR] SP120 LED 블루,24500,CORSAIR,120mm,25T,슬리브,3핀,,1550rpm,57.24CFM,1.6mmH2O,,26.4dBA,투명,검정,파랑,팬,
,133,[COUGAR] DUAL-X 120mm LED 화이트,15710,COUGAR,120mm,25T,Hydraulic,3핀,,1200rpm,64.37CFM,1.74mmH2O,,16.6dBA,흰색,검정,흰색,팬,
,134,[COUGAR] DUAL-X 120mm LED 블루,15000,COUGAR,120mm,25T,Hydraulic,3핀,,1200rpm,64.37CFM,1.74mmH2O,,16.6dBA,파랑,검정,파랑,팬,
,135,[COUGAR] DUAL-X 120mm LED 레드,15710,COUGAR,120mm,25T,Hydraulic,3핀,,1200rpm,64.37CFM,1.74mmH2O,,16.6dBA,빨강,검정,빨강,팬,
,136,[COUGAR] DUAL-X 120mm LED 그린,15000,COUGAR,120mm,25T,Hydraulic,3핀,,1200rpm,64.37CFM,1.74mmH2O,,16.6dBA,녹색,검정,녹색,팬,
,137,[CRYORIG] QF120 BALANCE,16630,CRYORIG,120mm,25T,HPLN,4핀,330rpm,1600rpm,49CFM,1.65mmH2O,10dBA,25dBA,흰색,검정,,,3년
,138,[CRYORIG] QF120 PERFORMANCE,16630,CRYORIG,120mm,25T,HPLN,4핀,600rpm,2200rpm,83CFM,3.33mmH2O,13dBA,37dBA,흰색,검정,,,3년
,139,[CRYORIG] QF120 SILENT,16630,CRYORIG,120mm,25T,HPLN,4핀,200rpm,1000rpm,44CFM,0.79mmH2O,5dBA,19dBA,흰색,검정,,,3년
,140,[DEEPCOOL] RF120 RGB 아우라 싱크 PWM BRAVOTEC (3PACK),57700,DEEPCOOL,120mm,25T,Hydro,4핀,500rpm,1500rpm,56.5CFM,,17.8dBA,27dBA,투명,검정,RGB (MB),팬,1년
,141,[DEEPCOOL] RF120 RGB 아우라 싱크 PWM BRAVOTEC (1PACK),18360,DEEPCOOL,120mm,25T,Hydro,4핀,500rpm,1500rpm,56.5CFM,,17.8dBA,27dBA,투명,검정,RGB (MB),팬,1년
,142,[Fractal Design] Dynamic X2 GP-12B,17220,Fractal Design,120mm,25T,LLS,3핀,,1200rpm,52.3CFM,0.88mmH2O,,19.4dBA,검정,검정,,,2년
,143,[Fractal Design] Dynamic X2 GP-12W,17000,Fractal Design,120mm,25T,LLS,3핀,,1200rpm,52.3CFM,0.88mmH2O,,19.4dBA,흰색,검정,,,2년
,144,[Fractal Design] Venturi Series HP-12 PWM,24000,Fractal Design,120mm,25T,FDB,4핀,,1800rpm,61.4CFM,2.3mmH2O,,31.7dBA,검정,검정,,,2년
,145,[Fractal Design] Venturi Series HP-12,22680,Fractal Design,120mm,25T,FDB,3핀,,1400rpm,83.4CFM,1.22mmH2O,,25.3dBA,검정,검정,,,2년
,146,[ID-COOLING] SF-12025 RGB TRIO (3PACK/REMOTE),39000,ID-COOLING,120mm,25T,Hydraulic,4핀,700rpm,1800rpm,74.5CFM,2.15mmH2O,18dBA,35.2dBA,투명,검정,RGB (MB/Cont),팬,0.5년
,147,[ID-COOLING] RB-12025 RGB KIT 3RSYS (3PACK/RGB HUB),48980,ID-COOLING,120mm,25T,,8핀,600rpm,1600rpm,50CFM,1.82mmH2O,16.2dBA,30.5dBA,검정,검정,RGB (Cont),링,
,148,[ID-COOLING] SF-12025-W,9290,ID-COOLING,120mm,25T,Hydraulic,4핀,700rpm,1500rpm,62CFM,1.78mmH2O,18dBA,26.4dBA,흰색,흰색,흰색,팬,
,149,[ID-COOLING] SF-12025-R,9290,ID-COOLING,120mm,25T,Hydraulic,4핀,700rpm,1500rpm,62CFM,1.78mmH2O,18dBA,26.4dBA,흰색,검정,빨강,팬,
,150,[ID-COOLING] SF-12025-G,9290,ID-COOLING,120mm,25T,Hydraulic,4핀,700rpm,1500rpm,62CFM,1.78mmH2O,18dBA,26.4dBA,흰색,검정,녹색,팬,
,151,[ID-COOLING] SF-12025-B,9290,ID-COOLING,120mm,25T,Hydraulic,4핀,700rpm,1500rpm,62CFM,1.78mmH2O,18dBA,26.4dBA,흰색,검정,파랑,팬,
,152,[ID-COOLING] NO-12025-SD,5660,ID-COOLING,120mm,25T,Hydraulic,3핀,,1600rpm,60CFM,,,27.5dBA,투명,검정,,,
,153,[ID-COOLING] CF12025 WHITE LED PWM 3RSYS,11200,ID-COOLING,120mm,25T,Hydraulic,4핀,600rpm,1600rpm,50CFM,1.82mmH2O,16.2dBA,30.5dBA,검정,검정,흰색,링,
,154,[ID-COOLING] CF12025 RED LED PWM 3RSYS,11220,ID-COOLING,120mm,25T,Hydraulic,4핀,600rpm,1600rpm,50CFM,1.82mmH2O,16.2dBA,30.5dBA,검정,검정,빨강,링,
,155,[ID-COOLING] CF12025 GREEN LED PWM 3RSYS,11220,ID-COOLING,120mm,25T,Hydraulic,4핀,600rpm,1600rpm,50CFM,1.82mmH2O,16.2dBA,30.5dBA,검정,검정,녹색,링,
,156,[ID-COOLING] CF12025 BLUE LED PWM 3RSYS,11220,ID-COOLING,120mm,25T,Hydraulic,4핀,600rpm,1600rpm,50CFM,1.82mmH2O,16.2dBA,30.5dBA,검정,검정,파랑,링,
,157,[NOCTUA] NF-S12A PWM chromax black swap,28790,NOCTUA,120mm,25T,SSO2,4핀,,1200rpm,63.2CFM,1.19mmH2O,,17.8dBA,검정,검정,,,
,158,[NOCTUA] NF-F12 PWM chromax black swap,29530,NOCTUA,120mm,25T,SSO2,4핀,,1500rpm,54.9CFM,2.61mmH2O,,22.4dBA,검정,검정,,,
,159,[NOCTUA] NF-A12x15 PWM,25900,NOCTUA,120mm,15T,SSO2,4핀,,1850rpm,55.44CFM,1.53mmH2O,,23.9dBA,갈색,살색,,,
,160,[NOCTUA] NF-A12x15 FLX,25900,NOCTUA,120mm,15T,SSO2,3핀,,1850rpm,55.44CFM,1.53mmH2O,,23.9dBA,갈색,살색,,,
,161,[NOCTUA] NF-F12 IndustrialPPC-24V-3000 PWM IP67,29910,NOCTUA,120mm,25T,SSO2,4핀,,3000rpm,109.8CFM,7.63mmH2O,,43.5dBA,검정,검정,,,
,162,[NOCTUA] NF-F12 IndustrialPPC-2000 PWM IP67,34690,NOCTUA,120mm,25T,SSO2,4핀,,2000rpm,71.7CFM,3.94mmH2O,,29.7dBA,검정,검정,,,
,163,[NOCTUA] NF-F12 IndustrialPPC-2000 PWM,29500,NOCTUA,120mm,25T,SSO2,4핀,,2000rpm,71.7CFM,3.94mmH2O,,29.7dBA,검정,검정,,,
,164,[NOCTUA] NF-S12B redux-1200 PWM,19190,NOCTUA,120mm,25T,SSO,4핀,,1200rpm,59.2CFM,1.31mmH2O,,18.1dBA,회색,회색,,,
,165,[NOCTUA] NF-S12B redux-1200,19190,NOCTUA,120mm,25T,SSO,3핀,,1200rpm,59.2CFM,1.31mmH2O,,18.1dBA,회색,회색,,,
,166,[NOCTUA] NF-S12B redux-700,19500,NOCTUA,120mm,25T,SSO,3핀,,700rpm,33.5CFM,0.44mmH2O,,6.8dBA,회색,회색,,,
,167,[NOCTUA] NF-F12 IndustrialPPC-3000 PWM,29500,NOCTUA,120mm,25T,SSO2,4핀,,3000rpm,109.8CFM,7.63mmH2O,,43.5dBA,검정,검정,,,
,168,[NOCTUA] NF-F12 IndustrialPPC-2000,28790,NOCTUA,120mm,25T,SSO2,3핀,,2000rpm,71.7CFM,3.94mmH2O,,29.7dBA,검정,검정,,,
,169,[NOCTUA] NF-S12A PWM,25750,NOCTUA,120mm,25T,SSO2,4핀,,1200rpm,63.2CFM,1.19mmH2O,,17.8dBA,갈색,살색,,,
,170,[NOCTUA] NF-S12A FLX,25000,NOCTUA,120mm,25T,SSO2,3핀,,1200rpm,63.2CFM,1.19mmH2O,,17.8dBA,갈색,살색,,,
,171,[NOCTUA] NF-S12A ULN,25500,NOCTUA,120mm,25T,SSO2,3핀,,800rpm,43.7CFM,0.62mmH2O,,8.6dBA,갈색,살색,,,
,172,[NOCTUA] NF-P12 PWM,24490,NOCTUA,120mm,25T,SSO,4핀,,1300rpm,54.3CFM,1.68mmH2O,,19.8dBA,갈색,살색,,,
,173,[NOCTUA] NF-F12 PWM,25200,NOCTUA,120mm,25T,SSO2,4핀,,1500rpm,54.9CFM,2.61mmH2O,,22.4dBA,갈색,살색,,,
,174,[NOCTUA] NF-P12,23310,NOCTUA,120mm,25T,SSO,3핀,,1300rpm,54.3CFM,1.68mmH2O,,19.8dBA,갈색,살색,,,
,175,[NZXT] AER RGB 120 트리플 패키지 BRAVOTEC,123000,NZXT,120mm,25T,유체,4핀,500rpm,1500rpm,52.44CFM,1.35mmH2O,22dBA,33dBA,검정,검정,RGB (Cont),링,2년
,176,[NZXT] AER RGB 120 스타터 킷 패키지 BRAVOTEC,123000,NZXT,120mm,25T,유체,4핀,500rpm,1500rpm,52.44CFM,1.35mmH2O,22dBA,33dBA,검정,검정,RGB (Cont),링,2년
,177,[NZXT] AER RGB 120 단품 패키지 BRAVOTEC,44000,NZXT,120mm,25T,유체,4핀,500rpm,1500rpm,52.44CFM,1.35mmH2O,22dBA,33dBA,검정,검정,RGB (Cont),링,2년
,178,[마이크로닉스] TEMPEST Ring Dual Impeller 120mm White,10700,마이크로닉스,120mm,25T,Hydro,3핀,,1300rpm,37.8CFM,,,19dBA,투명,검정,흰색,링,
,179,[마이크로닉스] TEMPEST Ring Dual Impeller 120mm Red,10700,마이크로닉스,120mm,25T,Hydro,3핀,,1300rpm,37.8CFM,,,19dBA,투명,빨강,빨강,링,
,180,[마이크로닉스] TEMPEST Ring Dual Impeller 120mm Green,10700,마이크로닉스,120mm,25T,Hydro,3핀,,1300rpm,37.8CFM,,,19dBA,투명,녹색,흰색,링,
,181,[마이크로닉스] TEMPEST Ring Dual Impeller 120mm Blue,10700,마이크로닉스,120mm,25T,Hydro,3핀,,1300rpm,37.8CFM,,,19dBA,투명,파랑,파랑,링,
,182,[마이크로닉스] VIENTO DOUBLE AURA 120mm WHITE,8900,마이크로닉스,120mm,25T,Hydro,3핀,,1200rpm,38CFM,,,22dBA,투명,검정,흰색,링,
,183,[마이크로닉스] VIENTO DOUBLE AURA 120mm RED,9000,마이크로닉스,120mm,25T,Hydro,3핀,,1200rpm,38CFM,,,22dBA,투명,빨강,빨강,링,
,184,[마이크로닉스] VIENTO DOUBLE AURA 120mm BLUE,9390,마이크로닉스,120mm,25T,Hydro,3핀,,1200rpm,38CFM,,,22dBA,투명,파랑,파랑,링,
,190,[써멀테이크] Riing Plus 12 RGB TT 프리미엄 에디션 (3PACK),123900,써멀테이크,120mm,25T,Hydraulic,9핀,500rpm,1500rpm,48.34CFM,1.54mmH2O,,24.7dBA,검정,검정,RGB (Cont),링,
,191,[써멀테이크] Riing 12 RGB Radiator Fan TT Premium Edition 아스크텍,83000,써멀테이크,120mm,25T,Hydraulic,9핀,500rpm,1400rpm,48.79CFM,1.113mmH2O,18.2dBA,24.8dBA,검정,검정,RGB (Cont),링,
,192,[써멀테이크] Riing 12 LED RGB 256 Colors (3PACK),55000,써멀테이크,120mm,25T,Hydraulic,4핀,800rpm,1500rpm,40.6CFM,2.01mmH2O,18.5dBA,26.4dBA,검정,검정,256C (Cont),링,
,193,[써멀테이크] Riing 12 LED RGB 256 Colors (1PACK),25000,써멀테이크,120mm,25T,Hydraulic,4핀,800rpm,1500rpm,40.6CFM,2.01mmH2O,18.5dBA,26.4dBA,검정,검정,256C (Cont),링,
,194,[써멀테이크] Riing 12 LED FAN Yellow 아스크텍,16180,써멀테이크,120mm,25T,Hydraulic,3핀,,1500rpm,40.6CFM,2.01mmH2O,,24.6dBA,검정,검정,노랑,링,
,195,[써멀테이크] Riing 12 LED FAN Orange 아스크텍,15000,써멀테이크,120mm,25T,Hydraulic,3핀,,1500rpm,40.6CFM,2.01mmH2O,,24.6dBA,검정,검정,주황,링,
,196,[써멀테이크] Riing 12 LED FAN White 아스크텍,15460,써멀테이크,120mm,25T,Hydraulic,3핀,,1500rpm,40.6CFM,2.01mmH2O,,24.6dBA,검정,검정,흰색,링,
,197,[써멀테이크] Riing 12 LED FAN Green 아스크텍,15300,써멀테이크,120mm,25T,Hydraulic,3핀,,1500rpm,40.6CFM,2.01mmH2O,,24.6dBA,검정,검정,녹색,링,
,198,[써멀테이크] Riing 12 LED FAN Red 아스크텍,16000,써멀테이크,120mm,25T,Hydraulic,3핀,,1500rpm,40.6CFM,2.01mmH2O,,24.6dBA,검정,검정,빨강,링,
,199,[써멀테이크] Riing 12 LED FAN Blue 아스크텍,15460,써멀테이크,120mm,25T,Hydraulic,3핀,,1500rpm,40.6CFM,2.01mmH2O,,24.6dBA,검정,검정,파랑,링,
,200,[쿨러마스터] MASTERFAN MF120L RGB,17620,쿨러마스터,120mm,25T,,3핀,,1200rpm,32CFM,0.7mmH2O,,25dBA,투명,검정,RGB (MB),팬,2년
,201,[쿨러마스터] MASTERFAN MF120L WHITE,10880,쿨러마스터,120mm,25T,,3핀,,1200rpm,32CFM,0.7mmH2O,,25dBA,투명,검정,흰색,팬,2년
,202,[쿨러마스터] MASTERFAN MF120L RED,10880,쿨러마스터,120mm,25T,,3핀,,1200rpm,32CFM,0.7mmH2O,,25dBA,투명,검정,빨강,팬,2년
,203,[쿨러마스터] MASTERFAN MF120L BLUE,10880,쿨러마스터,120mm,25T,,3핀,,1200rpm,32CFM,0.7mmH2O,,25dBA,투명,검정,파랑,팬,2년
,204,[쿨러마스터] MASTERFAN PRO 120 Air Pressure RGB,22440,쿨러마스터,120mm,25T,,4핀,650rpm,1500rpm,35CFM,1.45mmH2O,6dBA,20dBA,투명,검정, RGB (MB),팬,5년
,205,[쿨러마스터] MASTERFAN PRO 120 Air Flow RGB,22440,쿨러마스터,120mm,25T,,4핀,650rpm,1100rpm,48CFM,0.88mmH2O,6dBA,20dBA,투명,검정, RGB (MB),팬,5년
,,System Cooler,가격,제조사,팬 크기,두께,베어링,커넥터 핀,최소 회전,최대 회전,최대 풍량,최대 풍압,최소 소음,최대 소음,날개 색,본체 색,LED 색,발광 부분,보증 기간
,,,,,,,,,,,,,,,,,,,
,,,,,,,,,,,,,,,,,,,
,,,,,,,,,,,,,,,,,,,
,,,,,,,,,,,,,,,,,,,
,,,,,,,,,,,,,,,,,,,
