,,,RAM 품목,가격,회사,클럭 ,램 규격,개수,용량,타이밍,전압,XMP,색깔,LED
2,EXISTS,,추가하지 않음,,, ,,,,,,,,
3,EXISTS,, ,,, ,,,,,,,,
4,,,-- 삼성 --,,, ,,,,,,,,
5,,, ,,, ,,,,,,,,
6,삼성,,[삼성] DDR3 8G PC3-12800,\88900,삼성,1600 Mhz,DDR3,1개,8GB,,,,녹색,
7,삼성,,[삼성] DDR3 4G PC3-12800,\39420,삼성,1600 Mhz,DDR3,1개,4GB,11-11-11-30,1.5V,,녹색,
8,삼성,,[삼성] DDR3 4G PC3-8500,\55000,삼성,1066 Mhz,DDR3,1개,4GB,7-7-7-21,1.5V,,녹색,
9,삼성,,[삼성] DDR3 2G PC3-12800,\19790,삼성,1600 Mhz,DDR3,1개,2GB,,1.5V,,녹색,
10,삼성,,[삼성] DDR3 2G PC3-8500,\13050,삼성,1066 Mhz,DDR3,1개,2GB,,,,녹색,
11,삼성,,[삼성] DDR3 1G PC3-8500,\4500,삼성,1066 Mhz,DDR3,1개,1GB,,1.5V,,녹색,
12,삼성,, ,,삼성, ,,,,,,,,
13,삼성,,[삼성] DDR3 16G PC3-12800 ECC/REG LP,\86100,삼성,1600 Mhz,DDR3,1개,16GB,,,,녹색,
14,삼성,,[삼성] DDR3 4G PC3-12800 ECC,\38000,삼성,1600 Mhz,DDR3,1개,4GB,,,,녹색,
15,삼성,,[삼성] DDR3 8G PC3-12800 ECC/REG LP,\45060,삼성,1600 Mhz,DDR3,1개,8GB,,,,녹색,
16,삼성,, ,,삼성, ,,,,,,,,
17,삼성,,[삼성] DDR4 16G PC4-19200,\161200,삼성,2400 Mhz,DDR4,1개,16GB,,,,녹색,
18,삼성,,[삼성] DDR4 16G PC4-21300,\170300,삼성,2666 Mhz,DDR4,1개,16GB,,,,녹색,
19,삼성,,[삼성] DDR4 8G PC4-19200,\78500,삼성,2400 Mhz,DDR4,1개,8GB,,,,녹색,
20,삼성,,[삼성] DDR4 8G PC4-21300,\86500,삼성,2666 Mhz,DDR4,1개,8GB,,,,녹색,
21,삼성,,[삼성] DDR4 4G PC4-19200,\39100,삼성,2400 Mhz,DDR4,1개,4GB,,,,녹색,
22,삼성,, ,,삼성, ,,,,,,,,
23,삼성,,[삼성] DDR4 32G PC4-19200 ECC/REG,\383760,삼성,2400 Mhz,DDR4,1개,32GB,,,,녹색,
24,삼성,,[삼성] DDR4 16G PC4-19200 ECC/REG,\199000,삼성,2400 Mhz,DDR4,1개,16GB,,,,녹색,
25,삼성,,[삼성] DDR4 8G PC4-19200 ECC/REG,\118900,삼성,2400 Mhz,DDR4,1개,8GB,,,,녹색,
26,삼성,,[삼성] DDR4 8G PC4-19200 ECC,\220000,삼성,2400 Mhz,DDR4,1개,8GB,,,,녹색,
27,삼성,, ,,삼성, ,,,,,,,,
28,삼성,,[삼성] 노트북 DDR3 8G PC3-12800 1.35V,\79320,삼성,1600 Mhz,DDR3,1개,8GB,,1.35V,,녹색,
29,삼성,,[삼성] 노트북 DDR3 8G PC3-12800,\83210,삼성,1600 Mhz,DDR3,1개,8GB,,,,녹색,
30,삼성,,[삼성] 노트북 DDR3 4G PC3-12800 1.35V,\40750,삼성,1600 Mhz,DDR3,1개,4GB,,1.35V,,녹색,
31,삼성,,[삼성] 노트북 DDR3 4G PC3-12800,\39790,삼성,1600 Mhz,DDR3,1개,4GB,,,,녹색,
32,삼성,,[삼성] 노트북 DDR3 4G PC3-8500,\49390,삼성,1066 Mhz,DDR3,1개,4GB,,,,녹색,
33,삼성,,[삼성] 노트북 DDR3 2G PC3-12800 1.35V,\26790,삼성,1600 Mhz,DDR3,1개,2GB,,1.35V,,녹색,
34,삼성,,[삼성] 노트북 DDR3 2G PC3-12800,\19500,삼성,1600 Mhz,DDR3,1개,2GB,,,,녹색,
35,삼성,,[삼성] 노트북 DDR3 2G PC3-8500,\12870,삼성,1066 Mhz,DDR3,1개,2GB,,,,녹색,
36,삼성,,[삼성] 노트북 DDR3 1G PC3-8500,\4710,삼성,1066 Mhz,DDR3,1개,1GB,,,,녹색,
37,삼성,, ,,삼성, ,,,,,,,,
38,삼성,,[삼성] 노트북 DDR4 16G PC4-19200,\166400,삼성,2400 Mhz,DDR4,1개,16GB,,,,녹색,
39,삼성,,[삼성] 노트북 DDR4 8G PC4-19200,\81700,삼성,2400 Mhz,DDR4,1개,8GB,,,,녹색,
40,삼성,,[삼성] 노트북 DDR4 4G PC4-19200,\42400,삼성,2400 Mhz,DDR4,1개,4GB,,,,녹색,
41,,, ,,, ,,,,,,,,
42,,,-- CORSAIR --,,, ,,,,,,,,
43,,, ,,, ,,,,,,,,
44,CORSAIR,,[CORSAIR] DDR4 128G PC4-24000 CL16 VENGEANCE RGB (16G X 8),\2360000,CORSAIR,3000 Mhz,DDR4,8개,128GB,16-18-18-36,1.35V,O,검정,RGB
45,CORSAIR,,[CORSAIR] DDR4 64G PC4-21300 CL16 VENGEANCE RGB (16G X 4),\1162000,CORSAIR,2666 Mhz,DDR4,4개,64GB,16-18-18-36,1.2V,O,검정,RGB
46,CORSAIR,,[CORSAIR] DDR4 64G PC4-24000 CL15 VENGEANCE RGB (16G X 4),\1382780,CORSAIR,3000 Mhz,DDR4,4개,64GB,15-17-17-35,1.35V,O,검정,RGB
47,CORSAIR,,[CORSAIR] DDR4 64G PC4-24000 CL16 VENGEANCE RGB (16G X 4),\1235490,CORSAIR,3000 Mhz,DDR4,4개,64GB,16-18-18-36,1.35V,O,검정,RGB
48,CORSAIR,,[CORSAIR] DDR4 64G PC4-25600 CL16 VENGEANCE RGB (16G X 4),\1320000,CORSAIR,3200 Mhz,DDR4,4개,64GB,16-18-18-36,1.35V,O,검정,RGB
49,CORSAIR,,[CORSAIR] DDR4 64G PC4-27700 CL16 VENGEANCE RGB (16G X 4),\1320000,CORSAIR,3466 Mhz,DDR4,4개,64GB,16-18-18-36,1.35V,O,검정,RGB
50,CoRSAIR,,[CORSAIR] DDR4 64G PC4-28800 CL18 VENGEANCE RGB (16G X 4),\1390500,CoRSAIR,3600 Mhz,DDR4,4개,64GB,18-19-19-39,1.35V,O,검정,RGB
51,CORSAIR,,[CORSAIR] DDR4 32G PC4-21300 CL16 VENGEANCE RGB (16G X 2),\611000,CORSAIR,2666 Mhz,DDR4,2개,32GB,16-18-18-36,1.2V,O,검정,RGB
52,CORSAIR,,[CORSAIR] DDR4 32G PC4-24000 CL15 VENGEANCE RGB (16G X 2),\645000,CORSAIR,3000 Mhz,DDR4,2개,32GB,15-17-17-35,1.35V,O,검정,RGB
53,CORSAIR,,[CORSAIR] DDR4 32G PC4-25600 CL16 VENGEANCE RGB (16G X 2),\643800,CORSAIR,3200 Mhz,DDR4,2개,32GB,16-18-18-36,1.35V,O,검정,RGB
54,CORSAIR,,[CORSAIR] DDR4 32G PC4-21300 CL16 VENGEANCE RGB (8G X 4),\627500,CORSAIR,2666 Mhz,DDR4,4개,32GB,16-18-18-36,1.2V,O,검정,RGB
55,CORSAIR,,[CORSAIR] DDR4 32G PC4-24000 CL15 VENGEANCE RGB (8G X 4),\637000,CORSAIR,3000 Mhz,DDR4,4개,32GB,15-17-17-35,1.35V,O,검정,RGB
56,CORSAIR,,[CORSAIR] DDR4 32G PC4-25600 CL16 VENGEANCE RGB (8G X 4),\675480,CORSAIR,3200 Mhz,DDR4,4개,32GB,16-18-18-36,1.35V,O,검정,RGB
57,CORSAIR,,[CORSAIR] DDR4 32G PC4-27700 CL16 VENGEANCE RGB (8G X 4),\696300,CORSAIR,3466 Mhz,DDR4,4개,32GB,16-18-18-36,1.35V,O,검정,RGB
58,CORSAIR,,[CORSAIR] DDR4 32G PC4-28800 CL18 VENGEANCE RGB (16G X 2),\671000,CORSAIR,3600 Mhz,DDR4,2개,32GB,18-19-19-39,1.35V,O,검정,RGB
59,CORSAIR,,[CORSAIR] DDR4 32G PC4-28800 CL18 VENGEANCE RGB (8G X 4),\655200,CORSAIR,3600 Mhz,DDR4,4개,32GB,18-19-19-39,1.35V,O,검정,RGB
60,CORSAIR,,[CORSAIR] DDR4 16G PC4-19200 CL14 VENGEANCE RGB (8G X 2),\262500,CORSAIR,2400 Mhz,DDR4,2개,16GB,14-16-16-31,1.2V,O,검정,RGB
61,CORSAIR,,[CORSAIR] DDR4 16G PC4-28800 CL18 VENGEANCE RGB (8G X 2),\284800,CORSAIR,3600 Mhz,DDR4,2개,16GB,18-19-19-39,1.35V,O,검정,RGB
62,CORSAIR,,[CORSAIR] DDR4 16G PC4-21300 CL16 VENGEANCE RGB (8G X 2),\305000,CORSAIR,2666 Mhz,DDR4,2개,16GB,16-18-18-36,1.2V,O,검정,RGB
63,CORSAIR,,[CORSAIR] DDR4 16G PC4-24000 CL15 VENGEANCE RGB (8G X 2),\314900,CORSAIR,3000 Mhz,DDR4,2개,16GB,15-17-17-35,1.35V,O,검정,RGB
64,CORSAIR,,[CORSAIR] DDR4 16G PC4-25600 CL16 VENGEANCE RGB (8G X 2),\330000,CORSAIR,3200 Mhz,DDR4,2개,16GB,16-18-18-36,1.35V,O,검정,RGB
65,CORSAIR,,[CORSAIR] DDR4 16G PC4-27700 CL16 VENGEANCE RGB (8G X 2),\348200,CORSAIR,3466 Mhz,DDR4,2개,16GB,16-18-18-36,1.35V,O,검정,RGB
66,CORSAIR,, ,,CORSAIR, ,,,,,,,,
67,CORSAIR,,[CORSAIR] DDR4 32G PC4-24000 CL15 VENGEANCE WHITE RGB (8G X 4),\640000,CORSAIR,3000 Mhz,DDR4,4개,32GB,15-17-17-35,1.35V,O,흰색,RGB
68,CORSAIR,,[CORSAIR] DDR4 32G PC4-25600 CL16 VENGEANCE WHITE RGB (16G X 2),\643800,CORSAIR,3200 Mhz,DDR4,2개,32GB,16-18-18-36,1.35V,O,흰색,RGB
69,CORSAIR,,[CORSAIR] DDR4 32G PC4-25600 CL16 VENGEANCE WHITE RGB (8G X 4),\654900,CORSAIR,3200 Mhz,DDR4,4개,32GB,16-18-18-36,1.35V,O,흰색,RGB
70,CORSAIR,,[CORSAIR] DDR4 16G PC4-24000 CL15 VENGEANCE WHITE RGB (8G X 2),\315120,CORSAIR,3000 Mhz,DDR4,2개,16GB,15-17-17-35,1.35V,O,흰색,RGB
71,CORSAIR,,[CORSAIR] DDR4 16G PC4-25600 CL16 VENGEANCE WHITE RGB (8G X 2),\347200,CORSAIR,3200 Mhz,DDR4,2개,16GB,16-18-18-36,1.35V,O,흰색,RGB
72,CORSAIR,,[CORSAIR] DDR4 16G PC4-28800 CL18 VENGEANCE WHITE RGB (8G X 2),\339000,CORSAIR,3600 Mhz,DDR4,2개,16GB,18-19-19-39,1.35V,O,흰색,RGB
73,,, ,,, ,,,,,,,,
74,,,-- G.SKILL --,,, ,,,,,,,,
75,,, ,,, ,DDR4,,,,,,,
76,G.SKILL,,[G.SKILL] DDR4 64G PC4-19200 CL15 TRIDENT Z RGB (8G X 8),\1118800,G.SKILL,2400 Mhz,DDR4,8개,64GB,15-15-15-35,1.2V,O,검정,RGB
77,G.SKILL,,[G.SKILL] DDR4 64G PC4-24000 CL14 TRIDENT Z RGB (8G X 8),\1368500,G.SKILL,3000 Mhz,DDR4,8개,64GB,14-14-14-34,1.35V,O,검정,RGB
78,G.SKILL,,[G.SKILL] DDR4 32G PC4-19200 CL15 TRIDENT Z RGB (16G X 2),\486400,G.SKILL,2400 Mhz,DDR4,2개,32GB,15-15-15-35,1.2V,O,검정,RGB
79,G.SKILL,,[G.SKILL] DDR4 32G PC4-19200 CL15 TRIDENT Z RGB (8G X 4),\505900,G.SKILL,2400 Mhz,DDR4,4개,32GB,15-15-15-35,1.2V,O,검정,RGB
80,G.SKILL,,[G.SKILL] DDR4 32G PC4-24000 CL14 TRIDENT Z RGB (16G X 2),\611000,G.SKILL,3000 Mhz,DDR4,2개,32GB,14-14-14-34,1.35V,O,검정,RGB
81,G.SKILL,,[G.SKILL] DDR4 32G PC4-24000 CL14 TRIDENT Z RGB (8G X 4),\701000,G.SKILL,3000 Mhz,DDR4,4개,32GB,14-14-14-34,1.35V,O,검정,RGB
82,G.SKILL,,[G.SKILL] DDR4 32G PC4-24000 CL16 TRIDENT Z RGB (8G X 4),\564200,G.SKILL,3000 Mhz,DDR4,4개,32GB,16-18-18-38,1.35V,O,검정,RGB
83,G.SKILL,,[G.SKILL] DDR4 32G PC4-25600 CL14 TRIDENT Z RGB (16G X 2),\681000,G.SKILL,3200 Mhz,DDR4,2개,32GB,14-14-14-34,1.35V,O,검정,RGB
84,G.SKILL,,[G.SKILL] DDR4 32G PC4-25600 CL14 TRIDENT Z RGB (8G X 4),\759500,G.SKILL,3200 Mhz,DDR4,4개,32GB,14-14-14-34,1.35V,O,검정,RGB
85,G.SKILL,,[G.SKILL] DDR4 32G PC4-25600 CL15 TRIDENT Z RGB (16G X 2),\650600,G.SKILL,3200 Mhz,DDR4,2개,32GB,15-15-15-35,1.35V,O,검정,RGB
86,G.SKILL,,[G.SKILL] DDR4 32G PC4-25600 CL16 TRIDENT Z RGB (8G X 4),\622600,G.SKILL,3200 Mhz,DDR4,4개,32GB,16-18-18-38,1.35V,O,검정,RGB
87,G.SKILL,,[G.SKILL] DDR4 32G PC4-26600 CL16 TRIDENT Z RGB (16G X 2),\684300,G.SKILL,3333 Mhz,DDR4,2개,32GB,16-18-18-38,1.35V,O,검정,RGB
88,G.SKILL,,[G.SKILL] DDR4 32G PC4-27700 CL16 TRIDENT Z RGB (16G X 2),\729000,G.SKILL,3466 Mhz,DDR4,2개,32GB,16-18-18-38,1.35V,O,검정,RGB
89,G.SKILL,,[G.SKILL] DDR4 32G PC4-27700 CL16 TRIDENT Z RGB (8G X 4),\758800,G.SKILL,3466 Mhz,DDR4,4개,32GB,16-18-18-38,1.35V,O,검정,RGB
90,G.SKILL,,[G.SKILL] DDR4 32G PC4-28800 CL17 TRIDENT Z RGB (16G X 2),\756800,G.SKILL,3600 Mhz,DDR4,2개,32GB,17-19-19-39,1.35V,O,검정,RGB
91,G.SKILL,,[G.SKILL] DDR4 32G PC4-30900 CL18 TRIDENT Z RGB (16G X 2),\830900,G.SKILL,3866 Mhz,DDR4,2개,32GB,18-18-18-38,1.35V,O,검정,RGB
92,G.SKILL,,[G.SKILL] DDR4 32G PC4-30900 CL18 TRIDENT Z RGB (8G X 4),\875600,G.SKILL,3866 Mhz,DDR4,4개,32GB,18-19-19-39,1.35V,O,검정,RGB
93,G.SKILL,,[G.SKILL] DDR4 16G PC4-19200 CL15 TRIDENT Z RGB (8G X 2),\251600,G.SKILL,2400 Mhz,DDR4,2개,16GB,15-15-15-35,1.35V,O,검정,RGB
94,G.SKILL,,[G.SKILL] DDR4 16G PC4-24000 CL14 TRIDENT Z RGB (8G X 2),\337290,G.SKILL,3000 Mhz,DDR4,2개,16GB,14-14-14-34,1.35V,O,검정,RGB
95,G.SKILL,,[G.SKILL] DDR4 16G PC4-24000 CL15 TRIDENT Z RGB (8G X 2),\301500,G.SKILL,3000 Mhz,DDR4,2개,16GB,15-15-15-35,1.35V,O,검정,RGB
96,G.SKILL,,[G.SKILL] DDR4 16G PC4-24000 CL16 TRIDENT Z RGB (8G X 2),\282000,G.SKILL,3000 Mhz,DDR4,2개,16GB,16-18-18-38,1.35V,O,검정,RGB
97,G.SKILL,,[G.SKILL] DDR4 16G PC4-25600 CL14 TRIDENT Z RGB (8G X 2),\381000,G.SKILL,3200 Mhz,DDR4,2개,16GB,14-14-14-34,1.35V,O,검정,RGB
98,G.SKILL,,[G.SKILL] DDR4 16G PC4-25600 CL16 TRIDENT Z RGB (8G X 2),\311300,G.SKILL,3200 Mhz,DDR4,2개,16GB,16-18-18-38,1.35V,O,검정,RGB
99,G.SKILL,,[G.SKILL] DDR4 16G PC4-27700 CL16 TRIDENT Z RGB (8G X 2),\379400,G.SKILL,3466 Mhz,DDR4,2개,16GB,16-18-18-38,1.35V,O,검정,RGB
100,G.SKILL,,[G.SKILL] DDR4 16G PC4-28800 CL16 TRIDENT Z RGB (8G X 2),\418300,G.SKILL,3600 Mhz,DDR4,2개,16GB,16-16-16-36,1.35V,O,검정,RGB
101,G.SKILL,,[G.SKILL] DDR4 16G PC4-28800 CL17 TRIDENT Z RGB (8G X 2),\398800,G.SKILL,3600 Mhz,DDR4,2개,16GB,17-18-18-38,1.35V,O,검정,RGB
102,G.SKILL,,[G.SKILL] DDR4 16G PC4-30900 CL18 TRIDENT Z RGB (8G X 2),\437800,G.SKILL,3866 Mhz,DDR4,2개,16GB,18-19-19-39,1.35V,O,검정,RGB
103,G.SKILL,,[G.SKILL] DDR4 16G PC4-33000 CL19 TRIDENT Z RGB (8G X 2),\457200,G.SKILL,4133 Mhz,DDR4,2개,16GB,19-19-19-39,1.35V,O,검정,RGB
104,G.SKILL,,[G.SKILL] DDR4 16G PC4-34100 CL19 TRIDENT Z RGB (8G X 2),\479000,G.SKILL,4266 Mhz,DDR4,2개,16GB,19-19-19-39,1.4V,O,검정,RGB
105,,, ,,, ,,,,,,,,
106,,,-- GeIL --,,, ,,,,,,,,
107,,, ,,, ,,,,,,,,
108,GeIL,,[GeIL] DDR4 32G PC4-19200 CL16 EVO-X GUNMETAL RYZEN RGB (16G X 2),\476530,GeIL,2400 Mhz,DDR4,2개,32GB,16-16-16-36,1.2V,O,검정,RGB
109,GeIL,,[GeIL] DDR4 32G PC4-21330 CL16 EVO-X GUNMETAL RYZEN RGB (16G X 2),\466700,GeIL,2666 Mhz,DDR4,2개,32GB,16-18-18-36,1.35V,O,검정,RGB
110,GeIL,,[GeIL] DDR4 16G PC4-19200 CL16 EVO-X GUNMETAL RYZEN RGB (8G X 2),\-,GeIL,2400 Mhz,DDR4,2개,16GB,16-16-16-36,1.2V,O,검정,RGB
111,GeIL,,[GeIL] DDR4 16G PC4-21330 CL16 EVO-X GUNMETAL RYZEN RGB (8G X 2),\243100,GeIL,2666 Mhz,DDR4,2개,16GB,16-18-18-36,1.35V,O,검정,RGB
112,GeIL,,[GeIL] DDR4 16G PC4-24000 CL16 EVO-X GUNMETAL RYZEN RGB (8G X 2),\262500,GeIL,3000 Mhz,DDR4,2개,16GB,16-18-18-36,1.35V,O,검정,RGB
113,GeIL,,[GeIL] DDR4 8G PC4-19200 CL16 EVO-X GUNMETAL RYZEN RGB (4G X 2),\-,GeIL,2400 Mhz,DDR4,2개,8GB,16-16-16-36,1.2V,O,검정,RGB
114,GeIL,, ,,GeIL, ,,,,,,,,
115,GeIL,,[GeIL] DDR4 32G PC4-19200 CL16 EVO-X WHITE RYZEN RGB (16G X 2),\476530,GeIL,2400 Mhz,DDR4,2개,32GB,16-16-16-36,1.2V,O,흰색,RGB
116,GeIL,,[GeIL] DDR4 32G PC4-21330 CL16 EVO-X WHITE RYZEN RGB (16G X 2),\471600,GeIL,2666 Mhz,DDR4,2개,32GB,16-18-18-36,1.35V,O,흰색,RGB
117,GeIL,,[GeIL] DDR4 16G PC4-21330 CL16 EVO-X WHITE RYZEN RGB (8G X 2),\471600,GeIL,2666 Mhz,DDR4,2개,16GB,16-18-18-36,1.35V,O,흰색,RGB
118,GeIL,,[GeIL] DDR4 16G PC4-24000 CL16 EVO-X WHITE RYZEN RGB (8G X 2),\267300,GeIL,3000 Mhz,DDR4,2개,16GB,16-18-18-36,1.35V,O,흰색,RGB
119,GeIL,,[GeIL] DDR4 16G PC4-25600 CL16 EVO-X WHITE RYZEN RGB (8G X 2),\-,GeIL,3200 Mhz,DDR4,2개,16GB,16-18-18-36,1.35V,O,흰색,RGB
120,GeIL,,[GeIL] DDR4 8G PC4-19200 CL16 EVO-X WHITE RYZEN RGB (4G X 2),\-,GeIL,2400 Mhz,DDR4,2개,8GB,16-16-16-36,1.2V,O,흰색,RGB
121,GeIL,, ,,GeIL, ,,,,,,,,
122,GeIL,,[GeIL] DDR4 16G PC4-19200 CL17 EVO-X 화이트 GREY RGB,\230500,GeIL,2400 Mhz,DDR4,1개,16GB,17-17-17-39,1.2V,O,흰색,RGB
123,GeIL,,[GeIL] DDR4 16G PC4-24000 CL15 EVO-X 화이트 GREY RGB (8G X 2),\276000,GeIL,3000 Mhz,DDR4,2개,16GB,15-17-17-35,1.35V,O,흰색,RGB
124,GeIL,,[GeIL] DDR4 16G PC4-25600 CL16 EVO-X 화이트 GREY RGB (8G X 2),\285700,GeIL,3200 Mhz,DDR4,2개,16GB,16-18-18-36,1.35V,O,흰색,RGB
125,GeIL,,[GeIL] DDR4 8G PC4-19200 CL17 EVO-X 화이트 GREY RGB,\117200,GeIL,2400 Mhz,DDR4,1개,8GB,17-17-17-39,1.2V,O,흰색,RGB
126,GeIL,,[GeIL] DDR4 4G PC4-19200 CL17 EVO-X 화이트 GREY RGB,\68800,GeIL,2400 Mhz,DDR4,1개,4GB,17-17-17-39,1.2V,O,흰색,RGB
127,GeIL,, ,,GeIL, ,,,,,,,,
128,GeIL,,[GeIL] DDR4 16G PC4-19200 CL17 EVO-X 블랙 RGB,\227600,GeIL,2400 Mhz,DDR4,1개,16GB,17-17-17-39,1.2V,O,검정,RGB
129,GeIL,,[GeIL] DDR4 16G PC4-24000 CL15 EVO-X 블랙 RGB (8G X 2),\271200,GeIL,3000 Mhz,DDR4,2개,16GB,15-17-17-35,1.35V,O,검정,RGB
130,GeIL,,[GeIL] DDR4 16G PC4-25600 CL16 EVO-X 블랙 RGB (8G X 2),\280900,GeIL,3200 Mhz,DDR4,2개,16GB,16-18-18-36,1.35V,O,검정,RGB
131,GeIL,,[GeIL] DDR4 8G PC4-19200 CL17 EVO-X 블랙 RGB,\116200,GeIL,2400 Mhz,DDR4,1개,8GB,17-17-17-39,1.2V,O,검정,RGB
132,GeIL,,[GeIL] DDR4 4G PC4-19200 CL17 EVO-X 블랙 RGB,\67800,GeIL,2400 Mhz,DDR4,1개,4GB,17-17-17-39,1.2V,O,검정,RGB
133,GeIL,, ,,GeIL, ,,,,,,,,
134,GeIL,,[GeIL] DDR4 32G PC4-24000 CL15 EVO-X ROG RGB (8G X 4),\590900,GeIL,3000 Mhz,DDR4,4개,32GB,15-15-15-36,1.35V,O,검정,RGB
135,GeIL,,[GeIL] DDR4 16G PC4-24000 CL15 EVO-X ROG RGB (8G X 2),\293000,GeIL,3000 Mhz,DDR4,2개,16GB,15-15-15-36,1.35V,O,검정,RGB
136,GeIL,, ,,GeIL, ,,,,,,,,
137,GeIL,,[GeIL] DDR4 16G PC4-17000 CL15 EVO-X RGB,\213930,GeIL,2133 Mhz,DDR4,1개,16GB,15-15-15-36,1.2V,O,검정,RGB
138,GeIL,,[GeIL] DDR4 16G PC4-19200 CL17 EVO-X RGB,\234500,GeIL,2400 Mhz,DDR4,1개,16GB,17-17-17-39,1.2V,O,검정,RGB
139,GeIL,,[GeIL] DDR4 16G PC4-24000 CL15 EVO-X RGB (8G X 2),\262500,GeIL,3000 Mhz,DDR4,2개,16GB,15-15-15-36,1.35V,O,검정,RGB
140,GeIL,,[GeIL] DDR4 16G PC4-25600 CL16 EVO-X RGB (8G X 2),\281210,GeIL,3200 Mhz,DDR4,2개,16GB,16-18-18-36,1.35V,O,검정,RGB
141,GeIL,,[GeIL] DDR4 8G PC4-17000 CL15 EVO-X RGB,\111700,GeIL,2133 Mhz,DDR4,1개,8GB,15-15-15-36,1.2V,O,검정,RGB
142,GeIL,,[GeIL] DDR4 4G PC4-17000 CL15 EVO-X RGB,\57410,GeIL,2133 Mhz,DDR4,1개,4GB,15-15-15-36,1.2V,O,검정,RGB
143,GeIL,,[GeIL] DDR4 4G PC4-19200 CL17 EVO-X RGB,\69060,GeIL,2400 Mhz,DDR4,1개,4GB,17-17-17-39,1.2V,O,검정,RGB
144,GeIL,, ,,GeIL, ,,,,,,,,
145,GeIL,,[GeIL] DDR4 16G PC4-17000 CL15 EVO-X 화이트 RGB,\216300,GeIL,2133 Mhz,DDR4,1개,16GB,15-15-15-36,1.2V,O,흰색,RGB
146,GeIL,,[GeIL] DDR4 16G PC4-19200 CL17 EVO-X 화이트 RGB,\234450,GeIL,2400 Mhz,DDR4,1개,16GB,17-17-17-39,1.2V,O,흰색,RGB
147,GeIL,,[GeIL] DDR4 16G PC4-24000 CL15 EVO-X 화이트 RGB (8G X 2),\-,GeIL,3000 Mhz,DDR4,2개,16GB,15-17-17-35,1.35V,O,흰색,RGB
148,GeIL,,[GeIL] DDR4 8G PC4-17000 CL15 EVO-X 화이트 RGB,\113700,GeIL,2133 Mhz,DDR4,1개,8GB,15-15-15-36,1.2V,O,흰색,RGB
149,GeIL,,[GeIL] DDR4 4G PC4-17000 CL15 EVO-X 화이트 RGB,\71000,GeIL,2133 Mhz,DDR4,1개,4GB,15-15-15-36,1.2V,O,흰색,RGB
150,GeIL,,[GeIL] DDR4 4G PC4-19200 CL16 EVO-X 화이트 RGB,\70700,GeIL,2400 Mhz,DDR4,1개,4GB,16-16-16-36,1.2V,O,흰색,RGB
151,GeIL,,[GeIL] DDR4 4G PC4-19200 CL17 EVO-X 화이트 RGB,\70000,GeIL,2400 Mhz,DDR4,1개,4GB,17-17-17-39,1.2V,O,흰색,RGB
152,GeIL,, ,,GeIL, ,,,,,,,,
153,GeIL,,[GeIL] DDR4 16G PC4-24000 CL16 SUPER LUCE RGB Sync 블랙 (8G X 2),\280900,GeIL,3000 Mhz,DDR4,2개,16GB,16-18-18-36,1.35V,O,검정,RGB
154,GeIL,,[GeIL] DDR4 8G PC4-17000 CL15 SUPER LUCE RGB Sync 블랙,\118210,GeIL,2133 Mhz,DDR4,1개,8GB,15-17-17-35,1.2V,O,검정,RGB
155,GeIL,,[GeIL] DDR4 8G PC4-19200 CL17 SUPER LUCE RGB Sync 블랙,\121000,GeIL,2400 Mhz,DDR4,1개,8GB,17-17-17-39,1.2V,O,검정,RGB
156,GeIL,,[GeIL] DDR4 8G PC4-21300 CL16 SUPER LUCE RGB Sync 블랙,\130700,GeIL,2666 Mhz,DDR4,1개,8GB,16-18-18-36,1.35V,O,검정,RGB
157,GeIL,,[GeIL] DDR4 4G PC4-17000 CL15 SUPER LUCE RGB Sync 블랙,\67800,GeIL,2133 Mhz,DDR4,1개,4GB,15-15-15-36,1.2V,O,검정,RGB
158,GeIL,,[GeIL] DDR4 4G PC4-19200 CL17 SUPER LUCE RGB Sync 블랙,\72600,GeIL,2400 Mhz,DDR4,1개,4GB,17-17-17-39,1.2V,O,검정,RGB
159,GeIL,, ,,GeIL, ,,,,,,,,
160,GeIL,,[GeIL] DDR4 16G PC4-24000 CL16 SUPER LUCE RGB Sync 화이트 (8G X 2),\285700,GeIL,3000 Mhz,DDR4,2개,16GB,16-18-18-36,1.35V,O,흰색,RGB
161,GeIL,,[GeIL] DDR4 8G PC4-17000 CL15 SUPER LUCE RGB Sync 화이트,\118200,GeIL,2133 Mhz,DDR4,1개,8GB,15-17-17-35,1.2V,O,흰색,RGB
162,GeIL,,[GeIL] DDR4 8G PC4-19200 CL17 SUPER LUCE RGB Sync 화이트,\122900,GeIL,2400 Mhz,DDR4,1개,8GB,17-17-17-39,1.2V,O,흰색,RGB
163,GeIL,,[GeIL] DDR4 8G PC4-21300 CL16 SUPER LUCE RGB Sync 화이트,\132700,GeIL,3000 Mhz,DDR4,1개,8GB,16-18-18-36,1.35V,O,흰색,RGB
164,GeIL,,[GeIL] DDR4 4G PC4-17000 CL15 SUPER LUCE RGB Sync 화이트,\67800,GeIL,2133 Mhz,DDR4,1개,4GB,15-15-15-36,1.2V,O,흰색,RGB
165,GeIL,,[GeIL] DDR4 4G PC4-19200 CL17 SUPER LUCE RGB Sync 화이트,\73600,GeIL,2400 Mhz,DDR4,1개,4GB,17-17-17-39,1.2V,O,흰색,RGB
166,GeIL,, ,,GeIL, ,,,,,,,,
167,GeIL,,[GeIL] DDR4 16G PC4-17000 CL15 SUPER LUCE RGB Lite 블랙,\215900,GeIL,2133 Mhz,DDR4,1개,16GB,15-15-15-36,1.2V,O,검정,RGB
168,GeIL,,[GeIL] DDR4 16G PC4-19200 CL17 SUPER LUCE RGB Lite 블랙,\227600,GeIL,2400 Mhz,DDR4,1개,16GB,17-17-17-39,1.2V,O,검정,RGB
169,GeIL,,[GeIL] DDR4 16G PC4-24000 CL16 SUPER LUCE RGB Lite 블랙 (8G X 2),\271200,GeIL,3000 Mhz,DDR4,2개,16GB,16-18-18-36,1.35V,O,검정,RGB
170,GeIL,,[GeIL] DDR4 8G PC4-17000 CL15 SUPER LUCE RGB Lite 블랙,\115000,GeIL,2133 Mhz,DDR4,1개,8GB,15-15-15-36,1.2V,O,검정,RGB
171,GeIL,,[GeIL] DDR4 8G PC4-19200 CL17 SUPER LUCE RGB Lite 블랙,\116600,GeIL,2400 Mhz,DDR4,1개,8GB,17-17-17-39,1.2V,O,검정,RGB
172,GeIL,,[GeIL] DDR4 8G PC4-21300 CL16 SUPER LUCE RGB Lite 블랙,\126400,GeIL,2666 Mhz,DDR4,1개,8GB,16-18-18-36,1.35V,O,검정,RGB
173,GeIL,,[GeIL] DDR4 4G PC4-17000 CL15 SUPER LUCE RGB Lite 블랙,\63240,GeIL,2133 Mhz,DDR4,1개,4GB,15-15-15-36,1.2V,O,검정,RGB
174,GeIL,,[GeIL] DDR4 4G PC4-19200 CL17 SUPER LUCE RGB Lite 블랙,\67800,GeIL,2400 Mhz,DDR4,1개,4GB,17-17-17-39,1.2V,O,검정,RGB
175,GeIL,, ,,GeIL, ,,,,,,,,
176,GeIL,,[GeIL] DDR4 16G PC4-17000 CL15 SUPER LUCE RGB Lite 화이트,\218800,GeIL,2133 Mhz,DDR4,1개,16GB,15-15-15-36,1.2V,O,흰색,RGB
177,GeIL,,[GeIL] DDR4 16G PC4-19200 CL17 SUPER LUCE RGB Lite 화이트,\230500,GeIL,2400 Mhz,DDR4,1개,16GB,17-17-17-39,1.2V,O,흰색,RGB
178,GeIL,,[GeIL] DDR4 16G PC4-24000 CL16 SUPER LUCE RGB Lite 화이트 (8G X 2),\276000,GeIL,3000 Mhz,DDR4,2개,16GB,16-18-18-36,1.35V,O,흰색,RGB
179,GeIL,,[GeIL] DDR4 8G PC4-17000 CL15 SUPER LUCE RGB Lite 화이트,\113700,GeIL,2133 Mhz,DDR4,1개,8GB,15-15-15-36,1.2V,O,흰색,RGB
180,GeIL,,[GeIL] DDR4 8G PC4-19200 CL17 SUPER LUCE RGB Lite 화이트,\68800,GeIL,2400 Mhz,DDR4,1개,8GB,17-17-17-39,1.2V,O,흰색,RGB
181,GeIL,,[GeIL] DDR4 8G PC4-21300 CL16 SUPER LUCE RGB Lite 화이트,\128300,GeIL,2666 Mhz,DDR4,1개,8GB,16-18-18-36,1.35V,O,흰색,RGB
182,GeIL,,[GeIL] DDR4 4G PC4-17000 CL15 SUPER LUCE RGB Lite 화이트,\64170,GeIL,2133 Mhz,DDR4,1개,4GB,15-15-15-36,1.2V,O,흰색,RGB
183,,, ,,, ,,,,,,,,
184,,,-- TeamGroup --,,, ,,,,,,,,
185,,, ,,, ,,,,,,,,
186,TeamGroup,,[TeamGroup] T-Force DDR4 32G PC4-21300 CL15 Delta RGB (16G X 2),\541750,TeamGroup,2666 Mhz,DDR4,2개,32GB,15-17-17-35,1.2V,O,검정,RGB
187,TeamGroup,,[TeamGroup] T-Force DDR4 32G PC4-24000 CL16 Delta RGB (16G X 2),\591690,TeamGroup,3000 Mhz,DDR4,2개,32GB,16-18-18-36,1.35V,O,검정,RGB
188,TeamGroup,,[TeamGroup] T-Force DDR4 16G PC4-19200 CL15 Delta RGB (8G X 2),\274470,TeamGroup,2400 Mhz,DDR4,2개,16GB,15-17-17-35,1.2V,O,검정,RGB
189,TeamGroup,,[TeamGroup] T-Force DDR4 16G PC4-21300 CL15 Delta RGB (8G X 2),\279450,TeamGroup,2666 Mhz,DDR4,2개,16GB,15-17-17-35,1.2V,O,검정,RGB
190,TeamGroup,,[TeamGroup] T-Force DDR4 16G PC4-24000 CL16 Delta RGB (8G X 2),\293320,TeamGroup,3000 Mhz,DDR4,2개,16GB,16-18-18-38,1.35V,O,검정,RGB
191,TeamGroup,,[TeamGroup] T-Force DDR4 8G PC4-19200 CL15 Delta RGB (4G X 2),\158660,TeamGroup,2400 Mhz,DDR4,2개,8GB,15-17-17-35,1.2V,O,검정,RGB
192,TeamGroup,,[TeamGroup] T-Force DDR4 8G PC4-21300 CL15 Delta RGB (4G X 2),\163690,TeamGroup,2666 Mhz,DDR4,2개,8GB,15-17-17-35,1.2V,O,검정,RGB
193,TeamGroup,, ,,TeamGroup, ,,,,,,,,
194,TeamGroup,,[TeamGroup] T-Force DDR4 32G PC4-21300 CL15 Delta RGB 화이트 (16G X 2),\545820,TeamGroup,2666 Mhz,DDR4,2개,32GB,15-17-17-35,1.2V,O,흰색,RGB
195,TeamGroup,,[TeamGroup] T-Force DDR4 32G PC4-24000 CL16 Delta RGB 화이트 (16G X 2),\565660,TeamGroup,3000 Mhz,DDR4,2개,32GB,16-18-18-36,1.2V,O,흰색,RGB
196,TeamGroup,,[TeamGroup] T-Force DDR4 16G PC4-19200 CL15 Delta RGB 화이트 (8G X 2),\278450,TeamGroup,2400 Mhz,DDR4,2개,16GB,15-17-17-35,1.2V,O,흰색,RGB
197,TeamGroup,,[TeamGroup] T-Force DDR4 16G PC4-21300 CL15 Delta RGB 화이트 (8G X 2),\281060,TeamGroup,2666 Mhz,DDR4,2개,16GB,15-17-17-35,1.2V,O,흰색,RGB
198,TeamGroup,,[TeamGroup] T-Force DDR4 16G PC4-24000 CL16 Delta RGB 화이트 (8G X 2),\297290,TeamGroup,3000 Mhz,DDR4,2개,16GB,16-18-18-38,1.35V,O,흰색,RGB
199,TeamGroup,,[TeamGroup] T-Force DDR4 8G PC4-19200 CL15 Delta RGB 화이트 (4G X 2),\161410,TeamGroup,2400 Mhz,DDR4,2개,8GB,15-17-17-35,1.2V,O,흰색,RGB
200,TeamGroup,,[TeamGroup] T-Force DDR4 8G PC4-21300 CL15 Delta RGB 화이트 (4G X 2),\167680,TeamGroup,2666 Mhz,DDR4,2개,8GB,15-17-17-35,1.2V,O,흰색,RGB
201,TeamGroup,, ,,TeamGroup, ,,,,,,,,
202,TeamGroup,,[TeamGroup] T-Force DDR4 32G PC4-24000 CL16 Night Hawk RGB (16G X 2),\581520,TeamGroup,3000 Mhz,DDR4,2개,32GB,16-18-18-38,1.35V,O,검정,RGB
203,TeamGroup,,[TeamGroup] T-Force DDR4 32G PC4-25600 CL16 Night Hawk RGB (16G X 2),\601460,TeamGroup,3200 Mhz,DDR4,2개,32GB,16-18-18-38,1.35V,O,검정,RGB
204,TeamGroup,,[TeamGroup] T-Force DDR4 16G PC4-24000 CL16 Night Hawk RGB (8G X 2),\324450,TeamGroup,3000 Mhz,DDR4,2개,16GB,16-18-18-38,1.35V,O,검정,RGB
205,TeamGroup,,[TeamGroup] T-Force DDR4 16G PC4-25600 CL16 Night Hawk RGB (8G X 2),\335000,TeamGroup,3200 Mhz,DDR4,2개,16GB,16-18-18-38,1.35V,O,검정,RGB
206,TeamGroup,,[TeamGroup] T-Force DDR4 8G PC4-19200 CL15 Night Hawk RGB,\173000,TeamGroup,2400 Mhz,DDR4,1개,8GB,15-17-17-35,1.2V,O,검정,RGB
207,TeamGroup,, ,,TeamGroup, ,,,,,,,,
208,TeamGroup,,[TeamGroup] T-Force DDR4 32G PC4-24000 CL16 Night Hawk RGB 화이트 (16G X 2),\585590,TeamGroup,3000 Mhz,DDR4,2개,32GB,16-18-18-38,1.35V,O,흰색,RGB
209,TeamGroup,,[TeamGroup] T-Force DDR4 32G PC4-25600 CL16 Night Hawk RGB 화이트 (16G X 2),\605430,TeamGroup,3200 Mhz,DDR4,2개,32GB,16-18-18-38,1.35V,O,흰색,RGB
210,TeamGroup,,[TeamGroup] T-Force DDR4 16G PC4-24000 CL16 Night Hawk RGB 화이트 (8G X 2),\328330,TeamGroup,3000 Mhz,DDR4,2개,16GB,16-18-18-38,1.35V,O,흰색,RGB
211,TeamGroup,,[TeamGroup] T-Force DDR4 16G PC4-25600 CL16 Night Hawk RGB 화이트 (8G X 2),\338390,TeamGroup,3200 Mhz,DDR4,2개,16GB,16-18-18-38,1.35V,O,흰색,RGB
212,TeamGroup,,[TeamGroup] T-Force DDR4 8G PC4-19200 CL15 Night Hawk RGB 화이트,\157000,TeamGroup,2400 Mhz,DDR4,1개,8GB,15-17-17-35,1.2V,O,흰색,RGB
213,,, ,,, ,,,,,,,,
214,,,-- 기타 --,,, ,,,,,,,,
215,,, ,,, ,,,,,,,,
216,V-Color,,[V-Color] 스카이워커 RGB DDR4 8G PC4-24000,\127560,V-Color,3000 Mhz,DDR4,1개,8GB,16-18-18-38,1.35V,O,검정,RGB
217,0,, ,,, ,,,,,,,,
218,갤럭시,,[갤럭시] GALAX GAMER 3 DDR4 16G PC4-19200 CL16 RGB (8G X 2),\270000,갤럭시,2400 Mhz,DDR4,2개,16GB,16-16-16-36,1.2V,O,검정,RGB
219,갤럭시,,[갤럭시] GALAX GAMER 3 DDR4 32G PC4-19200 CL16 RGB (8G X 4),\540000,갤럭시,2400 Mhz,DDR4,4개,32GB,16-16-16-36,1.2V,O,검정,RGB
220,갤럭시,,[갤럭시] GALAX GAMER 3 DDR4 8G PC4-19200 CL16 RGB,\107000,갤럭시,2400 Mhz,DDR4,1개,8GB,16-16-16-36,1.2V,O,검정,RGB
221,0,, ,,, ,,,,,,,,
222,Antec,,[Antec] DDR4 8G PC4-24000 CL16 Series 5 RGB,\137700,Antec,3000 Mhz,DDR4,1개,8GB,16-18-18-36,1.35V,,흰색,RGB
223,Antec,,[Antec] DDR4 8G PC4-21300 CL16 Series 5 RGB,\127820,Antec,2666 Mhz,DDR4,1개,8GB,16-18-18-35,1.2V,,흰색,RGB
224,Antec,,[Antec] DDR4 8G PC4-19200 CL16 Series 5 RGB,\123760,Antec,2400 Mhz,DDR4,1개,8GB,16-16-16-36,1.2V,,흰색,RGB
225,Antec,,[Antec] DDR4 4G PC4-19200 CL16 Series 5 RGB,\69370,Antec,2400 Mhz,DDR4,1개,4GB,16-16-16-36,1.2V,,흰색,RGB
226,0,, ,,, ,,,,,,,,
227,ESSENCORE,,[ESSENCORE] KLEVV DDR4 16G PC4-25600 CL16 CRAS II RGB (8G X 2),\284800,ESSENCORE,3200 Mhz,DDR4,2개,16GB,16-18-18-38,1.35V,O,검정,RGB
