186,1,104,27,24960,[ARCTIC] BioniX F140,ARCTIC,140mm,28T,FDB,4핀,200rpm,1800rpm,,10년,,,검정,검정,
,2,61.2,19.8,19800,[be quiet] PURE WINGS 2 140mm PWM,be quiet,140mm,25T,Rifle,4핀,,1000rpm,,3년,,,검정,검정,
,3,77.57,28.1,44500,[be quiet] SILENT WINGS 3 140mm PWM HIGH-SPEED,be quiet,140mm,25T,FDB,4핀,,1600rpm,,3년,,,검정,검정,
,4,77.57,28.1,43500,[be quiet] SILENT WINGS 3 140mm HIGH-SPEED,be quiet,140mm,25T,FDB,3핀,,1600rpm,,3년,,,검정,검정,
,5,59.5,15.5,44500,[be quiet] SILENT WINGS 3 140mm PWM,be quiet,140mm,25T,FDB,4핀,,1000rpm,,3년,,,검정,검정,
,6,59.5,15.5,43500,[be quiet] SILENT WINGS 3 140mm,be quiet,140mm,25T,FDB,3핀,,1000rpm,,3년,,,검정,검정,
,7,55.4,20.4,126400,[CORSAIR] ML140 PRO RGB (2PACK/Controller),CORSAIR,140mm,25T,Magnetic,4핀,400rpm,1200rpm,,5년,RGB (Cont),팬,흰색,검정,
,8,55.4,20.4,53880,[CORSAIR] ML140 PRO RGB (1PACK),CORSAIR,140mm,25T,Magnetic,4핀,400rpm,1200rpm,,5년,RGB (Cont),팬,흰색,검정,
,9,74,28.6,102270,[CORSAIR] HD140 (2PACK/Controller),CORSAIR,140mm,25T,유체,4핀,600rpm,1350rpm,18dBA,2년,RGB (Cont),팬,흰색,검정,
,10,74,28.6,44420,[CORSAIR] HD140 (1PACK),CORSAIR,140mm,25T,유체,4핀,600rpm,1350rpm,18dBA,2년,RGB (Cont),팬,흰색,검정,
,11,97,37,54730,[CORSAIR] ML140 PRO LED White,CORSAIR,140mm,25T,Magnetic,4핀,400rpm,2000rpm,16dBA,5년,흰색,팬,투명,검정,
,12,97,37,54730,[CORSAIR] ML140 PRO LED Red,CORSAIR,140mm,25T,Magnetic,4핀,400rpm,2000rpm,16dBA,5년,빨강,팬,투명,검정,
,13,49.49,29.3,18020,[CORSAIR] SP140 LED 퍼플,CORSAIR,140mm,25T,슬리브,3핀,,1440rpm,,,보라,팬,투명,검정,
,14,73.18,18,17470,[COUGAR] DUAL-X 140mm LED 화이트,COUGAR,140mm,25T,Hydraulic,3핀,,1000rpm,,,흰색,팬,흰색,검정,
,15,73.18,18,17300,[COUGAR] DUAL-X 140mm LED 블루,COUGAR,140mm,25T,Hydraulic,3핀,,1000rpm,,,파랑,팬,파랑,검정,
,16,73.18,18,17470,[COUGAR] DUAL-X 140mm LED 레드,COUGAR,140mm,25T,Hydraulic,3핀,,1000rpm,,,빨강,팬,빨강,검정,
,17,73.18,18,17300,[COUGAR] DUAL-X 140mm LED 그린,COUGAR,140mm,25T,Hydraulic,3핀,,1000rpm,,,녹색,팬,녹색,검정,
,18,128,38,19580,[CRYORIG] QF140 PERFORMANCE,CRYORIG,140mm,25T,HPLN,4핀,600rpm,1850rpm,13dBA,3년,,,흰색,검정,
,19,42.1,19.5,19580,[CRYORIG] QF140 SILENT,CRYORIG,140mm,25T,HPLN,4핀,200rpm,1000rpm,9dBA,3년,,,흰색,검정,
,20,65,30,19300,[CRYORIG] XT140,CRYORIG,140mm,13T,HPLN,4핀,700rpm,1300rpm,28dBA,3년,,,검정,검정,
,21,76,23,22440,[CRYORIG] XF140,CRYORIG,140mm,25.4T,HPLN,4핀,700rpm,1300rpm,19dBA,3년,,,검정,검정,
,22,64.13,24,49000,[DEEPCOOL] RF140 RGB 아우라 싱크 PWM BRAVOTEC (2PACK),DEEPCOOL,140mm,26T,Hydro,4핀,500rpm,1200rpm,19.8dBA,1년,RGB (MB),팬,투명,검정,
,23,64.13,24,24000,[DEEPCOOL] RF140 RGB 아우라 싱크 PWM BRAVOTEC (1PACK),DEEPCOOL,140mm,26T,Hydro,4핀,500rpm,1200rpm,19.8dBA,1년,RGB (MB),팬,투명,검정,
,24,68.4,18.9,19480,[Fractal Design] Dynamic X2 GP-14B,Fractal Design,140mm,25T,LLS,3핀,,1000rpm,,2년,,,검정,검정,
,25,68.4,18.9,19470,[Fractal Design] Dynamic X2 GP-14W,Fractal Design,140mm,25T,LLS,3핀,,1000rpm,,2년,,,흰색,검정,
,26,78.1,30.1,26800,[Fractal Design] Venturi Series HP-14 PWM,Fractal Design,140mm,25T,FDB,4핀,,1500rpm,,2년,,,검정,검정,
,27,118.2,26.5,24740,[Fractal Design] Venturi Series HP-14,Fractal Design,140mm,25T,FDB,3핀,,1200rpm,,2년,,,검정,검정,
,28,76.8,32.6,8590,[ID-COOLING] WF-14025,ID-COOLING,140mm,25T,,4핀,800rpm,1600rpm,16.8dBA,,,,흰색,검정,
,29,65.5,24.2,16300,[ID-COOLING] CF-14025 WHITE LED PWM 3RSYS,ID-COOLING,140mm,25T,Hydraulic,4핀,200rpm,1300rpm,12.1dBA,0.5년,흰색,링,검정,검정,
,30,65.5,24.2,16330,[ID-COOLING] CF-14025 RED LED PWM 3RSYS,ID-COOLING,140mm,25T,Hydraulic,4핀,200rpm,1300rpm,12.1dBA,0.5년,빨강,링,검정,검정,
,31,65.5,24.2,16330,[ID-COOLING] CF-14025 GREEN LED PWM 3RSYS,ID-COOLING,140mm,25T,Hydraulic,4핀,200rpm,1300rpm,12.1dBA,0.5년,녹색,링,검정,검정,
,32,65.5,24.2,16330,[ID-COOLING] CF-14025 BLUE LED PWM 3RSYS,ID-COOLING,140mm,25T,Hydraulic,4핀,200rpm,1300rpm,12.1dBA,0.5년,파랑,링,검정,검정,
,33,82.5,24.6,30810,[NOCTUA] NF-A14 PWM chromax black swap,NOCTUA,140mm,25T,SSO2,4핀,,1500rpm,,,,,검정,검정,
,34,82.5,24.6,32320,[NOCTUA] NF-A15 HS-PWM chromax black swap,NOCTUA,140mm,25T,SSO2,4핀,,1500rpm,,,,,검정,검정,
,35,158.4,41.3,37700,[NOCTUA] NF-A14 IndustrialPPC-24V-3000 PWM IP67,NOCTUA,140mm,25T,SSO2,4핀,,3000rpm,,,,,검정,검정,
,36,107.4,31.5,37290,[NOCTUA] NF-A14 IndustrialPPC-2000 PWM IP67,NOCTUA,140mm,25T,SSO2,4핀,,2000rpm,,,,,검정,검정,
,37,64.9,19.6,20500,[NOCTUA] NF-P14s redux-1200 PWM,NOCTUA,140mm,25T,SSO,4핀,,1200rpm,,,,,회색,회색,
,38,64.9,19.6,20710,[NOCTUA] NF-P14s redux-1200,NOCTUA,140mm,25T,SSO,3핀,,1200rpm,,,,,회색,회색,
,39,49.2,13.2,21000,[NOCTUA] NF-P14s redux-900,NOCTUA,140mm,25T,SSO,3핀,,900rpm,,,,,회색,회색,
,40,158.4,41.3,32500,[NOCTUA] NF-A14 IndustrialPPC-3000 PWM,NOCTUA,140mm,25T,SSO2,4핀,,3000rpm,,,,,검정,검정,
,41,107.4,31.5,32500,[NOCTUA] NF-A14 IndustrialPPC-2000,NOCTUA,140mm,25T,SSO2,3핀,,2000rpm,,,,,검정,검정,
,42,82.5,24.6,27900,[NOCTUA] NF-A14 PWM,NOCTUA,140mm,25T,SSO2,4핀,,1500rpm,,,,,갈색,살색,
,43,46.4,11.9,27160,[NOCTUA] NF-A14 ULN,NOCTUA,140mm,25T,2볼,3핀,,800rpm,,,,,갈색,살색,
,44,67.9,19.2,27900,[NOCTUA] NF-A14 FLX,NOCTUA,140mm,25T,2볼,3핀,,1200rpm,,,,,갈색,살색,
,45,67.9,19.2,28200,[NOCTUA] NF-A15 PWM,NOCTUA,140mm,25T,SSO2,4핀,,1200rpm,,,,,갈색,살색,
,46,91.19,33,138000,[NZXT] AER RGB 140 트리플 패키지 BRAVOTEC,NZXT,140mm,25T,유체,4핀,500rpm,1500rpm,22dBA,2년,RGB (Cont),링,검정,검정,
,47,91.19,33,138000,[NZXT] AER RGB 140 스타터 킷 패키지 BRAVOTEC,NZXT,140mm,25T,유체,4핀,500rpm,1500rpm,22dBA,2년,RGB (Cont),링,검정,검정,
,48,91.19,33,49000,[NZXT] AER RGB 140 단품 패키지 BRAVOTEC,NZXT,140mm,25T,유체,4핀,500rpm,1500rpm,22dBA,2년,RGB (Cont),링,검정,검정,
,49,63.19,27.2,85000,[써멀테이크] Riing 14 RGB Radiator Fan TT Premium Edition 아스크텍,써멀테이크,140mm,25T,Hydraulic,9핀,500rpm,1400rpm,,,RGB (Cont),링,검정,검정,
,50,51.15,28.1,65700,[써멀테이크] Riing 14 LED RGB 256 Colors (3PACK),써멀테이크,140mm,25T,Hydraulic,4핀,800rpm,1400rpm,19dBA,,256C (Cont),링,검정,검정,
,51,51.15,28.1,27600,[써멀테이크] Riing 14 LED RGB 256 Colors (1PACK),써멀테이크,140mm,25T,Hydraulic,4핀,800rpm,1400rpm,19dBA,,256C (Cont),링,검정,검정,
,52,51.15,28.1,16100,[써멀테이크] Riing 14 LED FAN Yellow 아스크텍,써멀테이크,140mm,25T,Hydraulic,3핀,,1400rpm,,,노랑,링,검정,검정,
,53,51.15,28.1,16100,[써멀테이크] Riing 14 LED FAN Orange 아스크텍,써멀테이크,140mm,25T,Hydraulic,3핀,,1400rpm,,,주황,링,검정,검정,
,54,51.15,28.1,16790,[써멀테이크] Riing 14 LED FAN White 아스크텍,써멀테이크,140mm,25T,Hydraulic,3핀,,1400rpm,,,흰색,링,검정,검정,
,55,51.15,28.1,16100,[써멀테이크] Riing 14 LED FAN Green 아스크텍,써멀테이크,140mm,25T,Hydraulic,3핀,,1400rpm,,,녹색,링,검정,검정,
,56,51.15,28.1,16250,[써멀테이크] Riing 14 LED FAN Red 아스크텍,써멀테이크,140mm,25T,Hydraulic,3핀,,1400rpm,,,빨강,링,검정,검정,
,57,51.15,28.1,16520,[써멀테이크] Riing 14 LED FAN Blue 아스크텍,써멀테이크,140mm,25T,Hydraulic,3핀,,1400rpm,,,파랑,링,검정,검정,
,58,46.2,20,26500,[쿨러마스터] MASTERFAN PRO 140 Air Pressure RGB,쿨러마스터,140mm,25T,,4핀,650rpm,1550rpm,6dBA,5년, RGB (MB),팬,투명,검정,
,59,53,20,28260,[쿨러마스터] MASTERFAN PRO 140 Air Flow RGB,쿨러마스터,140mm,25T,,4핀,500rpm,800rpm,6dBA,5년, RGB (MB),팬,투명,검정,
,60,33,23.5,65100,[ABKO] SUITMASTER HALO 120F RGB SPECTRUM KIT,ABKO,120mm,25T,Hydro,6핀,,1300rpm,,,7C (Cont),링,투명,검정,
,61,33,23.5,20000,[ABKO] SUITMASTER HALO 120F RGB SPECTRUM,ABKO,120mm,25T,Hydro,6핀,,1300rpm,,,7C (Cont),링,투명,검정,
,62,34.34,25,40000,[ABKO] SUITMASTER HALO DOUBLING 120F RGB REMOTE KIT,ABKO,120mm,25T,Hydro,6핀,,1500rpm,,,7C (Cont),링,검정,검정,
,63,34.34,25,17250,[ABKO] SUITMASTER HALO DOUBLING 120F RGB,ABKO,120mm,25T,Hydro,6핀,,1500rpm,,,7C (Cont),링,검정,검정,
,64,34.34,25,15000,[ABKO] SUITMASTER HALO DOUBLING 120F WHITE,ABKO,120mm,25T,Hydro,3핀,,1500rpm,,,흰색,링,검정,검정,
,65,34.34,25,15000,[ABKO] SUITMASTER HALO DOUBLING 120F RED,ABKO,120mm,25T,Hydro,3핀,,1500rpm,,,빨강,링,검정,검정,
,66,34.34,25,15000,[ABKO] SUITMASTER HALO DOUBLING 120F BLUE,ABKO,120mm,25T,Hydro,3핀,,1500rpm,,,파랑,링,검정,검정,
,67,33,23.5,33000,[ABKO] SUITMASTER HALO 120F RGB REMOTE KIT,ABKO,120mm,25T,Hydro,6핀,,1300rpm,,,7C (Cont),링,투명,검정,
,68,33,23.5,14000,[ABKO] SUITMASTER HALO 120F RGB,ABKO,120mm,25T,Hydro,6핀,,1300rpm,,,7C (Cont),링,투명,검정,
,69,33,25,12200,[ABKO] SUITMASTER HALO 120F GREEN LED,ABKO,120mm,25T,Hydro,3핀,,1300rpm,,,녹색,링,투명,검정,
,70,33,25,12200,[ABKO] SUITMASTER HALO 120F YELLOW LED,ABKO,120mm,25T,Hydro,3핀,,1300rpm,,,노랑,링,투명,검정,
,71,33,25,12200,[ABKO] SUITMASTER HALO 120F WHITE LED,ABKO,120mm,25T,Hydro,3핀,,1300rpm,,,흰색,링,투명,검정,
,72,33,25,12200,[ABKO] SUITMASTER HALO 120F RED LED,ABKO,120mm,25T,Hydro,3핀,,1300rpm,,,빨강,링,투명,검정,
,73,33,25,12200,[ABKO] SUITMASTER HALO 120F BLUE LED,ABKO,120mm,25T,Hydro,3핀,,1300rpm,,,파랑,링,투명,검정,
,74,36,23,7500,[ABKO] SUITMASTER 120F BLADE WHITE LED,ABKO,120mm,25T,슬리브,3핀,,1200rpm,,,흰색,팬,투명,흰색,
,75,36,23,7500,[ABKO] SUITMASTER 120F BLADE RED LED,ABKO,120mm,25T,슬리브,3핀,,1200rpm,,,빨강,팬,투명,흰색,
,76,36,23,7500,[ABKO] SUITMASTER 120F BLADE BLUE LED,ABKO,120mm,25T,슬리브,3핀,,1200rpm,,,파랑,팬,투명,흰색,
,77,42.62,24.8,15900,[Antec] RGB LED RAINBOW 120,Antec,120mm,25T,Hydraulic,3핀,,1200rpm,,2년,256C (Cont),팬,메탈,검정,
,78,46.3,19.9,20330,[Antec] TrueQuiet UFO 120mm LED Blue 블랙 진동 패드,Antec,120mm,25T,,3핀,,1000rpm,,,파랑,팬,투명,검정,
,79,46.3,19.9,16280,[Antec] TrueQuiet UFO 120mm LED Red 블랙 진동 패드,Antec,120mm,25T,,3핀,,1000rpm,,,빨강,팬,투명,검정,
,80,69,26,21840,[ARCTIC] BioniX F120,ARCTIC,120mm,27T,FDB,4핀,200rpm,1800rpm,,10년,,,검정,검정,
,81,51.4,20.2,19450,[be quiet] PURE WINGS 2 120mm PWM,be quiet,120mm,25T,Rifle,4핀,,1500rpm,,3년,,,검정,검정,
,82,73.33,28.6,44100,[be quiet] SILENT WINGS 3 120mm PWM HIGH-SPEED,be quiet,120mm,25T,FDB,4핀,,2200rpm,,3년,,,검정,검정,
,83,73.33,28.6,38000,[be quiet] SILENT WINGS 3 120mm HIGH-SPEED,be quiet,120mm,25T,FDB,3핀,,2200rpm,,3년,,,검정,검정,
,84,50.5,16.4,40000,[be quiet] SILENT WINGS 3 120mm PWM,be quiet,120mm,25T,FDB,4핀,,1450rpm,,3년,,,검정,검정,
,85,50.5,16.4,38000,[be quiet] SILENT WINGS 3 120mm,be quiet,120mm,25T,FDB,3핀,,1450rpm,,3년,,,검정,검정,
,86,50.5,16.5,40000,[be quiet] Silent Wings 2 PWM 120mm,be quiet,120mm,25T,FDB,4핀,,1500rpm,,3년,,,검정,검정,
,87,50.5,15.7,37000,[be quiet] Silent Wings 2 120mm,be quiet,120mm,25T,FDB,3핀,,1500rpm,,3년,,,검정,검정,
,88,40.6,24.1,11960,[BRAVOTEC] JONSBO FR-501 ARGB,BRAVOTEC,120mm,25T,Hydraulic,3핀,,1200rpm,,,RGB (Auto),팬,투명,검정,
,89,38.5,24,10800,[BRAVOTEC] JONSBO FR-601 SNOW RED,BRAVOTEC,120mm,25T,Hydraulic,3핀,,1500rpm,,,빨강,링,흰색,흰색,
,90,38.5,24,13500,[BRAVOTEC] JONSBO FR-601 SNOW ARGB,BRAVOTEC,120mm,25T,Hydraulic,3핀,,1500rpm,,,RGB (Auto),링,흰색,흰색,
,91,38.5,24,10800,[BRAVOTEC] JONSBO FR-601 SNOW WHITE,BRAVOTEC,120mm,25T,Hydraulic,3핀,,1500rpm,,,흰색,링,흰색,흰색,
,92,38.5,24,12500,[BRAVOTEC] JONSBO FR-601 ARGB,BRAVOTEC,120mm,25T,Hydraulic,3핀,,1500rpm,,,RGB (Auto),링,검정,검정,
,93,38.5,24,9800,[BRAVOTEC] JONSBO FR-601 RED,BRAVOTEC,120mm,25T,Hydraulic,3핀,,1500rpm,,,빨강,링,검정,검정,
,94,38.5,24,9800,[BRAVOTEC] JONSBO FR-601 WHITE,BRAVOTEC,120mm,25T,Hydraulic,3핀,,1500rpm,,,흰색,링,검정,검정,
,95,45.1,26.1,16000,[BRAVOTEC] JONSBO FR-301 써클링 RED LED PWM,BRAVOTEC,120mm,25T,2볼,4핀,600rpm,1600rpm,18dBA,,빨강,링,검정,검정,
,96,45.1,26.1,16000,[BRAVOTEC] JONSBO FR-201 헥사곤 WHITE LED PWM,BRAVOTEC,120mm,25T,2볼,4핀,600rpm,1600rpm,18dBA,,흰색,링,검정,검정,
,97,45.1,26.1,16000,[BRAVOTEC] JONSBO FR-201 헥사곤 RED LED PWM,BRAVOTEC,120mm,25T,2볼,4핀,600rpm,1600rpm,18dBA,,빨강,링,검정,검정,
,98,42.6,25.6,29000,[BRAVOTEC] JONSBO FR-531 LED RGB,BRAVOTEC,120mm,25T,Hydraulic,6핀,750rpm,1300rpm,18dBA,,RGB (Cont),팬,투명,검정,
,99,48.84,29.6,24000,[BRAVOTEC] JONSBO FR-101 WHITE LED PWM,BRAVOTEC,120mm,25T,2볼,4핀,600rpm,1800rpm,15.2dBA,,흰색,팬,크롬,검정,
,100,48.84,29.6,19100,[BRAVOTEC] JONSBO FR-101 RED LED PWM,BRAVOTEC,120mm,25T,2볼,4핀,600rpm,1800rpm,15.2dBA,,빨강,팬,크롬,검정,
,101,50.5,25.4,47000,[BRAVOTEC] JONSBO SOLAR ECLIPSE LED RGB,BRAVOTEC,120mm,25T,슬리브,6핀,800rpm,1200rpm,18.5dBA,,256C (Cont),링,투명,검정,
,102,50.5,25.4,47000,[BRAVOTEC] JONSBO SOLAR ECLIPSE LED RED,BRAVOTEC,120mm,25T,슬리브,6핀,800rpm,1200rpm,18.5dBA,,빨강,링,투명,검정,
,103,50.5,25.4,47000,[BRAVOTEC] JONSBO SOLAR ECLIPSE LED GREEN,BRAVOTEC,120mm,25T,슬리브,6핀,800rpm,1200rpm,18.5dBA,,녹색,링,투명,검정,
,104,47.3,25,158040,[CORSAIR] ML120 PRO RGB (3PACK/Controller),CORSAIR,120mm,25T,Magnetic,4핀,400rpm,1600rpm,,5년,RGB (Cont),팬,흰색,검정,
,105,47.3,25,43880,[CORSAIR] ML120 PRO RGB (1PACK),CORSAIR,120mm,25T,Magnetic,4핀,400rpm,1600rpm,,5년,RGB (Cont),팬,흰색,검정,
,106,43.25,24.8,176800,[CORSAIR] LL120 (3PACK/Controller),CORSAIR,120mm,25T,Hydraulic,4핀,600rpm,1500rpm,,2년,RGB (Cont),팬/링,흰색,검정,
,107,43.25,24.8,48880,[CORSAIR] LL120 (1PACK),CORSAIR,120mm,25T,Hydraulic,4핀,600rpm,1500rpm,,2년,RGB (Cont),팬/링,흰색,검정,
,108,52,26,102960,[CORSAIR] SP120 RGB (3PACK/Controller),CORSAIR,120mm,25T,Hydraulic,3핀,,1400rpm,,2년,RGB (Cont),팬,흰색,검정,
,109,52,26,31000,[CORSAIR] SP120 RGB (1PACK),CORSAIR,120mm,25T,Hydraulic,3핀,,1400rpm,,2년,RGB (Cont),팬,흰색,검정,
,110,54.4,30,135000,[CORSAIR] HD120 (3PACK/Controller),CORSAIR,120mm,25T,유체,4핀,800rpm,1725rpm,18dBA,2년,RGB (Cont),팬,흰색,검정,
,111,54.4,30,60000,[CORSAIR] HD120 (1PACK/Controller),CORSAIR,120mm,25T,유체,4핀,800rpm,1725rpm,18dBA,2년,RGB (Cont),팬,흰색,검정,
,112,54.4,30,40000,[CORSAIR] HD120 (1PACK),CORSAIR,120mm,25T,유체,4핀,800rpm,1725rpm,18dBA,2년,RGB (Cont),팬,흰색,검정,
,113,75,37,42850,[CORSAIR] ML120 PRO LED White,CORSAIR,120mm,25T,Magnetic,4핀,400rpm,2400rpm,16dBA,5년,흰색,팬,투명,검정,
,114,75,37,39900,[CORSAIR] ML120 PRO LED Blue,CORSAIR,120mm,25T,Magnetic,4핀,400rpm,2400rpm,16dBA,5년,파랑,팬,투명,검정,
,115,75,37,39520,[CORSAIR] ML120 PRO LED Red,CORSAIR,120mm,25T,Magnetic,4핀,400rpm,2400rpm,16dBA,5년,빨강,팬,투명,검정,
,116,57.24,26.4,15000,[CORSAIR] SP120 LED 퍼플,CORSAIR,120mm,25T,슬리브,3핀,,1550rpm,,,보라,팬,투명,검정,
,117,57.24,26.4,24500,[CORSAIR] SP120 LED 그린,CORSAIR,120mm,25T,슬리브,3핀,,1550rpm,,,녹색,팬,투명,검정,
,118,57.24,26.4,24500,[CORSAIR] SP120 LED 블루,CORSAIR,120mm,25T,슬리브,3핀,,1550rpm,,,파랑,팬,투명,검정,
,119,64.37,16.6,15710,[COUGAR] DUAL-X 120mm LED 화이트,COUGAR,120mm,25T,Hydraulic,3핀,,1200rpm,,,흰색,팬,흰색,검정,
,120,64.37,16.6,15000,[COUGAR] DUAL-X 120mm LED 블루,COUGAR,120mm,25T,Hydraulic,3핀,,1200rpm,,,파랑,팬,파랑,검정,
,121,64.37,16.6,15710,[COUGAR] DUAL-X 120mm LED 레드,COUGAR,120mm,25T,Hydraulic,3핀,,1200rpm,,,빨강,팬,빨강,검정,
,122,64.37,16.6,15000,[COUGAR] DUAL-X 120mm LED 그린,COUGAR,120mm,25T,Hydraulic,3핀,,1200rpm,,,녹색,팬,녹색,검정,
,123,49,25,16630,[CRYORIG] QF120 BALANCE,CRYORIG,120mm,25T,HPLN,4핀,330rpm,1600rpm,10dBA,3년,,,흰색,검정,
,124,83,37,16630,[CRYORIG] QF120 PERFORMANCE,CRYORIG,120mm,25T,HPLN,4핀,600rpm,2200rpm,13dBA,3년,,,흰색,검정,
,125,44,19,16630,[CRYORIG] QF120 SILENT,CRYORIG,120mm,25T,HPLN,4핀,200rpm,1000rpm,5dBA,3년,,,흰색,검정,
,126,56.5,27,57700,[DEEPCOOL] RF120 RGB 아우라 싱크 PWM BRAVOTEC (3PACK),DEEPCOOL,120mm,25T,Hydro,4핀,500rpm,1500rpm,17.8dBA,1년,RGB (MB),팬,투명,검정,
,127,56.5,27,18360,[DEEPCOOL] RF120 RGB 아우라 싱크 PWM BRAVOTEC (1PACK),DEEPCOOL,120mm,25T,Hydro,4핀,500rpm,1500rpm,17.8dBA,1년,RGB (MB),팬,투명,검정,
,128,52.3,19.4,17220,[Fractal Design] Dynamic X2 GP-12B,Fractal Design,120mm,25T,LLS,3핀,,1200rpm,,2년,,,검정,검정,
,129,52.3,19.4,17000,[Fractal Design] Dynamic X2 GP-12W,Fractal Design,120mm,25T,LLS,3핀,,1200rpm,,2년,,,흰색,검정,
,130,61.4,31.7,24000,[Fractal Design] Venturi Series HP-12 PWM,Fractal Design,120mm,25T,FDB,4핀,,1800rpm,,2년,,,검정,검정,
,131,83.4,25.3,22680,[Fractal Design] Venturi Series HP-12,Fractal Design,120mm,25T,FDB,3핀,,1400rpm,,2년,,,검정,검정,
,132,74.5,35.2,39000,[ID-COOLING] SF-12025 RGB TRIO (3PACK/REMOTE),ID-COOLING,120mm,25T,Hydraulic,4핀,700rpm,1800rpm,18dBA,0.5년,RGB (MB/Cont),팬,투명,검정,
,133,50,30.5,48980,[ID-COOLING] RB-12025 RGB KIT 3RSYS (3PACK/RGB HUB),ID-COOLING,120mm,25T,,8핀,600rpm,1600rpm,16.2dBA,,RGB (Cont),링,검정,검정,
,134,62,26.4,9290,[ID-COOLING] SF-12025-W,ID-COOLING,120mm,25T,Hydraulic,4핀,700rpm,1500rpm,18dBA,,흰색,팬,흰색,흰색,
,135,62,26.4,9290,[ID-COOLING] SF-12025-R,ID-COOLING,120mm,25T,Hydraulic,4핀,700rpm,1500rpm,18dBA,,빨강,팬,흰색,검정,
,136,62,26.4,9290,[ID-COOLING] SF-12025-G,ID-COOLING,120mm,25T,Hydraulic,4핀,700rpm,1500rpm,18dBA,,녹색,팬,흰색,검정,
,137,62,26.4,9290,[ID-COOLING] SF-12025-B,ID-COOLING,120mm,25T,Hydraulic,4핀,700rpm,1500rpm,18dBA,,파랑,팬,흰색,검정,
,138,60,27.5,5660,[ID-COOLING] NO-12025-SD,ID-COOLING,120mm,25T,Hydraulic,3핀,,1600rpm,,,,,투명,검정,
,139,50,30.5,11200,[ID-COOLING] CF12025 WHITE LED PWM 3RSYS,ID-COOLING,120mm,25T,Hydraulic,4핀,600rpm,1600rpm,16.2dBA,,흰색,링,검정,검정,
,140,50,30.5,11220,[ID-COOLING] CF12025 RED LED PWM 3RSYS,ID-COOLING,120mm,25T,Hydraulic,4핀,600rpm,1600rpm,16.2dBA,,빨강,링,검정,검정,
,141,50,30.5,11220,[ID-COOLING] CF12025 GREEN LED PWM 3RSYS,ID-COOLING,120mm,25T,Hydraulic,4핀,600rpm,1600rpm,16.2dBA,,녹색,링,검정,검정,
,142,50,30.5,11220,[ID-COOLING] CF12025 BLUE LED PWM 3RSYS,ID-COOLING,120mm,25T,Hydraulic,4핀,600rpm,1600rpm,16.2dBA,,파랑,링,검정,검정,
,143,63.2,17.8,28790,[NOCTUA] NF-S12A PWM chromax black swap,NOCTUA,120mm,25T,SSO2,4핀,,1200rpm,,,,,검정,검정,
,144,54.9,22.4,29530,[NOCTUA] NF-F12 PWM chromax black swap,NOCTUA,120mm,25T,SSO2,4핀,,1500rpm,,,,,검정,검정,
,145,55.44,23.9,25900,[NOCTUA] NF-A12x15 PWM,NOCTUA,120mm,15T,SSO2,4핀,,1850rpm,,,,,갈색,살색,
,146,55.44,23.9,25900,[NOCTUA] NF-A12x15 FLX,NOCTUA,120mm,15T,SSO2,3핀,,1850rpm,,,,,갈색,살색,
,147,109.8,43.5,29910,[NOCTUA] NF-F12 IndustrialPPC-24V-3000 PWM IP67,NOCTUA,120mm,25T,SSO2,4핀,,3000rpm,,,,,검정,검정,
,148,71.7,29.7,34690,[NOCTUA] NF-F12 IndustrialPPC-2000 PWM IP67,NOCTUA,120mm,25T,SSO2,4핀,,2000rpm,,,,,검정,검정,
,149,71.7,29.7,29500,[NOCTUA] NF-F12 IndustrialPPC-2000 PWM,NOCTUA,120mm,25T,SSO2,4핀,,2000rpm,,,,,검정,검정,
,150,59.2,18.1,19190,[NOCTUA] NF-S12B redux-1200 PWM,NOCTUA,120mm,25T,SSO,4핀,,1200rpm,,,,,회색,회색,
,151,59.2,18.1,19190,[NOCTUA] NF-S12B redux-1200,NOCTUA,120mm,25T,SSO,3핀,,1200rpm,,,,,회색,회색,
,152,33.5,6.8,19500,[NOCTUA] NF-S12B redux-700,NOCTUA,120mm,25T,SSO,3핀,,700rpm,,,,,회색,회색,
,153,109.8,43.5,29500,[NOCTUA] NF-F12 IndustrialPPC-3000 PWM,NOCTUA,120mm,25T,SSO2,4핀,,3000rpm,,,,,검정,검정,
,154,71.7,29.7,28790,[NOCTUA] NF-F12 IndustrialPPC-2000,NOCTUA,120mm,25T,SSO2,3핀,,2000rpm,,,,,검정,검정,
,155,63.2,17.8,25750,[NOCTUA] NF-S12A PWM,NOCTUA,120mm,25T,SSO2,4핀,,1200rpm,,,,,갈색,살색,
,156,63.2,17.8,25000,[NOCTUA] NF-S12A FLX,NOCTUA,120mm,25T,SSO2,3핀,,1200rpm,,,,,갈색,살색,
,157,43.7,8.6,25500,[NOCTUA] NF-S12A ULN,NOCTUA,120mm,25T,SSO2,3핀,,800rpm,,,,,갈색,살색,
,158,54.3,19.8,24490,[NOCTUA] NF-P12 PWM,NOCTUA,120mm,25T,SSO,4핀,,1300rpm,,,,,갈색,살색,
,159,54.9,22.4,25200,[NOCTUA] NF-F12 PWM,NOCTUA,120mm,25T,SSO2,4핀,,1500rpm,,,,,갈색,살색,
,160,54.3,19.8,23310,[NOCTUA] NF-P12,NOCTUA,120mm,25T,SSO,3핀,,1300rpm,,,,,갈색,살색,
,161,52.44,33,123000,[NZXT] AER RGB 120 트리플 패키지 BRAVOTEC,NZXT,120mm,25T,유체,4핀,500rpm,1500rpm,22dBA,2년,RGB (Cont),링,검정,검정,
,162,52.44,33,123000,[NZXT] AER RGB 120 스타터 킷 패키지 BRAVOTEC,NZXT,120mm,25T,유체,4핀,500rpm,1500rpm,22dBA,2년,RGB (Cont),링,검정,검정,
,163,52.44,33,44000,[NZXT] AER RGB 120 단품 패키지 BRAVOTEC,NZXT,120mm,25T,유체,4핀,500rpm,1500rpm,22dBA,2년,RGB (Cont),링,검정,검정,
,164,37.8,19,10700,[마이크로닉스] TEMPEST Ring Dual Impeller 120mm White,마이크로닉스,120mm,25T,Hydro,3핀,,1300rpm,,,흰색,링,투명,검정,
,165,37.8,19,10700,[마이크로닉스] TEMPEST Ring Dual Impeller 120mm Red,마이크로닉스,120mm,25T,Hydro,3핀,,1300rpm,,,빨강,링,투명,빨강,
,166,37.8,19,10700,[마이크로닉스] TEMPEST Ring Dual Impeller 120mm Green,마이크로닉스,120mm,25T,Hydro,3핀,,1300rpm,,,흰색,링,투명,녹색,
,167,37.8,19,10700,[마이크로닉스] TEMPEST Ring Dual Impeller 120mm Blue,마이크로닉스,120mm,25T,Hydro,3핀,,1300rpm,,,파랑,링,투명,파랑,
,168,38,22,8900,[마이크로닉스] VIENTO DOUBLE AURA 120mm WHITE,마이크로닉스,120mm,25T,Hydro,3핀,,1200rpm,,,흰색,링,투명,검정,
,169,38,22,9000,[마이크로닉스] VIENTO DOUBLE AURA 120mm RED,마이크로닉스,120mm,25T,Hydro,3핀,,1200rpm,,,빨강,링,투명,빨강,
,170,38,22,9390,[마이크로닉스] VIENTO DOUBLE AURA 120mm BLUE,마이크로닉스,120mm,25T,Hydro,3핀,,1200rpm,,,파랑,링,투명,파랑,
,171,48.34,24.7,123900,[써멀테이크] Riing Plus 12 RGB TT 프리미엄 에디션 (3PACK),써멀테이크,120mm,25T,Hydraulic,9핀,500rpm,1500rpm,,,RGB (Cont),링,검정,검정,
,172,48.79,24.8,83000,[써멀테이크] Riing 12 RGB Radiator Fan TT Premium Edition 아스크텍,써멀테이크,120mm,25T,Hydraulic,9핀,500rpm,1400rpm,18.2dBA,,RGB (Cont),링,검정,검정,
,173,40.6,26.4,55000,[써멀테이크] Riing 12 LED RGB 256 Colors (3PACK),써멀테이크,120mm,25T,Hydraulic,4핀,800rpm,1500rpm,18.5dBA,,256C (Cont),링,검정,검정,
,174,40.6,26.4,25000,[써멀테이크] Riing 12 LED RGB 256 Colors (1PACK),써멀테이크,120mm,25T,Hydraulic,4핀,800rpm,1500rpm,18.5dBA,,256C (Cont),링,검정,검정,
,175,40.6,24.6,16180,[써멀테이크] Riing 12 LED FAN Yellow 아스크텍,써멀테이크,120mm,25T,Hydraulic,3핀,,1500rpm,,,노랑,링,검정,검정,
,176,40.6,24.6,15000,[써멀테이크] Riing 12 LED FAN Orange 아스크텍,써멀테이크,120mm,25T,Hydraulic,3핀,,1500rpm,,,주황,링,검정,검정,
,177,40.6,24.6,15460,[써멀테이크] Riing 12 LED FAN White 아스크텍,써멀테이크,120mm,25T,Hydraulic,3핀,,1500rpm,,,흰색,링,검정,검정,
,178,40.6,24.6,15300,[써멀테이크] Riing 12 LED FAN Green 아스크텍,써멀테이크,120mm,25T,Hydraulic,3핀,,1500rpm,,,녹색,링,검정,검정,
,179,40.6,24.6,16000,[써멀테이크] Riing 12 LED FAN Red 아스크텍,써멀테이크,120mm,25T,Hydraulic,3핀,,1500rpm,,,빨강,링,검정,검정,
,180,40.6,24.6,15460,[써멀테이크] Riing 12 LED FAN Blue 아스크텍,써멀테이크,120mm,25T,Hydraulic,3핀,,1500rpm,,,파랑,링,검정,검정,
,181,32,25,17620,[쿨러마스터] MASTERFAN MF120L RGB,쿨러마스터,120mm,25T,,3핀,,1200rpm,,2년,RGB (MB),팬,투명,검정,
,182,32,25,10880,[쿨러마스터] MASTERFAN MF120L WHITE,쿨러마스터,120mm,25T,,3핀,,1200rpm,,2년,흰색,팬,투명,검정,
,183,32,25,10880,[쿨러마스터] MASTERFAN MF120L RED,쿨러마스터,120mm,25T,,3핀,,1200rpm,,2년,빨강,팬,투명,검정,
,184,32,25,10880,[쿨러마스터] MASTERFAN MF120L BLUE,쿨러마스터,120mm,25T,,3핀,,1200rpm,,2년,파랑,팬,투명,검정,
,185,35,20,22440,[쿨러마스터] MASTERFAN PRO 120 Air Pressure RGB,쿨러마스터,120mm,25T,,4핀,650rpm,1500rpm,6dBA,5년, RGB (MB),팬,투명,검정,
,186,48,20,22440,[쿨러마스터] MASTERFAN PRO 120 Air Flow RGB,쿨러마스터,120mm,25T,,4핀,650rpm,1100rpm,6dBA,5년, RGB (MB),팬,투명,검정,
,0,최대 풍량CFM,최대 소음 dBA,가격,System Cooler,제조사,팬 크기,두께,베어링,커넥터 핀,최소 회전,최대 회전,최소 소음,보증 기간,LED 색,발광 부분,날개 색,본체 색,
,,,,,,,,,,,,,,,,,,,
