456,1,LGA 1151v2,0,73270,2,2666,4,4,5,m-ATX,[ASRock] H310M-DGS,ASRock,H310,,19.1,18.8,
,2,LGA 1151v2,0,75870,2,2666,4,4,5,m-ATX,[ASRock] H310M-HDV,ASRock,H310,,19.1,18.8,
,3,LGA 1151v2,0,78400,2,2666,4,4,5,m-ATX,[ASRock] H310M-HDV/M.2,ASRock,H310,,19.1,18.8,
,4,LGA 1151v2,0,122200,2,2666,4,4,5,m-ITX,[ASRock] H310M-ITX/ac,ASRock,H310,O,17,17,
,5,LGA 1151v2,0,108560,2,2666,4,4,4,ATX,[ASUS] PRIME H310-PLUS,ASUS,H310,,30.5,19.1,
,6,LGA 1151v2,0,107000,2,2666,4,4,4,m-ITX,[ASUS] PRIME H310I-PLUS,ASUS,H310,,17,17,
,7,LGA 1151v2,0,85700,2,2666,4,4,4,m-ATX,[ASUS] PRIME H310M-A,ASUS,H310,,22.6,18.5,
,8,LGA 1151v2,0,93430,2,2666,4,4,4,m-ATX,[ASUS] PRIME H310M-D,ASUS,H310,,22.6,18.5,
,9,LGA 1151v2,0,91400,2,2666,4,4,4,m-ATX,[ASUS] PRIME H310M-E,ASUS,H310,,22.6,18.5,
,10,LGA 1151v2,0,82400,2,2666,4,4,4,m-ATX,[ASUS] PRIME H310M-K,ASUS,H310,,22.6,18.5,
,11,LGA 1151v2,0,116840,2,2666,4,4,4,ATX,[ASUS] TUF H310-PLUS GAMING,ASUS,H310,,30.5,20.1,
,12,LGA 1151v2,0,90070,2,2666,4,4,4,m-ATX,[ASUS] TUF H310M-PLUS GAMING,ASUS,H310,,22.6,20.8,
,13,LGA 1151v2,0,72800,2,2666,4,4,4,m-ATX,[BIOSTAR] H310MHD PRO,BIOSTAR,H310,,22.8,17.7,
,14,LGA 1151v2,0,94000,2,2666,4,4,5,ATX,[GIGABYTE] H310 D3 듀러블에디션,GIGABYTE,H310,,30.5,24.4,
,15,LGA 1151v2,0,80810,2,2666,4,4,5,m-ATX,[GIGABYTE] H310M A 듀러블에디션,GIGABYTE,H310,,22.6,18.5,
,16,LGA 1151v2,0,470000,2,2666,4,4,5,m-ATX,[GIGABYTE] H310M DS2 듀러블에디션,GIGABYTE,H310,,22.6,17.4,
,17,LGA 1151v2,0,76820,2,2666,4,4,5,m-ATX,[GIGABYTE] H310M DS2V 듀러블에디션,GIGABYTE,H310,,22.6,18.5,
,18,LGA 1151v2,0,79000,2,2666,4,4,5,m-ATX,[GIGABYTE] H310M H 듀러블에디션,GIGABYTE,H310,,22.6,17.4,
,19,LGA 1151v2,0,83840,2,2666,4,4,5,m-ATX,[GIGABTRE] H310M HD2 듀러블에디션,GIGABTRE,H310,,24.4,18.5,
,20,LGA 1151v2,0,81820,2,2666,4,4,5,m-ATX,[GIGABYTE] H310M S2H 듀러블에디션,GIGABYTE,H310,,22.6,18.5,
,21,LGA 1151v2,0,86500,2,2666,4,4,5,m-ATX,[GIGABYTE] H310M S2P 듀러블에디션,GIGABYTE,H310,,24.4,18.5,
,22,LGA1151v2,0,232000,2,2666,4,4,6,ATX,[MSI] H310M-F PRO,GIGABYTE,H310,,23,18.5,
,23,LGA1151v2,0,276000,2,2666,4,3,6,m-ITX,[MSI] H310I PRO,GIGABYTE,H310,,17,17,
,24,LGA 1151v2,0,90000,2,2666,4,4,6,m-ATX,[MSI] H310M PRO-M2,MSI,H310,,23,18.5,
,25,LGA 1151v2,0,76000,2,2666,4,4,6,m-ATX,[MSI] H310M PRO-VD,MSI,H310,,22.6,18.5,
,26,LGA 1151v2,0,81000,2,2666,4,4,6,m-ATX,[MSI] H310M PRO-VDH,MSI,H310,,22.6,18.5,
,27,LGA 1151v2,0,78000,2,2666,4,4,6,m-ATX,[MSI] H310M PRO-VH,MSI,H310,,22.6,18.5,
,28,LGA 1151v2,0,101000,2,2666,4,4,6,m-ATX,[MSI] H310M 게이밍 아틱,MSI,H310,,23,18.5,
,29,LGA 1151v2,0,124500,4,2666,4,6,5,ATX,[ASRock] B360 PRO4,ASRock,B360,,30.5,22.4,
,30,LGA 1151v2,0,101600,4,2666,4,6,5,m-ATX,[ASRock] B360M PRO4,ASRock,B360,,24.4,24.4,
,31,LGA 1151v2,0,83700,2,2666,4,6,5,m-ATX,[ASRock] B360M-HDV,ASRock,B360,,22.6,18.8,
,32,LGA 1151v2,0,129720,4,2666,4,6,5,ATX,[ASUS] PRIME B360-PLUS,ASUS,B360,,30.5,22.11,
,33,LGA 1151v2,0,110700,4,2666,4,6,5,m-ATX,[ASUS] PRIME B360M-A,ASUS,B360,,24.4,20.6,
,34,LGA 1151v2,0,92920,2,2666,4,6,5,m-ATX,[ASUS] PRIME B360M-K,ASUS,B360,,22.6,18.5,
,35,LGA 1151v2,0,149960,4,2666,4,6,5,ATX,[ASUS] ROG STRIX B360-F GAMING,ASUS,B360,,30.5,24.4,
,36,LGA 1151v2,0,149960,4,2666,4,6,5,m-ATX,[ASUS] ROG STRIX B360-G GAMING,ASUS,B360,,24.4,24.4,
,37,LGA 1151v2,0,148400,4,2666,4,6,5,ATX,[ASUS] ROG STRIX B360-H GAMING,ASUS,B360,,30.5,24.4,
,38,LGA 1151v2,0,159000,2,2666,4,4,5,m-ITX,[ASUS] ROG STRIX B360-I GAMING,ASUS,B360,O,17,17,
,39,LGA 1151v2,0,131550,4,2666,4,6,5,ATX,[ASUS] TUF B360-PLUS GAMING,ASUS,B360,,30.5,24.4,
,40,LGA 1151v2,0,144000,4,2666,4,6,5,ATX,[ASUS] TUF B360-PRO GAMING (Wi-Fi),ASUS,B360,O,30.5,24.4,
,41,LGA 1151v2,0,133800,4,2666,4,6,5,ATX,[ASUS] TUF B360-PRO GAMING,ASUS,B360,,30.5,24.4,
,42,LGA 1151v2,0,102000,2,2666,4,6,5,m-ATX,[ASUS] TUF B360M-E GAMING,ASUS,B360,,22.6,20.8,
,43,LGA 1151v2,0,119000,4,2666,4,6,5,m-ATX,[ASUS] TUF B360M-PLUS GAMING,ASUS,B360,,24.4,23.1,
,44,LGA 1151v2,0,80200,2,2666,4,4,3,m-ATX,[BIOSTAR] B360MHD PRO,BIOSTAR,B360,,22.8,17.7,
,45,LGA 1151v2,0,106000,4,2666,4,6,3,m-ATX,[BIOSTAR] RACING B360 GT3S,BIOSTAR,B360,,24.4,23,
,46,LGA 1151v2,0,144300,4,2666,4,6,6,ATX,[GIGABYTE] B360 AORUS Gaming 3 WiFi,GIGABYTE,B360,O,30.5,22.5,
,47,LGA 1151v2,0,136800,4,2666,4,6,6,ATX,[GIGABYTE] B360 AORUS Gaming 3,GIGABYTE,B360,,30.5,22.5,
,48,LGA 1151v2,0,117000,4,2666,4,6,6,ATX,[GIGABYTE] B360 HD3 듀러블에디션,GIGABYTE,B360,,30.5,22.5,
,49,LGA 1151v2,0,123000,4,2666,4,6,6,ATX,[GIGABYTE] B360 HD3P 듀러블에디션,GIGABYTE,B360,,30.5,24.4,
,50,LGA 1151v2,0,123000,4,2666,4,6,6,m-ATX,[GIGABYTE] B360M AORUS Gaming 3,GIGABYTE,B360,,24.4,23,
,51,LGA 1151v2,0,93940,2,2666,4,6,6,m-ATX,[GIGABYTE] B360M D2V 듀러블에디션,GIGABYTE,B360,,22.6,18.5,
,52,LGA 1151v2,0,106000,4,2666,4,6,6,m-ATX,[GIGABYTE] B360M D3H 듀러블에디션,GIGABYTE,B360,,24.4,23,
,53,LGA 1151v2,0,94800,2,2666,4,6,6,m-ATX,[GIGABYTE] B360M D3V 듀러블에디션,GIGABYTE,B360,,24.4,18.5,
,54,LGA 1151v2,0,95400,4,2666,4,6,6,m-ATX,[GIGABYTE] B360M DS3H 듀러블에디션,GIGABYTE,B360,,22.6,20.5,
,55,LGA 1151v2,0,90000,2,2666,4,4,6,m-ATX,[GIGABYTE] B360M H 듀러블에디션,GIGABYTE,B360,,22.6,18.5,
,56,LGA 1151v2,0,93950,2,2666,4,6,6,m-ATX,[GIGABYTE] B360M HD3 듀러블에디션,GIGABYTE,B360,,24.4,18.5,
,57,LGA 1151v2,0,140400,2,2666,4,4,6,m-ITX,[GIGABYTE] B360N WiFi 듀러블에디션,GIGABYTE,B360,O,17,17,
,58,LGA 1151v2,0,131000,4,2666,4,5,7,ATX,[MSI] B360 게이밍 아틱,MSI,B360,,30.5,24.4,
,59,LGA 1151v2,0,149000,4,2666,4,6,7,ATX,[MSI] B360 게이밍 프로 카본,MSI,B360,,30.4,24.3,
,60,LGA 1151v2,0,131000,4,2666,4,5,7,ATX,[MSI] B360 게이밍 플러스,MSI,B360,,30.4,24.3,
,61,LGA 1151v2,0,120000,4,2666,4,5,7,ATX,[MSI] B360-A PRO,MSI,B360,,30.4,24.3,
,62,LGA 1151v2,0,254000,2,2666,4,4,7,ATX,[MSI] B360-F PRO,MSI,B360,,30.5,22.5,
,63,LGA 1151v2,0,148000,4,2666,4,4,7,m-ITX,[MSI] B360I 게이밍 프로 AC,MSI,B360,O,17,17,
,64,LGA 1151v2,0,86000,2,2666,4,6,7,m-ATX,[MSI] B360M PRO-VD,MSI,B360,,22.6,18.5,
,65,LGA 1151v2,0,91000,4,2666,4,6,7,m-ATX,[MSI] B360M PRO-VDH,MSI,B360,,24.4,24.4,
,66,LGA 1151v2,0,88000,2,2666,4,6,7,m-ATX,[MSI] B360M PRO-VH,MSI,B360,,22.6,18.5,
,67,LGA 1151v2,0,102010,2,2666,4,6,7,m-ATX,[MSI] B360M 게이밍 플러스,MSI,B360,,24.3,20.6,
,68,LGA 1151v2,0,103100,4,2666,4,6,7,m-ATX,[MSI] B360M 바주카 플러스,MSI,B360,,24.4,24.4,
,69,LGA 1151v2,0,118000,4,2666,4,4,7,m-ATX,[MSI] B360M 박격포,MSI,B360,,24.3,24.3,
,70,LGA 1151v2,0,123000,4,2666,4,4,7,m-ATX,[MSI] B360M 박격포 티타늄,MSI,B360,,24.3,24.3,
,71,LGA 1151v2,0,119220,4,2666,4,6,6,ATX,[ASRock] H370 PRO4,ASRock,H370,,30.5,22.4,
,72,LGA 1151v2,0,112000,4,2666,4,6,6,m-ATX,[ASRock] H370M PRO4,ASRock,H370,,24.4,24.4,
,73,LGA 1151v2,0,142000,2,2666,4,6,6,m-ITX,[ASRock] H370M-ITX/ac,ASRock,H370,O,17,17,
,74,LGA 1151v2,0,142000,4,2666,4,6,6,ATX,[ASRock] FATAL1TY H370 Performance,ASRock,H370,,30.5,24.4,
,75,LGA 1151v2,0,134200,4,2666,4,6,6,ATX,[ASUS] PRIME H370-A,ASUS,H370,,30.5,22.1,
,76,LGA 1151v2,0,132000,4,2666,4,6,6,ATX,[ASUS] PRIME H370-PLUS,ASUS,H370,,30.5,22.11,
,77,LGA 1151v2,0,138000,4,2666,4,6,6,m-ATX,[ASUS] PRIME H370M-PLUS,ASUS,H370,,24.4,24.4,
,78,LGA 1151v2,0,178700,4,2666,4,6,6,ATX,[ASUS] ROG STRIX H370-F GAMING,ASUS,H370,,30.5,24.4,
,79,LGA 1151v2,0,174630,2,2666,4,4,6,m-ITX,[ASUS] ROG STRIX H370-I GAMING,ASUS,H370,O,17,17,
,80,LGA 1151v2,0,166670,4,2666,4,6,6,ATX,[ASUS] TUF H370-PRO GAMING (Wi-Fi),ASUS,H370,O,30.5,24.4,
,81,LGA 1151v2,0,158000,4,2666,4,6,6,ATX,[ASUS] TUF H370-PRO GAMING,ASUS,H370,,30.5,24.4,
,82,LGA 1151v2,0,167000,4,2666,4,6,10,ATX,[GIGABYTE] H370 AORUS Gaming 3 WiFi,GIGABYTE,H370,O,30.5,24.4,
,83,LGA 1151v2,0,140400,4,2666,4,6,10,ATX,[GIGABYTE] H370 AORUS Gaming 3,GIGABYTE,H370,,30.5,24.4,
,84,LGA 1151v2,0,141450,4,2666,4,6,10,ATX,[GIGABYTE] H370 HD3 듀러블에디션,GIGABYTE,H370,,30.5,22.5,
,85,LGA 1151v2,0,139000,4,2666,4,6,10,m-ATX,[GIGABYTE] H370M D3H 듀러블에디션,GIGABYTE,H370,,24.4,23,
,86,LGA 1151v2,0,133000,4,2666,4,6,10,m-ATX,[GIGABYTE] H370M DS3H 듀러블에디션,GIGABYTE,H370,,24.4,24.4,
,87,LGA 1151v2,0,167500,2,2666,4,4,10,m-ITX,[GIGABYTE] H370N WiFi 듀러블에디션,GIGABYTE,H370,O,17,17,
,88,LGA 1151v2,0,159600,4,2666,4,6,5,ATX,[MSI] H370 게이밍 프로 카본,MSI,H370,,30.4,24.3,
,89,LGA 1151v2,0,140400,4,2666,4,5,5,ATX,[MSI] H370 게이밍 플러스,MSI,H370,,30.4,24.3,
,90,LGA 1151v2,0,120000,4,2666,4,6,5,m-ATX,[MSI] H370M 바주카,MSI,H370,,24.4,24.4,
,91,LGA 1151v2,1,172400,4,4333,4,8,6,ATX,[ASRock] Z370 EXTREME 4,ASRock,Z370,,30.5,24.4,
,92,LGA 1151v2,1,144700,4,4266,4,6,6,ATX,[ASRock] Z370 PRO4,ASRock,Z370,,30.5,24.4,
,93,LGA 1151v2,1,268000,4,4333,4,8,6,ATX,[ASRock] Z370 Taichi,ASRock,Z370,O,30.5,24.4,
,94,LGA 1151v2,1,137500,4,4333,4,6,6,m-ATX,[ASRock] Z370M PRO4,ASRock,Z370,,24.4,24.4,
,95,LGA 1151v2,1,258000,4,4333,4,8,7,ATX,[ASRock] FATAL1TY Z370 Gaming K6,ASRock,Z370,,30.5,24.4,
,96,LGA 1151v2,1,270700,2,4333,4,6,7,m-ITX,[ASRock] FATAL1TY Z370 Gaming-ITX/ac,ASRock,Z370,O,17,17,
,97,LGA 1151v2,1,197900,4,4000,4,6,8,ATX,[ASUS] PRIME Z370-A,ASUS,Z370,,30.5,24.4,
,98,LGA 1151v2,1,170900,4,4000,4,4,8,ATX,[ASUS] PRIME Z370-P,ASUS,Z370,,30.5,22.6,
,99,LGA 1151v2,1,465900,2,4500,4,4,8,E-ATX,[ASUS] ROG MAXIMUS X APEX,ASUS,Z370,,30.5,27.2,
,100,LGA 1151v2,1,466000,4,4133,4,6,8,ATX,[ASUS] ROG MAXIMUS X CODE,ASUS,Z370,O,30.5,24.4,
,101,LGA 1151v2,1,575640,4,4133,4,6,8,ATX,[ASUS] ROG MAXIMUS X FORMULA,ASUS,Z370,O,30.5,24.4,
,102,LGA 1151v2,1,410000,4,4133,4,6,8,ATX,[ASUS] ROG MAXIMUS X HERO (Wi-Fi AC),ASUS,Z370,O,30.5,24.4,
,103,LGA 1151v2,1,350000,4,4000,4,6,8,ATX,[ASUS] ROG MAXIMUS X HERO,ASUS,Z370,,30.5,24.4,
,104,LGA 1151v2,1,241950,4,4133,4,6,8,ATX,[ASUS] ROG STRIX Z370-E GAMING,ASUS,Z370,O,30.5,24.4,
,105,LGA 1151v2,1,199630,4,4000,4,6,8,ATX,[ASUS] ROG STRIX Z370-F GAMING,ASUS,Z370,,30.5,24.4,
,106,LGA 1151v2,1,221710,4,4000,4,6,8,m-ATX,[ASUS] ROG STRIX Z370-G GAMING,ASUS,Z370,,24.4,24.4,
,107,LGA 1151v2,1,266600,4,4000,4,6,8,m-ATX,[ASUS] ROG STRIX Z370-G GAMING (Wi-Fi AC),ASUS,Z370,O,24.4,24.4,
,108,LGA 1151v2,1,169000,4,4333,4,6,8,ATX,[ASUS] ROG STRIX Z370-H GAMING,ASUS,Z370,,30.5,24.4,
,109,LGA 1151v2,1,250500,4,4000,4,4,8,m-ITX,[ASUS] ROG STRIX Z370-I GAMING,ASUS,Z370,O,17,17,
,110,LGA 1151v2,1,153640,2,4000,4,6,8,ATX,[ASUS] TUF Z370-PLUS GAMING,ASUS,Z370,,30.5,24.4,
,111,LGA 1151v2,1,155000,4,4000,4,6,8,ATX,[ASUS] TUF Z370-PRO GAMING,ASUS,Z370,,30.5,24.4,
,112,LGA 1151v2,1,185800,4,4000,4,6,6,ATX,[GIGABYTE] Z370 AORUS Gaming 3,GIGABYTE,Z370,,30.5,24.4,
,113,LGA 1151v2,1,180300,4,4133,4,6,6,ATX,[GIGABYTE] Z370 AORUS Gaming K3,GIGABYTE,Z370,,30.5,24.4,
,114,LGA 1151v2,1,291000,4,4133,4,6,6,ATX,[GIGABYTE] Z370 AORUS Gaming 5,GIGABYTE,Z370,O,30.5,24.4,
,115,LGA 1151v2,1,332000,4,4000,4,6,6,ATX,[GIGABYTE] Z370 AORUS Gaming 7,GIGABYTE,Z370,,30.5,24.4,
,116,LGA 1151v2,1,360000,4,4000,4,6,6,ATX,[GIGABYTE] Z370 AORUS Gaming 7-OP,GIGABYTE,Z370,O,30.5,24.4,
,117,LGA 1151v2,1,210000,4,4000,4,6,6,ATX,[GIGABYTE] Z370 AORUS Gaming WiFi,GIGABYTE,Z370,O,30.5,24.4,
,118,LGA 1151v2,1,217700,4,4000,4,6,6,ATX,[GIGABYTE] Z370 AORUS Ultra Gaming,GIGABYTE,Z370,,30.5,24.4,
,119,LGA 1151v2,1,237000,4,4000,4,6,6,ATX,[GIGABYTE] Z370 AORUS Ultra Gaming WIFi,GIGABYTE,Z370,O,30.5,24.4,
,120,LGA 1151v2,1,217500,4,4000,4,6,6,ATX,[GIGABYTE] Z370 AORUS Ultra Gaming 2.0,GIGABYTE,Z370,,30.5,24.4,
,121,LGA 1151v2,1,239000,4,4000,4,6,6,ATX,[GIGABYTE] Z370 AORUS Ultra Gaming 2.0-OP,GIGABYTE,Z370,,30.5,24.4,
,122,LGA 1151v2,1,154800,4,4000,4,6,6,ATX,[GIGABYTE] Z370 HD3 듀러블에디션,GIGABYTE,Z370,,30.5,22.5,
,123,LGA 1151v2,1,175900,4,4000,4,6,6,ATX,[GIGABYTE] Z370 HD3-OP 듀러블에디션,GIGABYTE,Z370,,30.5,22.5,
,124,LGA 1151v2,1,177700,4,4000,4,6,6,ATX,[GIGABYTE] Z370 UD3H 듀러블에디션,GIGABYTE,Z370,,30.5,24.4,
,125,LGA 1151v2,1,145300,4,4400,4,6,6,m-ATX,[GIGABYTE] Z370M D3H 듀러블에디션,GIGABYTE,Z370,,24.4,24.4,
,126,LGA 1151v2,1,145000,4,3866,4,6,6,m-ATX,[GIGABYTE] Z370M DS3H 듀러블에디션,GIGABYTE,Z370,,22.8,19.3,
,127,LGA 1151v2,1,190500,4,4000,4,4,6,m-ITX,[GIGABYTE] Z370N WiFi 듀러블에디션,GIGABYTE,Z370,O,17,17,
,128,LGA 1151v2,1,152000,4,4000,4,6,6,ATX,[GIGABYTE] Z370P D3 듀러블에디션,GIGABYTE,Z370,,30.5,22.5,
,129,LGA 1151v2,1,474990,4,4000,4,6,6,ATX,[GIGABYTE] Z370XP SLI 듀러블에디션,GIGABYTE,Z370,,30.5,24.4,
,130,LGA 1151v2,1,184800,4,4133,4,6,6,ATX,[MSI] Z370 SLI PLUS,MSI,Z370,,30.5,24.4,
,131,LGA 1151v2,1,167000,4,4000,4,6,6,ATX,[MSI] Z370 게이밍 플러스,MSI,Z370,,30.5,24.4,
,132,LGA 1151v2,1,263100,4,4000,4,6,6,ATX,[MSI] Z370 게이밍 M5,MSI,Z370,,30.5,24.4,
,133,LGA 1151v2,1,231790,4,4000,4,6,6,ATX,[MSI] Z370 게이밍 프로 카본,MSI,Z370,,30.5,24.4,
,134,LGA 1151v2,1,173000,4,4000,4,6,6,ATX,[MSI] Z370 크레이트 게이밍,MSI,Z370,,30.5,24.4,
,135,LGA 1151v2,1,174700,4,4000,4,6,6,ATX,[MSI] Z370 토마호크,MSI,Z370,,30.5,24.4,
,136,LGA 1151v2,1,138800,4,4000,4,6,6,ATX,[MSI] Z370-A PRO,MSI,Z370,,30.5,24.4,
,137,LGA 1151v2,1,139000,4,4000,4,6,6,m-ATX,[MSI] Z370M 박격포,MSI,Z370,,24.3,24.3,
,138,LGA 1151,1,121200,4,2400,4,6,5,ATX,[ASRock] B250 PRO4,ASRock,B250,,30.5,22.4,
,139,LGA 1151,0,97400,4,2400,4,6,5,m-ATX,[ASRock] B250M PRO4,ASRock,B250,,24.4,24.4,
,140,LGA 1151,0,79000,2,2400,4,6,5,m-ATX,[ASRock] B250M-HDV,ASRock,B250,,22.5,18.5,
,141,LGA 1151,0,120900,4,2400,4,6,5,m-ATX,[ASRock] FATAL1TY B250M Performance,ASRock,B250,,24.4,24.4,
,142,LGA 1151,0,96900,4,2400,4,6,5,m-ATX,[ASUS] PRIME B250M-A,ASUS,B250,,24.4,20.6,
,143,LGA 1151,0,137490,4,2400,4,6,5,m-ATX,[ASUS] PRIME B250M-C,ASUS,B250,,22.6,18.5,
,144,LGA 1151,0,81700,2,2400,4,6,5,m-ATX,[ASUS] PRIME B250M-K,ASUS,B250,,22.6,18.5,
,145,LGA 1151,0,113900,4,2400,4,6,5,m-ATX,[ASUS] PRIME B250M-PLUS,ASUS,B250,,24.4,22.4,
,146,LGA 1151,0,140000,4,2400,4,6,5,ATX,[ASUS] PRIME B250-PLUS,ASUS,B250,,30.5,21.8,
,147,LGA 1151,0,143000,4,2400,4,6,5,ATX,[ASUS] PRIME B250-PRO,ASUS,B250,,30.5,21.8,
,148,LGA 1151,0,162660,4,2400,4,6,5,ATX,[ASUS] ROG STRIX B250F GAMING,ASUS,B250,,30.5,24.4,
,149,LGA 1151,0,144500,4,2400,4,6,5,m-ATX,[ASUS] ROG STRIX B250G GAMING,ASUS,B250,,24.4,21.8,
,150,LGA 1151,0,155000,4,2400,4,6,5,ATX,[ASUS] ROG STRIX B250H GAMING,ASUS,B250,,30.5,23.4,
,151,LGA 1151,0,95000,4,2400,4,6,4,m-ATX,[BIOSTAR] RACING B250 GT3,BIOSTAR,B250,,24.4,23,
,152,LGA 1151,0,118200,4,2400,4,6,4,ATX,[BIOSTAR] RACING B250 GT5,BIOSTAR,B250,,30.5,22.5,
,153,LGA 1151,0,110240,2,2400,4,6,4,ATX,[BIOSTAR] TB250 BTC,BIOSTAR,B250,,29.5,21,
,154,LGA 1151,0,173500,2,2400,4,6,4,ATX,[BIOSTAR] TB250 BTC PRO,BIOSTAR,B250,,29.5,21,
,155,LGA 1151,0,159700,2,2400,4,6,4,ATX,[BIOSTAR] TB250 BTC+,BIOSTAR,B250,,29.5,21,
,156,LGA 1151,0,127000,4,2400,4,6,7,ATX,[GIGABYTE] GA-B250-HD3 듀러블에디션,GIGABYTE,B250,,30.5,22.5,
,157,LGA 1151,0,143200,4,2400,4,6,7,ATX,[GIGABYTE] GA-B250-HD3P 듀러블에디션,GIGABYTE,B250,,30.5,22.5,
,158,LGA 1151,0,86850,2,2400,4,6,7,m-ATX,[GIGABYTE] GA-B250M-D2V 듀러블에디션,GIGABYTE,B250,,22.6,17.4,
,159,LGA 1151,0,97460,4,2400,4,6,7,m-ATX,[GIGABYTE] GA-B250M-D3H 듀러블에디션,GIGABYTE,B250,,24.4,22.5,
,160,LGA 1151,0,88730,2,2400,4,6,7,m-ATX,[GIGABYTE] GA-B250M-D3V 듀러블에디션,GIGABYTE,B250,,24.4,17.4,
,161,LGA 1151,0,92800,4,2400,4,6,7,m-ATX,[GIGABYTE] GA-B250M-DS3H 듀러블에디션,GIGABYTE,B250,,22.6,19.3,
,162,LGA 1151,0,164300,4,2400,4,6,7,m-ATX,[GIGABYTE] GA-B250M-Gaming 5 게이밍에디션,GIGABYTE,B250,,24.4,24.4,
,163,LGA 1151,0,89900,2,2400,4,6,7,m-ATX,[GIGABYTE] GA-B250M-HD3 듀러블에디션,GIGABYTE,B250,,24.4,17.4,
,164,LGA 1151,0,155700,2,2400,4,4,7,m-ITX,[GIGABYTE] GA-B250N-Phoenix WiFi 듀러블에디션,GIGABYTE,B250,O,17,17,
,165,LGA 1151,0,172500,4,2400,4,6,7,ATX,[GIGABYTE] GA-Gaming B8 게이밍에디션,GIGABYTE,B250,,30.5,23.3,
,166,LGA 1151,0,143900,2,2400,4,4,6,m-ITX,[MSI] B250I 게이밍 프로 AC,MSI,B250,,17,17,
,167,LGA 1151,0,81800,2,2400,4,2,6,m-ATX,[MSI] B250M PRO-VD,MSI,B250,,22.6,18.5,
,168,LGA 1151,0,97800,4,2400,4,6,6,m-ATX,[MSI] B250M PRO-VDH,MSI,B250,,24.4,22.8,
,169,LGA 1151,0,97300,4,2400,4,6,6,m-ATX,[MSI] B250M 바주카,MSI,B250,,24.4,22.8,
,170,LGA 1151,0,96500,4,2400,4,6,6,m-ATX,[MSI] B250M 박격포,MSI,B250,,24.4,24.4,
,171,LGA 1151,0,115400,4,2400,4,6,6,m-ATX,[MSI] B250M 박격포 아틱,MSI,B250,,24.4,24.4,
,172,LGA 1151,0,149600,4,2400,4,6,5,ATX,[ASRock] FATAL1TY H270 Performance,ASRock,H270,,30.5,24.4,
,173,LGA 1151,0,135100,4,2400,4,6,5,ATX,[ASRock] H270 PRO4,ASRock,H270,,30.5,24.4,
,174,LGA 1151,0,124200,4,2400,4,6,5,m-ATX,[ASRock] H270M PRO4,ASRock,H270,,24.4,24.4,
,175,LGA 1151,0,162000,2,2400,4,6,5,m-ITX,[ASRock] H270m-ITX/ac,ASRock,H270,O,17,17,
,176,LGA 1151,0,140060,4,2400,4,6,5,m-ATX,[ASUS] PRIME H270M-PLUS,ASUS,H270,,24.38,23.88,
,177,LGA 1151,0,156440,4,2400,4,6,5,ATX,[ASUS] PRIME H270-PLUS,ASUS,H270,,30.5,22.1,
,178,LGA 1151,0,156430,4,2400,4,6,5,ATX,[ASUS] PRIME H270-PRO,ASUS,H270,,30.5,22.6,
,179,LGA 1151,0,180960,4,2400,4,6,5,ATX,[ASUS] ROG STRIX H270F GAMING,ASUS,H270,,30.5,24.4,
,180,LGA 1151,0,162300,4,2400,4,6,5,ATX,[GIGABYTE] GA-H270-GAMING 3 게이밍에디션,GIGABYTE,H270,,30.5,24.4,
,181,LGA 1151,0,138400,4,2400,4,6,5,ATX,[GIGABYTE] GA-H270-HD3 듀러블에디션,GIGABYTE,H270,,30.5,24.4,
,182,LGA 1151,0,152300,4,2400,4,6,5,ATX,[GIGABYTE] GA-H270-HD3P 듀러블에디션,GIGABYTE,H270,,30.5,22.5,
,183,LGA 1151,0,140000,4,2400,4,6,5,m-ATX,[GIGABYTE] GA-H270M-D3H 듀러블에디션,GIGABYTE,H270,,24.4,22.5,
,184,LGA 1151,0,132000,4,2400,4,6,5,m-ATX,[GIGABYTE] GA-H270M-DS3H 듀러블에디션,GIGABYTE,H270,,24.4,21.5,
,185,LGA 1151,0,187700,2,2400,4,6,5,m-ITX,[GIGABYTE] GA-H270N-WiFi 듀러블에디션,GIGABYTE,H270,O,17,17,
,186,LGA 1151,0,164100,4,2400,4,6,6,ATX,[MSI] H270 게이밍 M3,MSI,H270,,30.4,24.3,
,187,LGA 1151,0,173900,4,2400,4,6,6,ATX,[MSI] H270 게이밍 프로 카본,MSI,H270,,30.5,24.4,
,188,LGA 1151,0,161000,4,2400,4,6,6,ATX,[MSI] H270 토마호크 아틱,MSI,H270,,30.4,24.3,
,189,LGA 1151,0,128000,4,2400,4,6,6,ATX,[MSI] H270-A PRO,MSI,H270,,30.5,22.5,
,190,LGA 1151,0,143500,4,2400,4,6,6,m-ATX,[MSI] H270M 박격포 아틱,MSI,H270,,24.4,24.4,
,191,LGA 1151,1,195800,4,3733,4,6,4,ATX,[ASRock] FATAL1TY Z270 Gaming K4,ASRock,Z270,,30.5,24.4,
,192,LGA 1151,1,220800,4,3866,4,8,4,ATX,[ASRock] FATAL1TY Z270 Gaming K6,ASRock,Z270,,30.5,24.4,
,193,LGA 1151,1,255400,2,4000,4,6,4,m-ITX,[ASRock] FATAL1TY Z270 Gaming-ITX/ac,ASRock,Z270,O,17,17,
,194,LGA 1151,1,346900,4,3733,4,10,4,ATX,[ASRock] FATAL1TY Z270 Professional Gaming i7,ASRock,Z270,O,30.5,24.4,
,195,LGA 1151,1,196200,4,3866,4,8,4,ATX,[ASRock] Z270 EXTREME 4,ASRock,Z270,,30.5,24.4,
,196,LGA 1151,1,189900,4,3733,4,6,4,ATX,[ASRock] Z270 KILLER SLI,ASRock,Z270,,30.5,24.4,
,197,LGA 1151,1,159400,4,2400,4,6,4,ATX,[ASRock] Z270 PRO4,ASRock,Z270,,30.5,22,
,198,LGA 1151,1,463000,4,3733,4,10,4,ATX,[ASRock] Z270 SUPERCARRIER,ASRock,Z270,O,30.5,24.4,
,199,LGA 1151,1,256300,4,3733,4,10,4,ATX,[ASRock] Z270 Taichi,ASRock,Z270,,30.5,24.4,
,200,LGA 1151,1,149600,4,3600,4,6,4,m-ATX,[ASRock] Z270M PRO4,ASRock,Z270,,24.4,24.4,
,201,LGA 1151,1,226180,4,3866,4,6,6,ATX,[ASUS] PRIME Z270-A,ASUS,Z270,,30.5,24.4,
,202,LGA 1151,1,190700,4,3866,4,6,6,ATX,[ASUS] PRIME Z270-K,ASUS,Z270,,30.5,24.4,
,203,LGA 1151,1,178600,4,3866,4,4,6,m-ATX,[ASUS] PRIME Z270M-PLUS,ASUS,Z270,,23.88,24.38,
,204,LGA 1151,1,197700,4,3866,4,4,6,ATX,[ASUS] PRIME Z270-P,ASUS,Z270,,30.5,22.1,
,205,LGA 1151,1,397000,2,4266,4,4,6,E-ATX,[ASUS] ROG MAXIMUS IX APEX,ASUS,Z270,,30.5,27.2,
,206,LGA 1151,1,488900,4,4000,4,6,6,ATX,[ASUS] ROG MAXIMUS IX CODE,ASUS,Z270,O,30.5,24.4,
,207,LGA 1151,1,888300,4,4133,4,8,6,E-ATX,[ASUS] ROG MAXIMUS IX EXTREME,ASUS,Z270,O,30.5,27.2,
,208,LGA 1151,1,555400,4,4000,4,6,6,ATX,[ASUS] ROG MAXIMUS IX FORMULA,ASUS,Z270,O,30.5,24.4,
,209,LGA 1151,1,357000,4,4000,4,6,6,ATX,[ASUS] ROG MAXIMUS IX HERO,ASUS,Z270,,30.5,24.4,
,210,LGA 1151,1,287800,4,3866,4,6,6,ATX,[ASUS] ROG STRIX Z270E GAMING,ASUS,Z270,O,30.5,24.4,
,211,LGA 1151,1,235400,4,3866,4,6,6,ATX,[ASUS] ROG STRIX Z270F GAMING,ASUS,Z270,,30.5,23.4,
,212,LGA 1151,1,314800,4,4000,4,6,6,m-ATX,[ASUS] ROG STRIX Z270G GAMING,ASUS,Z270,O,24.4,24.4,
,213,LGA 1151,1,201000,4,3866,4,6,6,ATX,[ASUS] ROG STRIX Z270H GAMING,ASUS,Z270,,30.5,23.4,
,214,LGA 1151,1,332000,2,4266,4,4,6,m-ITX,[ASUS] ROG STRIX Z270I GAMING,ASUS,Z270,O,17,17,
,215,LGA 1151,1,350800,4,3866,4,6,6,ATX,[ASUS] TUF Z270 MARK1,ASUS,Z270,,30.5,24.4,
,216,LGA 1151,1,601600,4,3866,4,6,6,ATX,[ASUS] Z270-WS,ASUS,Z270,,30.5,24.4,
,217,LGA 1151,1,169000,4,3200,4,6,5,ATX,[BIOSTAR] RACING Z270 GT6,BIOSTAR,Z270,,30.5,22.5,
,218,LGA 1151,1,298400,4,3600,4,6,5,ATX,[BIOSTAR] RACING Z270 GT8,BIOSTAR,Z270,,30.5,24.4,
,219,LGA 1151,1,415300,4,3600,4,6,5,ATX,[BIOSTAR] RACING Z270 GT9,BIOSTAR,Z270,,30.5,24.4,
,220,LGA 1151,1,202000,4,3866,4,6,5,ATX,[GIGABYTE] GA-Z270-Gaming 3 게이밍에디션,GIGABYTE,Z270,,30.5,24.4,
,221,LGA 1151,1,186200,4,3866,4,6,5,ATX,[GIGABYTE] GA-Z270-Gaming K3 게이밍에디션,GIGABYTE,Z270,,30.5,24.4,
,222,LGA 1151,1,170750,4,3866,4,6,5,ATX,[GIGABYTE] GA-Z270-HD3 듀러블에디션,GIGABYTE,Z270,,30.5,22.5,
,223,LGA 1151,1,185600,4,3866,4,6,5,ATX,[GIGABYTE] GA-Z270-HD3P 듀러블에디션,GIGABYTE,Z270,,30.5,22.5,
,224,LGA 1151,1,168000,4,3866,4,6,5,m-ATX,[GIGABYTE] GA-Z270M-D3H 듀러블에디션,GIGABYTE,Z270,,24.4,22.5,
,225,LGA 1151,1,248600,4,4000,4,6,5,m-ATX,[GIGABYTE] GA-Z270MX-Gaming 5 게이밍에디션,GIGABYTE,Z270,,24.4,24.4,
,226,LGA 1151,1,246000,2,4000,4,4,5,m-ITX,[GIGABYTE] GA-Z270N-Gaming 5 게이밍에디션,GIGABYTE,Z270,,17,17,
,227,LGA 1151,1,228400,2,4000,4,6,5,m-ITX,[GIGABYTE] GA-Z270N-WiFi 듀러블에디션,GIGABYTE,Z270,O,17,17,
,228,LGA 1151,1,197000,4,3866,4,6,5,ATX,[GIGABYTE] GA-Z270-Phoenix Gaming 게이밍에디션,GIGABYTE,Z270,,30.5,24.4,
,229,LGA 1151,1,283930,4,4000,4,6,5,ATX,[GIGABYTE] GA-Z270X-Gaming 5 어로스,GIGABYTE,Z270,,30.5,24.4,
,230,LGA 1151,1,327800,4,4000,4,6,5,ATX,[GIGABYTE] GA-Z270X-Gaming 7 어로스,GIGABYTE,Z270,,30.5,24.4,
,231,LGA 1151,1,555000,4,4133,4,6,5,ATX,[GIGABYTE] GA-Z270X-Gaming 8 어로스,GIGABYTE,Z270,O,30.5,24.4,
,232,LGA 1151,1,757400,4,4000,4,6,5,E-ATX,[GIGABYTE] GA-Z270X-Gaming 9 어로스,GIGABYTE,Z270,O,30.5,26.4,
,233,LGA 1151,1,248290,4,3866,4,6,5,ATX,[GIGABYTE] GA-Z270X-Gaming K5 어로스,GIGABYTE,Z270,,30.5,24.4,
,234,LGA 1151,1,289970,4,4133,4,6,5,ATX,[GIGABYTE] GA-Z270X-Gaming K7 어로스,GIGABYTE,Z270,,30.5,24.4,
,235,LGA 1151,1,276770,4,4000,4,6,5,ATX,[GIGABYTE] GA-Z270X-Gaming SOC OC에디션,GIGABYTE,Z270,,30.5,24.4,
,236,LGA 1151,1,217100,4,3866,4,6,5,ATX,[GIGABYTE] GA-Z270X-UD3 듀러블에디션,GIGABYTE,Z270,,30.5,22.5,
,237,LGA 1151,1,278000,4,4000,4,6,5,ATX,[GIGABYTE] GA-Z270X-UD5 듀러블에디션,GIGABYTE,Z270,O,30.5,24.4,
,238,LGA 1151,1,217350,4,3866,4,6,5,ATX,[GIGABYTE] GA-Z270X-Ultra Gaming 게이밍에디션,GIGABYTE,Z270,,30.5,24.4,
,239,LGA 1151,1,422000,4,4000,4,6,6,ATX,[MSI] Z270 MPOWER 게이밍 티타늄,MSI,Z270,,30.5,24.4,
,240,LGA 1151,1,522900,4,4000,4,8,6,ATX,[MSI] Z270 XPOWER 게이밍 티타늄,MSI,Z270,,30.5,24.4,
,241,LGA 1151,1,288000,4,3800,4,6,6,ATX,[MSI] Z270 게이밍 M5,MSI,Z270,,30.5,24.4,
,242,LGA 1151,1,348400,4,3800,4,6,6,ATX,[MSI] Z270 게이밍 M7,MSI,Z270,,30.5,24.4,
,243,LGA 1151,1,250600,4,3800,4,6,6,ATX,[MSI] Z270 게이밍 프로 카본,MSI,Z270,,30.4,24.3,
,244,LGA 1151,1,211000,4,3800,4,6,6,ATX,[MSI] Z270 밀리터리 에디션,MSI,Z270,,30.4,24.3,
,245,LGA 1151,1,210000,4,3800,4,6,6,ATX,[MSI] Z270 크레이트 게이밍,MSI,Z270,,30.5,24.4,
,246,LGA 1151,1,191600,4,3800,4,6,6,ATX,[MSI] Z270 토마호크,MSI,Z270,,30.4,24.3,
,247,LGA 1151,1,209000,4,3800,4,6,6,ATX,[MSI] Z270 토마호크 아틱,MSI,Z270,,30.4,24.3,
,248,LGA 1151,1,186900,4,3800,4,6,6,ATX,[MSI] Z270 피씨 메이트,MSI,Z270,,30.4,24.3,
,249,LGA 2066,1,325800,8,4400,4,8,6,ATX,[AsRock] X299 KILLER SLI/ac,AsRock,X299,,30.5,24.4,
,250,LGA 2066,1,391700,8,4400,4,10,6,ATX,[AsRock] X299 Taichi,AsRock,X299,,30.5,24.4,
,251,LGA 2066,1,360200,8,4400,4,8,6,ATX,[AsRock] FATAL1TY X299 Gaming K6,AsRock,X299,,30.5,24.4,
,252,LGA 2066,1,571400,8,4400,4,10,6,ATX,[AsRock] FATAL1TY X299 Professional Gaming i9,AsRock,X299,,30.5,24.4,
,253,LGA 2066,1,454900,8,4000,4,8,8,ATX,[ASUS] PRIME X299-A,ASUS,X299,,30.5,24.4,
,254,LGA 2066,1,698300,8,4133,4,7,8,ATX,[ASUS] PRIME X299-DELUXE,ASUS,X299,,30.5,24.4,
,255,LGA 2066,1,749400,4,4133,4,6,8,E-ATX,[ASUS] ROG RAMPAGE VI APEX,ASUS,X299,O,30.5,20.7,
,256,LGA 2066,1,1082990,8,4200,4,6,8,E-ATX,[ASUS] ROG RAMPAGE VI EXTREME,ASUS,X299,O,30.5,27.7,
,257,LGA 2066,1,506960,8,4133,4,8,8,ATX,[ASUS] ROG STRIX X299-E GAMING,ASUS,X299,O,30.5,24.4,
,258,LGA 2066,1,505000,8,4133,4,8,8,ATX,[ASUS] ROG STRIX X299-XE GAMING,ASUS,X299,O,30.5,24.4,
,259,LGA 2066,1,491700,8,4000,4,8,8,ATX,[ASUS] TUF X299 MARK1,ASUS,X299,,30.5,24.4,
,260,LGA 2066,1,380800,8,4000,4,8,8,ATX,[ASUS] TUF X299 MARK2,ASUS,X299,,30.5,24.4,
,261,LGA 2066,1,551000,8,4133,4,6,8,ATX,[ASUS] WS X299 PRO,ASUS,X299,,30.5,24.4,
,262,LGA 2066,1,599000,8,4133,4,6,8,ATX,[ASUS] WS X299 PRO/SE,ASUS,X299,,30.5,24.4,
,263,LGA 2066,1,756000,8,4200,4,8,8,CEB,[ASUS] WS X299 SAGE,ASUS,X299,,30.5,26.7,
,264,LGA 2066,1,401500,8,4400,4,8,12,ATX,[GIGABYTE] X299 AORUS Gaming 3,GIGABYTE,X299,,30.5,24.4,
,265,LGA 2066,1,388000,8,4400,4,8,12,ATX,[GIGABYTE] X299 AORUS Gaming 3 Pro,GIGABYTE,X299,,30.5,24.4,
,266,LGA 2066,1,619900,8,4400,4,8,12,ATX,[GIGABYTE] X299 AORUS Gaming 7,GIGABYTE,X299,O,30.5,24.4,
,267,LGA 2066,1,634000,8,4400,4,8,12,ATX,[GIGABYTE] X299 AORUS Gaming 7 Pro,GIGABYTE,X299,O,30.5,24.4,
,268,LGA 2066,1,770840,8,4400,4,8,12,ATX,[GIGABYTE] X299 AORUS Gaming 9,GIGABYTE,X299,O,30.5,24.4,
,269,LGA 2066,1,477500,8,4400,4,8,12,ATX,[GIGABYTE] X299 AORUS Ultra Gaming Pro,GIGABYTE,X299,O,30.5,24.4,
,270,LGA 2066,1,672000,8,4400,4,6,12,ATX,[GIGABYTE] X299 DESIGNARE EX,GIGABYTE,X299,O,30.5,24.4,
,271,LGA 2066,1,362800,8,4333,4,8,12,ATX,[GIGABYTE] X299 UD4 PRO,GIGABYTE,X299,,30.5,24.4,
,272,LGA 2066,1,384000,8,4333,4,8,12,ATX,[GIGABYTE] X299 UD4,GIGABYTE,X299,,30.5,24.4,
,273,LGA 2066,1,331900,8,4266,4,8,12,ATX,[MSI] X299 SLI PLUS,MSI,X299,,30.5,24.3,
,274,LGA 2066,1,647000,8,4133,4,10,12,E-ATX,[MSI] X299 XPOWER 게이밍 AC,MSI,X299,O,30.5,27.2,
,275,LGA 2066,1,445000,8,4266,4,8,12,ATX,[MSI] X299 게이밍 프로 카본 AC,MSI,X299,,30.5,24.4,
,276,LGA 2066,1,370700,8,4266,4,6,12,ATX,[MSI] X299 토마호크,MSI,X299,,30.5,24.4,
,277,LGA 2066,1,399000,8,4266,4,8,12,ATX,[MSI] X299 토마호크 아틱,MSI,X299,,30.5,24.4,
,278,LGA 1151,0,60000,2,2400,4,4,6,m-ATX,[AsRock] H110M-DVS R2.0,AsRock,H110,,22.6,18.3,
,279,LGA 1151,0,67500,2,2400,4,4,6,m-ATX,[AsRock] H110M-HDV ,ASUS,H110,,22.6,18.5,
,280,LGA 1151,0,62000,2,2400,4,4,6,m-ATX,[GIGABYTE] GA-H110M-DS2V 듀러블에디션,GIGABYTE,H110,,22.6,17.4,
,281,LGA 1151,0,65900,2,2400,4,4,6,m-ATX,[MSI] H110M PRO-VD PLUS,MSI,H110,,22.6,17.3,
,282,LGA 1151,0,95000,2,2400,4,4,6,m-ITX,[MSI] H110I PRO,ASUS,H110,,17,17,
,283,LGA 1151,0,79000,2,2400,4,6,6,m-ATX,[AsRock] B150M HDV,AsRock,B150,,18.8,23.1,
,284,LGA 1151,0,91000,4,2400,4,6,6,m-ATX,[AsRock] B150M PRO4S,AsRock,B150,,24.5,24.5,
,285,LGA 1151,0,82800,4,2400,4,6,6,m-ATX,[ASUS] B150M-A -M.2,ASUS,B150,,23.4,20.1,
,286,LGA 1151,0,91100,4,2400,4,6,6,m-ATX,[GIGABYTE] GA-B150M-D3H 듀러블에디션,GIGABYTE,B150,,24.4,22.5,
,287,LGA 1151,0,77800,4,2400,4,6,6,m-ATX,[MSI] B150M 바주카,MSI,B150,,23.5,22.8,
,288,LGA 1151,0,80900,4,2400,4,6,6,m-ATX,[MSI] B150M 바주카 플러스 M.2,MSI,B150,,23.5,22.8,
,289,LGA 1151,0,82800,4,2400,4,6,6,m-ATX,[MSI] B150M 박격포,MSI,B150,,24.38,24.38,
,290,LGA 1151,0,96300,4,2400,4,6,6,m-ATX,[MSI] B150M 박격포 아틱,MSI,B150,,24.38,24.38,
,291,LGA 1151,0,90110,4,2400,4,6,6,m-ATX,[AsRock] B150M PRO4/HYPER,AsRock,B150,,24.4,24.4,
,292,LGA 1151,0,152300,2,3600,4,4,6,m-ITX,[AsRock] H170M ITX/ac,AsRock,H170,,17,17,
,293,LGA 1151,0,124430,4,3600,4,6,6,ATX,[AsRock] H170 PRO4S,AsRock,H170,,30.5,19,
,294,LGA 1151,0,123000,4,3600,4,6,6,m-ATX,[ASUS] H170M-PLUS,ASUS,H170,,24.4,22.7,
,295,LGA 1151,0,147000,4,3600,4,6,6,ATX,[ASUS] H170-PRO,ASUS,H170,,30.5,22.4,
,296,LGA 1151,0,168000,4,3600,4,4,6,ATX,[ASUS] H170 PRO GAMING,ASUS,H170,,30.5,24.4,
,297,LGA 1151,0,125500,4,3600,4,6,6,m-ATX,[GIGABYTE] GA-H170M-D3H 듀러블에디션,GIGABYTE,H170,,24.4,22.5,
,298,LGA 1151,0,131000,4,3600,4,6,6,ATX,[GIGABYTE] GA-H170-HD3 듀러블에디션,GIGABYTE,H170,,30.5,19.9,
,299,LGA 1151,0,152000,4,3600,4,6,6,ATX,[GIGABYTE] GA-H170-Gaming 3 게이밍에디션,GIGABYTE,H170,,30.5,22.5,
,300,LGA 1151,0,144000,4,3600,4,6,6,m-ATX,[AsRock] Z170M PRO4S,AsRock,Z170,,24.5,24.5,
,301,LGA 1151,0,137000,4,3600,4,6,6,ATX,[AsRock] Z170 PRO4S,AsRock,Z170,,33.4,26.5,
,302,LGA 1151,0,180250,4,3600,4,6,6,ATX,[AsRock] Z170 EXTREME 4,AsRock,Z170,,30.5,24.4,
,303,LGA 1151,0,241800,4,3600,4,8,6,ATX,[AsRock] Z170 EXTREME 6,AsRock,Z170,,30.5,24.4,
,304,LGA 1151,0,386000,4,3600,4,10,6,ATX,[AsRock] Z170 EXTREME 7+,AsRock,Z170,,30.5,24.4,
,305,LGA 1151,0,460250,4,3600,4,10,6,ATX,[AsRock] Z170 OC Formula,AsRock,Z170,,30.5,24.4,
,306,LGA 1151,0,270800,2,3600,4,6,6,m-ITX,[AsRock] Z170 Gaming-ITX/ac FATAl1TY,AsRock,Z170,,17,17,
,307,LGA 1151,0,168000,4,3600,4,6,8,ATX,[ASUS] Z170M-PLUS,ASUS,Z170,,24.4,22.7,
,308,LGA 1151,0,178000,4,3600,4,4,8,ATX,[ASUS] Z170-P,ASUS,Z170,,30.5,22.4,
,309,LGA 1151,0,199670,4,3600,4,6,8,ATX,[ASUS] Z170-K,ASUS,Z170,,30.5,24.4,
,310,LGA 1151,0,220000,4,3600,4,4,8,ATX,[ASUS] Z170 Pro Gaming,ASUS,Z170,,30.5,24.4,
,311,LGA 1151,0,225700,4,3600,4,6,8,ATX,[ASUS] Z170-A,ASUS,Z170,,30.5,24.4,
,312,LGA 1151,0,320000,4,3600,4,6,8,ATX,[ASUS] MAXIMUS VIII GENE,ASUS,Z170,,24.4,24.4,
,313,LGA 1151,0,281150,4,3600,4,6,8,ATX,[ASUS] MAXIMUS VIII RANGER,ASUS,Z170,,30.5,24.4,
,314,LGA 1151,0,426900,4,3600,4,6,8,ATX,[ASUS] MAXIMUS VIII HERO,ASUS,Z170,,30.5,24.4,
,315,LGA 1151,0,403000,4,3600,4,8,8,ATX,[ASUS] SABERTOOTH Z170 MARK S,ASUS,Z170,,30.5,24.4,
,316,LGA 1151,0,450300,4,3600,4,8,8,ATX,[ASUS] Z170-DELUXE,ASUS,Z170,,30.5,24.4,
,317,LGA 1151,0,207900,4,3600,4,6,6,ATX,[GIGABYTE] GA-Z170X-Gaming 3 게이밍에디션,GIGABYTE,Z170,,30.5,24.4,
,318,LGA 1151,0,243700,4,3600,4,6,6,ATX,[GIGABYTE] GA-Z170X-Gaming 5 게이밍에디션,GIGABYTE,Z170,,30.5,24.4,
,319,LGA 1151,0,309770,4,3600,4,8,6,ATX,[GIGABYTE] GA-Z170X-Gaming 7 게이밍에디션,GIGABYTE,Z170,,30.5,26.4,
,320,LGA 1151,0,225000,4,3600,4,4,6,ATX,[GIGABYTE] GA-Z170X-UD3 Ultra 듀러블에디션,GIGABYTE,Z170,,30.5,24.4,
,321,LGA 1151,0,255000,4,3600,4,8,6,ATX,[GIGABYTE] GA-Z170X-UD5 듀러블에디션,GIGABYTE,Z170,,30.5,24.4,
,322,LGA 1151,0,355000,4,3600,4,10,6,ATX,[GIGABYTE] GA-Z170X-Gaming G1 게이밍에디션,GIGABYTE,Z170,,30.5,26.4,
,323,LGA 1151,0,245500,4,4000,4,6,6,ATX,[MSI] Z170A GAMING PRO,MSI,Z170,,30.5,24.4,
,324,LGA 1151,0,210000,4,4000,4,6,6,ATX,[MSI] Z170A GAMING M5,MSI,Z170,,30.5,24.4,
,325,LGA 1151,0,338560,4,4000,4,6,6,ATX,[MSI] Z170A GAMING M7,MSI,Z170,,30.5,24.4,
,326,LGA 1151,0,185100,4,4000,4,6,6,ATX,[MSI] Z170A 크레이트 게이밍 3X,MSI,Z170,,30.5,23.4,
,327,LGA 1151,0,342000,4,4000,4,8,6,ATX,[MSI] Z710A XPOWER 게이밍 티타늄 에디션,MSI,Z170,,30.5,24.4,
,328,LGA 1150,0,106350,2,2400,3,2,3,m-ITX,[AsRock] H81T-ITX R2.0,AsRock,H81,,17,17,
,329,LGA 1150,0,51000,2,2400,3,2,3,m-ATX,[AsRock] H81M-HDS,AsRock,H81,,23,18.5,
,330,LGA 1150,0,51300,2,2400,3,2,3,m-ATX,[AsRock] H81M-DGS R2.0,AsRock,H81,,23,17.3,
,331,LGA 1150,0,70280,2,2400,3,2,3,m-ATX,[ASUS] H81M-P,ASUS,H81,,22.6,17.5,
,332,LGA 1150,0,63900,2,2400,3,2,3,m-ATX,[ASUS] H81M-D PLUS,ASUS,H81,,19,17.7,
,333,LGA 1150,0,112000,2,2400,3,2,3,m-ITX,[ASUS] H81I-PLUS,ASUS,H81,,17,17,
,334,LGA 1150,0,74000,4,3600,3,4,3,m-ATX,[ASUS] B85M-G,ASUS,B85,,23.4,19.3,
,335,LGA 1150,0,119000,4,3600,3,4,3,ATX,[ASUS] B85-PLUS,ASUS,B85,,30.5,20.8,
,336,LGA 1150,0,123970,4,3600,3,6,3,ATX,[AsRock] H97 Performance,AsRock,H97,,30.5,24.4,
,337,LGA 1150,0,153070,4,3600,3,6,3,ATX,[GIGABYTE] GA-H97-Gaming 3,GIGABYTE,H97,,30.5,21.4,
,338,LGA 1150,0,215000,4,4400,3,6,3,ATX,[GIGABYTE] GA-Z97X-UD3H,GIGABYTE,Z97,,30.5,22.5,
,339,LGA 1150,0,242000,4,4400,3,8,3,ATX,[GIGABYTE] GA-Z97X-UD5H,GIGABYTE,Z97,,30.5,24.4,
,340,LGA 1150,0,180000,4,4400,3,6,3,ATX,[GIGABYTE] GA-Z97X-SOC Force OC,GIGABYTE,Z97,,30.5,24.4,
,341,LGA 2011-v3,1,262200,4,4400,4,10,4,ATX,[AsRock] X99 Extreme3,AsRock,X99,,30.5,24.4,
,342,LGA 2011-v3,1,376000,8,4400,4,10,4,ATX,[AsRock] X99 Extreme6,AsRock,X99,,30.5,24.4,
,343,LGA 2011-v3,1,931400,8,4400,4,10,4,E-ATX,[AsRock] X99 Extreme11,AsRock,X99,,30.5,26.8,
,344,LGA 2011-v3,1,462900,8,4400,4,10,4,E-ATX,[AsRock] X99 WS,AsRock,X99,,30.5,26.5,
,345,LGA 2011-v3,1,462900,8,4400,4,8,6,ATX,[ASUS] X99-PRO,ASUS,X99,,30.5,24.4,
,346,LGA 2011-v3,1,520000,8,4400,4,6,6,ATX,[ASUS] X99-DELUXE,ASUS,X99,,30.5,24.4,
,347,LGA 2011-v3,1,403750,8,4400,4,6,6,ATX,[MSI] X99S SLI Krait Edition,MSI,X99,,30.5,24.4,
,348,LGA 2011-v3,1,287100,8,4400,4,10,6,ATX,[MSI] X99A SLI PLUS,MSI,X99,,30.5,24.4,
,349,LGA 2011-v3,1,309000,4,4400,4,6,6,ATX,[GIGABYTE] GA-X99-UD3P,GIGABYTE,X99,,30.5,24.4,
,350,LGA 2011-v3,1,399000,4,4400,4,6,6,m-ATX,[GIGABYTE] GA-X99-Gaming5 게이밍 에디션,GIGABYTE,X99,,24.4,24.4,
,351,LGA 2011-v3,1,736000,8,3600,4,10,6,ATX,[ASUS] RAMPAGE V EDITION 10 ,ASUS,X99,,30.5,27.2,
,352,PGA FM2+,1,68610,2,3600,3,8,5,m-ATX,[AsRock] FM2A88M-HD+R3.0,AsRock,A88X,,18.8,21.8,
,353,PGA FM2+,0,74000,4,3600,3,8,5,m-ATX,[AsRock] FM2A88M PRO3+,AsRock,A88X,,20.5,22.2,
,354,PGA FM2+,0,89000,4,3600,3,6,5,m-ATX,[ASUS] A88XM-A,ASUS,A88X,,23.6,20.8,
,355,PGA FM2+,0,130000,4,3600,3,6,5,ATX,[ASUS] A88X-PLUS,ASUS,A88X,,30.5,22.6,
,356,PGA FM2+,0,88000,2,3600,3,8,5,m-ATX,[GIGABYTE] GA-F2A88XM-HD3P,GIGABYTE,A88X,,24.4,18.4,
,357,PGA FM2+,0,131970,2,3600,3,4,5,m-ITX,[GIGABYTE] GA-F2A88XN-WIFI,GIGABYTE,A88X,,17,17,
,358,PGA FM2+,0,96500,4,3600,3,8,5,ATX,[GIGABYTE] GA-F2A88X-D3HP,GIGABYTE,A88X,,30.5,23.5,
,359,LGA TR4,1,476700,8,3600,4,8,8,ATX,[AsRock] X399 Taichi,AsRock,X399,O,30.5,24.4,
,360,LGA TR4,1,594500,8,3600,4,8,8,ATX,[AsRock] FATAL1TY X399 Professional Gaming,AsRock,X399,O,30.5,24.4,
,361,LGA TR4,1,425040,8,3600,4,6,8,E-ATX,[ASUS] PRIME X399-A,ASUS,X399,,30.5,26.9,
,362,LGA TR4,1,442520,8,3600,4,6,8,E-ATX,[ASUS] ROG STRIX X399-E GAMING,ASUS,X399,O,30.5,26.9,
,363,LGA TR4,1,587000,8,3600,4,8,8,ATX,[GIGABYTE] X399 DESIGNARE EX,GIGABYTE,X399,O,30.5,24.4,
,364,LGA TR4,1,482800,8,3600,4,8,8,ATX,[GIGABYTE] X399 AORUS Gaming 7,GIGABYTE,X399,O,30.5,24.4,
,365,LGA TR4,1,438000,8,3600,4,8,8,ATX,[MSI] X399 SLI PLUS,MSI,X399,,30.5,24.4,
,366,LGA TR4,1,466000,8,3600,4,8,8,ATX,[MSI] X399 게이밍 프로 카본 AC,MSI,X399,,30.4,24.3,
,367,PGA AM4,1,117800,4,3200,4,6,5,ATX,[ASRock] AB350 GAMING K4,ASRock,B350,,30.5,22.4,
,368,PGA AM4,1,104100,4,3200,4,6,5,ATX,[ASRock] AB350 PRO4,ASRock,B350,,30.5,22.4,
,369,PGA AM4,1,80480,2,3200,4,4,5,m-ATX,[ASRock] AB350M,ASRock,B350,,23.1,20.6,
,370,PGA AM4,1,86900,4,3200,4,4,5,m-ATX,[ASRock] AB350M PRO4,ASRock,B350,,24.4,24.4,
,371,PGA AM4,1,77400,2,3200,4,4,5,m-ATX,[ASRock] AB350M-HDV,ASRock,B350,,23.1,20.6,
,372,PGA AM4,1,176500,2,3466,4,4,5,m-ITX,[ASRock] FATAL1TY AB350 GAMING ITX/ac,ASRock,B350,,17,17,
,373,PGA AM4,1,89800,4,3200,4,6,6,m-ATX,[ASUS] PRIME B350M-A,ASUS,B350,,24.4,24,
,374,PGA AM4,1,80220,2,3200,4,4,6,m-ATX,[ASUS] PRIME B350M-K,ASUS,B350,,22.6,22.1,
,375,PGA AM4,1,127700,4,3200,4,6,6,ATX,[ASUS] PRIME B350-PLUS,ASUS,B350,,30.5,23.7,
,376,PGA AM4,1,159150,4,3200,4,6,6,ATX,[ASUS] ROG STRIX B350-F GAMING,ASUS,B350,,30.5,24.4,
,377,PGA AM4,1,218030,2,3600,4,4,6,m-ITX,[ASUS] ROG STRIX B350-I GAMING,ASUS,B350,O,17,17,
,378,PGA AM4,1,120510,4,3200,4,4,6,m-ATX,[ASUS] TUF B350M-PLUS GAMING,ASUS,B350,,24.4,24.4,
,379,PGA AM4,1,92900,4,3200,4,4,4,m-ATX,[BIOSTAR] RACING B350 GT3,BIOSTAR,B350,,24.4,22.5,
,380,PGA AM4,1,106000,4,3200,4,4,4,ATX,[BIOSTAR] RACING B350 GT5,BIOSTAR,B350,,30.5,22.5,
,381,PGA AM4,1,109000,4,3200,4,4,4,ATX,[BIOSTAR] RACING B350 GT5 VIVID LED,BIOSTAR,B350,,30.5,22.5,
,382,PGA AM4,1,119900,2,3200,4,4,4,m-ITX,[BIOSTAR] RACING B350 GTN,BIOSTAR,B350,,17,17,
,383,PGA AM4,1,110000,4,3200,4,6,6,m-ATX,[GIGABYTE] GA-AB350M-D3H 듀러블에디션,GIGABYTE,B350,,24.4,24.4,
,384,PGA AM4,1,87400,4,3200,4,6,6,m-ATX,[GIGABYTE] GA-AB350M-GAMING 3 게이밍에디션,GIGABYTE,B350,,24.4,24.4,
,385,PGA AM4,1,91000,2,3200,4,6,6,m-ATX,[GIGABYTE] GA-AB350M-HD3 듀러블에디션,GIGABYTE,B350,,24.4,21.5,
,386,PGA AM4,1,111000,4,3200,4,4,6,ATX,[MSI] B350 토마호크,MSI,B350,,30.5,24.3,
,387,PGA AM4,1,130260,4,3200,4,4,6,ATX,[MSI] B350 토마호크 아틱,MSI,B350,,30.5,24.3,
,388,PGA AM4,1,78000,2,3200,4,6,6,m-ATX,[MSI] B350M PRO-VD PLUS,MSI,B350,,24.3,24.3,
,389,PGA AM4,1,86000,4,3200,4,4,6,m-ATX,[MSI] B350M PRO-VDH,MSI,B350,,24.4,21,
,390,PGA AM4,1,92400,2,3200,4,4,6,m-ATX,[MSI] B350M 게이밍 프로,MSI,B350,,24.4,21,
,391,PGA AM4,1,100000,4,3200,4,4,6,m-ATX,[MSI] B350M 바주카,MSI,B350,,24.3,24.3,
,392,PGA AM4,1,91900,4,3200,4,4,6,m-ATX,[MSI] B350M 박격포,MSI,B350,,24.3,24.3,
,393,PGA AM4,1,220400,2,3466,4,4,6,m-ITX,[ASRock] FATAL1TY X370 GAMING ITX/ac,ASRock,X370,O,17,17,
,394,PGA AM4,1,189000,4,2933,4,6,8,ATX,[ASRock] FATAL1TY X370 GAMING K4,ASRock,X370,,30.5,24.4,
,395,PGA AM4,1,159800,4,3200,4,6,8,ATX,[ASRock] FATAL1TY X370 GAMING X,ASRock,X370,,30.5,24.4,
,396,PGA AM4,1,384740,4,4000,4,10,8,ATX,[ASRock] FATAL1TY X370 PROFESSIONAL GAMING,ASRock,X370,,30.5,24.4,
,397,PGA AM4,1,248100,4,4000,4,10,8,ATX,[ASRock] X370 Taichi,ASRock,X370,,30.5,24.4,
,398,PGA AM4,1,165000,4,3200,4,8,10,ATX,[ASUS] PRIME X370-PRO,ASUS,X370,,30.5,24.4,
,399,PGA AM4,1,415830,4,4000,4,8,10,E-ATX,[ASUS] ROG CROSSHAIR VI EXTREME,ASUS,X370,,30.5,26.9,
,400,PGA AM4,1,297300,4,4000,4,8,10,ATX,[ASUS] ROG CROSSHAIR VI HERO,ASUS,X370,,30.5,24.4,
,401,PGA AM4,1,223800,4,3200,4,8,10,ATX,[ASUS] ROG STRIX X370-F GAMING,ASUS,X370,,30.5,24.4,
,402,PGA AM4,1,130000,4,4000,4,6,4,ATX,[BIOSTAR] RACING X370 GT5,BIOSTAR,X370,,30.5,22.5,
,403,PGA AM4,1,198000,4,4000,4,6,4,ATX,[BIOSTAR] RACING X370 GT7,BIOSTAR,X370,,30.5,22.5,
,404,PGA AM4,1,134000,4,3200,4,6,6,ATX,[GIGABYTE] GA-AX370-Gaming 3 게이밍에디션,GIGABYTE,X370,,30.5,23,
,405,PGA AM4,1,244000,4,4000,4,8,6,ATX,[GIGABYTE] GA-AX370-GAMING 5 어로스,GIGABYTE,X370,,30.5,24.4,
,406,PGA AM4,1,153000,4,4000,4,8,6,ATX,[GIGABYTE] GA-AX370-GAMING K3 게이밍에디션,GIGABYTE,X370,,30.5,24.4,
,407,PGA AM4,1,186400,4,4000,4,8,6,ATX,[GIGABYTE] GA-AX370-GAMING K5 어로스,GIGABYTE,X370,,30.5,24.4,
,408,PGA AM4,1,270100,4,4000,4,8,6,ATX,[GIGABYTE] GA-AX370-GAMING K7 어로스,GIGABYTE,X370,,30.5,24.4,
,409,PGA AM4,1,145450,4,4000,4,8,6,ATX,[GIGABYTE] GA-AX370-GAMING 게이밍에디션,GIGABYTE,X370,,30.5,24.4,
,410,PGA AM4,1,117800,4,3200,4,4,6,m-ATX,[GIGABYTE] GA-AX370M-DS3H 듀러블에디션,GIGABYTE,X370,,24.4,21.5,
,411,PGA AM4,1,125500,4,3200,4,6,6,m-ATX,[GIGABYTE] GA-AX370M-Gaming 3 게이밍에디션,GIGABYTE,X370,,24.4,24.4,
,412,PGA AM4,1,367000,4,4000,4,6,8,ATX,[MSI] X370 XPOWER 게이밍 티타늄,MSI,X370,,30.5,24.4,
,413,PGA AM4,1,334000,4,3200,4,6,8,ATX,[MSI] X370 게이밍 M7 ACK,MSI,X370,O,30.4,24.3,
,414,PGA AM4,1,224900,4,4000,4,6,8,ATX,[MSI] X370 게이밍 프로 카본,MSI,X370,,30.5,24.4,
,415,PGA AM4,1,187000,4,4000,4,6,8,ATX,[MSI] X370 크레이트 게이밍,MSI,X370,,30.5,24.4,
,416,PGA AM4,1,189000,4,4000,4,6,8,ATX,[MSI] X370 SLI PLUS,MSI,X370,,30.4,24.3,
,417,PGA AM4,0,66500,2,3200,4,4,3,m-ATX,[ASRock] A320M,ASRock,A320,,23.1,20.6,
,418,PGA AM4,0,86400,4,3200,4,4,3,m-ATX,[ASRock] A320M PRO4,ASRock,A320,,24.4,24.4,
,419,PGA AM4,0,55700,2,3200,4,4,3,m-ATX,[ASRock] A320M-DGS,ASRock,A320,,23.1,20.6,
,420,PGA AM4,0,59500,2,3200,4,4,3,m-ATX,[ASRock] A320M-HDV,ASRock,A320,,23.1,20.6,
,421,PGA AM4,0,98000,4,2666,4,4,4,m-ATX,[ASUS] EX A320M-GAMING,ASUS,A320,,24.4,24.4,
,422,PGA AM4,0,122400,2,2666,4,4,4,m-ATX,[ASUS] PRIME A320M-E,ASUS,A320,,22.6,22.1,
,423,PGA AM4,0,67080,2,3200,4,4,4,m-ATX,[ASUS] PRIME A320M-K,ASUS,A320,,22.6,22.1,
,424,PGA AM4,0,52500,2,3200,4,4,3,m-ATX,[BIOSTAR] A320MH ,BIOSTAR,A320,,22.6,17.4,
,425,PGA AM4,0,54550,2,2667,4,4,3,m-ATX,[BIOSTAR] A320MH PRO,BIOSTAR,A320,,22.6,18.4,
,426,PGA AM4,0,72140,2,3200,4,4,4,ATX,[GIGABYTE] GA-A320-DS3 듀러블에디션,GIGABYTE,A320,,30.5,20.5,
,427,PGA AM4,0,82610,2,3200,4,4,4,m-ATX,[GIGABYTE] GA-A320M-DS2 듀러블에디션,GIGABYTE,A320,,22.6,19.5,
,428,PGA AM4,0,79000,2,3200,4,4,4,m-ATX,[GIGABYTE] GA-A320M-HD2 듀러블에디션,GIGABYTE,A320,,24.4,20.5,
,429,PGA AM4,0,62500,2,3200,4,4,4,m-ATX,[GIGABYTE] GA-A320M-S2H 듀러블에디션,GIGABYTE,A320,,24.4,19.5,
,430,PGA AM4,0,62100,2,3200,4,4,3,m-ATX,[MSI] A320M PRO-VD PLUS,MSI,A320,,24.4,20.6,
,431,PGA AM4,0,53940,2,2667,4,4,3,m-ATX,[MSI] A320M PRO-VD/S,MSI,A320,,23.6,18.7,
,432,PGA AM4,0,91500,2,3200,4,4,3,m-ATX,[MSI] A320M-G,MSI,A320,,24.4,21,
,433,PGA AM4,1,280800,4,3466,4,8,6,ATX,[ASRock] X470 Taichi,ASRock,X470,O,30.5,24.4,
,434,PGA AM4,1,225000,4,3466,4,6,6,ATX,[ASRock] FATAL1TY X470 GAMING K4,ASRock,X470,,30.5,24.4,
,435,PGA AM4,1,246900,2,3466,4,4,6,M-ITX,[ASRock] FATAL1TY X470 GAMING-ITX/ac,ASRock,X470,,17,17,
,436,PGA AM4,1,203320,4,3466,4,6,10,ATX,[ASUS] PRIME X470-PRO,ASUS,X470,,30.5,24.4,
,437,PGA AM4,1,345000,4,3466,4,6,10,ATX,[ASUS] ROG CROSSHAIR VII HERO ,ASUS,X470,,30.5,24.4,
,438,PGA AM4,1,380880,4,3466,4,6,10,ATX,[ASUS] ROG CROSSHAIR VII HERO (Wi-Fi),ASUS,X470,O,30.5,24.4,
,439,PGA AM4,1,264040,4,3466,4,6,10,ATX,[ASUS] ROG STRIX X470-F GAMING,ASUS,X470,,30.5,24.4,
,440,PGA AM4,1,282000,2,3600,4,4,10,M-ITX,[ASUS] ROG STRIX X470-I GAMING,ASUS,X470,O,17,17,
,441,PGA AM4,1,183900,4,3200,4,6,10,ATX,[ASUS] TUF X470-PLUS GAMING,ASUS,X470,,30.5,24.4,
,442,PGA AM4,1,187000,4,3200,4,6,10,ATX,[GIGABYTE] X470 AORUS Ultra Gaming,GIGABYTE,X470,,30.5,24.4,
,443,PGA AM4,1,235300,4,3200,4,6,10,ATX,[GIGABYTE] X470 AORUS Gaming 5 WiFi,GIGABYTE,X470,O,30.5,24.4,
,444,PGA AM4,1,312900,4,3600,4,6,10,ATX,[GIGABYTE] X470 AORUS Gaming 7 WiFi,GIGABYTE,X470,O,30.5,24.4,
,445,PGA AM4,1,166900,4,3466,4,6,10,ATX,[MSI] X470 게이밍 플러스,MSI,X470,,30.5,24.4,
,446,PGA AM4,1,223000,4,3466,4,8,10,ATX,[MSI] X470 게이밍 프로 카본,MSI,X470,,30.5,24.4,
,447,PGA AM4,1,304000,4,3600,4,6,10,ATX,[MSI] X470 게이밍 M7 AC,MSI,X470,O,30.5,24.4,
,448,PGA AM4,1,174000,4,3466,4,6,10,ATX,[MSI] X470 게이밍 프로 ,MSI,X470,,30.5,24.4,
,449,PGA AM3+,0,80000,4,3466,3,6,4,m-ATX,[AsRock] 970 PRO3 R2.0,AsRock,970,,24.3,22.8,
,450,PGA AM3+,0,120000,4,3466,3,6,4,ATX,[AsRock] 970A-G /3.1,AsRock,970,,30.5,24.5,
,451,PGA AM3+,0,88000,4,3466,3,6,4,ATX,[ASUS] M5A97 LE R2.0,ASUS,970,,30.3,22.8,
,452,PGA AM3+,0,99800,4,3466,3,6,4,ATX,[ASUS] M5A97 R2.0,ASUS,970,,30.5,22.9,
,453,PGA AM3+,0,145000,4,3466,3,6,4,ATX,[ASUS] M5A97 EVO R2.0,ASUS,970,,30.5,24.4,
,454,PGA AM3+,0,78900,4,3466,3,6,4,ATX,[GIGABYTE] GA-970A DS3P 듀러블에디션,GIGABYTE,970,,30.5,24.4,
,455,PGA AM3+,0,204000,4,3466,3,6,4,ATX,[GIGABYTE] GA-990FXA-UD3,GIGABYTE,990FX,,30.5,24.4,
,456,PGA AM3+,0,203000,4,3466,3,6,4,ATX,[ASUS] M5A99FX PRO 2.0,ASUS,990FX,,30.5,24.4,
,0,소켓,오버클럭가능여부,단가,메모리 슬롯,램 클럭 지원,DDR버전,"SATA
3",페이즈 수,폼팩터,메인보드 품목,제조사,세부 칩셋,WiFi,길이,폭,
,,,,,,,,,,,,,,,,,
