,,,제품,단가,제조사,모델,코어클럭,부스트,팬 개수,메모리클럭,길이,8핀,6핀,TDP,정격파워 권장,D-Sub,DVI,m-HDMI,HDMI,m-DP,DP
2,EXISTS,,추가하지 않음,,,,,,,,,,,,,,,,,,
3,EXISTS,, ,,,,,,,,,,,,,,,,,,
4,0,,== NVIDIA ==,,,,,,,,,,,,,,,,,,
5,0,, ,,,,,,,,,,,,,,,,,,
6,,,-- GTX Titan Xp --,,,,,,,,,,,,,,,,,,
7,,, ,,,,,,,,,,,,,,,,,,
8,GTX Titan Xp,,[NVIDIA] 지포스 GTX Titan Xp D5X 12GB,\1650000,NVIDIA,GTX Titan Xp,1405 MHz,1582 MHz,1,11400 MHz,267mm,1,1,250W,600W,,0,,1,,3
9,,, ,,,,,,,,,,,,,,,,,,
10,,,-- GTX 1080 Ti --,,,,,,,,,,,,,,,,,,
11,,, ,,,,,,,,,,,,,,,,,,
12,GTX 1080 Ti,,[ASUS] ROG POSEIDON 지포스 GTX1080 Ti P11G D5X 11GB,\1652820,ASUS,GTX 1080 Ti,1594 MHz,1708 MHz,2,11010 MHz,298mm,2,,,,,1,,2,,2
13,GTX 1080 Ti,,[ASUS] ROG STRIX 지포스 GTX1080 Ti GAMING D5X 11GB,\1151300,ASUS,GTX 1080 Ti,1518 MHz,1632 MHz,3,10010 MHz,298mm,2,,,,,1,,2,,2
14,GTX 1080 Ti,,[ASUS] ROG STRIX 지포스 GTX1080 Ti O11G GAMING D5X 11GB,\1169200,ASUS,GTX 1080 Ti,1594 MHz,1708 MHz,3,11100 MHz,298mm,2,,,,,1,,2,,2
15,GTX 1080 Ti,,[Colorful] iGame 지포스 GTX1080 Ti VULCAN AD D5X 11GB,\980000,Colorful,GTX 1080 Ti,1569 MHz,1683 MHz,3,11000 MHz,315mm,2,,250W,,,1,,1,,3
16,GTX 1080 Ti,,[EVGA] 지포스 GTX1080 Ti FTW3 GAMING D5X 11GB,\1169000,EVGA,GTX 1080 Ti,1569 MHz,1683 MHz,3,11000 MHz,299.72mm,2,,280W,600W,,,,1,,3
17,GTX 1080 Ti,,[EVGA] 지포스 GTX1080 Ti SC Black Edition GAMING D5X 11GB,\1139000,EVGA,GTX 1080 Ti,1556 MHz,1670 MHz,2,11016 MHz,269.2mm,1,1,250W,600W,,1,,1,,3
18,GTX 1080 Ti,,[GAINWARD] 지포스 GTX1080 Ti 피닉스 D5X 11GB,\1019000,GAINWARD,GTX 1080 Ti,1480 MHz,1582 MHz,2,11000 MHz,285mm,2,,,,,1,,1,,3
19,GTX 1080 Ti,,[GAINWARD] 지포스 GTX1080 Ti 피닉스 GS D5X 11GB,\997000,GAINWAD,GTX 1080 Ti,1556 MHz,1670 MHz,2,11000 MHz,285mm,,,250W,600W,,,,,,
20,GTX 1080 Ti,,[GIGABYTE] 지포스 GTX1080 Ti AORUS D5X 11GB,\1175200,GIGABYTE,GTX 1080 Ti,1569 MHz,1683 MHz,3,11010 MHz,293mm,2,,,600W,,1,,3,,3
21,GTX 1080 Ti,,[GIGABYTE] 지포스 GTX1080 Ti AORUS Xtreme D5X 11GB,\1232500,GIGABYTE,GTX 1080 Ti,1607 MHz,1721 MHz,3,11232 MHz,293mm,2,,,600W,,1,,3,,3
22,GTX 1080 Ti,,[GIGABYTE] 지포스 GTX1080 Ti AORUS Xtreme D5X 11GB 워터블럭,\1201000,GIGABYTE,GTX 1080 Ti,1607 MHz,1721 MHz,,11232 MHz,267mm,2,,,600W,,1,,3,,3
23,GTX 1080 Ti,,[GIGABYTE] 지포스 GTX1080 Ti AORUS Xtreme D5X 11GB 워터포스,\1479000,GIGABYTE,GTX 1080 Ti,1607 MHz,1721 MHz,1,11232 MHz,267mm,2,,,600W,,1,,3,,3
24,GTX 1080 Ti,,[GIGABYTE] 지포스 GTX1080 Ti Founders Edition D5X 11GB,\-,GIGABYTE,GTX 1080 Ti,1480 MHz,1582 MHz,1,11000 MHz,266.7mm,1,1,250W,600W,,,,1,,3
25,GTX 1080 Ti,,[GIGABYTE] 지포스 GTX1080 Ti Gaming D5X 11GB,\1115400,GIGABYTE,GTX 1080 Ti,1518 MHz,1632 MHz,3,11010 MHz,280mm,1,1,,600W,,1,,1,,3
26,GTX 1080 Ti,,[inno3D] iChiLL 지포스 GTX1080 Ti D5X 11GB X3,\975400,inno3D,GTX 1080 Ti,1569 MHz,1683 MHz,3,11400 MHz,302.2mm,1,1,280W,600W,,1,,1,,3
27,GTX 1080 Ti,,[inno3D] iChiLL 지포스 GTX1080 Ti D5X 11GB X4,\982300,inno3D,GTX 1080 Ti,1569 MHz,1683 MHz,4,11400 MHz,302.2mm,1,1,280W,600W,,1,,1,,3
28,GTX 1080 Ti,,[inno3D] 지포스 GTX1080 Ti D5X 11GB X2 트윈쿨러,\948900,inno3D,GTX 1080 Ti,1480 MHz,1582 MHz,2,11000 MHz,266mm,1,1,250W,600W,,1,,1,,3
29,GTX 1080 Ti,,[MANLI] 지포스 GTX1080 Ti Black Scale D5X 11GB,\940000,MANLI,GTX 1080 Ti,1480 MHz,1582 MHz,1,11000 MHz,282mm,1,1,250W,600W,,,,1,,3
30,GTX 1080 Ti,,[MANLI] 지포스 GTX1080 Ti Gallardo D5X 11GB,\938890,MANLI,GTX 1080 Ti,1594 MHz,1657 MHz,3,11000 MHz,314mm,,,250W,600W,,,,,,
31,GTX 1080 Ti,,[MSI] 지포스 GTX1080 Ti 게이밍 X D5X 11GB 트윈프로져6,\1202800,MSI,GTX 1080 Ti,1569 MHz,1683 MHz,2,11124 MHz,290mm,2,,250W,600W,,1,,2,,2
32,GTX 1080 Ti,,[MSI] 지포스 GTX1080 Ti 라이트닝 X D5X 11GB,\-,MSI,GTX 1080 Ti,1569 MHz,1683 MHz,3,11124 MHz,320mm,3,,250W,750W,,1,,2,,2
33,GTX 1080 Ti,,[MSI] 지포스 GTX1080 Ti 라이트닝 Z D5X 11GB,\-,MSI,GTX 1080 Ti,1607 MHz,1721 MHz,3,11124 MHz,320mm,3,,250W,750W,,1,,2,,2
34,GTX 1080 Ti,,[MSI] 지포스 GTX1080 Ti 시호크 X D5X 11GB,\-,MSI,GTX 1080 Ti,1569 MHz,1683 MHz,1,11124 MHz,270mm,1,1,250W,600W,,1,,1,,3
35,GTX 1080 Ti,,[MSI] 지포스 GTX1080 Ti 아머 OC D5X 11GB,\1098300,MSI,GTX 1080 Ti,1531 MHz,1645 MHz,2,11016 MHz,290mm,2,,250W,600W,,1,,2,,2
36,GTX 1080 Ti,,[MSI] 지포스 GTX1080 Ti 에어로 OC D5X 11GB,\-,MSI,GTX 1080 Ti,1506 MHz,1620 MHz,1,11016 MHz,269mm,1,1,250W,600W,,,,1,,3
37,GTX 1080 Ti,,[PALIT] 지포스 GTX1080 Ti GameRock D5X 11GB,\1378990,PALIT,GTX 1080 Ti,1518 MHz,1632 MHz,2,11000 MHz,285mm,2,,300W,600W,,1,,1,,3
38,GTX 1080 Ti,,[PALIT] 지포스 GTX1080 Ti Super JETSTREAM D5X 11GB,\1023800,PALIT,GTX 1080 Ti,1556 MHz,1670 MHz,2,11000 MHz,285mm,2,,300W,600W,,1,,1,,3
39,GTX 1080 Ti,,[ZOTAC] AMP EXTREME CORE 지포스 GTX1080 Ti D5X 11GB,\1107000,ZOTAC,GTX 1080 Ti,1607 MHz,1721 MHz,3,11200 MHz,325mm,2,,320W,600W,,1,,1,,3
40,GTX 1080 Ti,,[ZOTAC] AMP EXTREME 지포스 GTX1080 Ti D5X 11GB,\-,ZOTAC,GTX 1080 Ti,1645 MHz,1759 MHz,3,11200 MHz,325mm,2,,320W,600W,,1,,1,,3
41,GTX 1080 Ti,,[ZOTAC] AMP 지포스 GTX1080 Ti D5X 11GB,\930000,ZOTAC,GTX 1080 Ti,1569 MHz,1683 MHz,2,11010 MHz,300mm,2,,270W,500W,,1,,1,,3
42,GTX 1080 Ti,,[ZOTAC] 지포스 GTX1080 Ti D5X 11GB BLOWER,\1113600,ZOTAC,GTX 1080 Ti,1480 MHz,1582 MHz,1,11000 MHz,296mm,1,1,250W,600W,,,,1,,3
43,GTX 1080 Ti,,[갤럭시] GALAX 지포스 GTX1080 Ti EXOC D5X 11GB G天命,\1101000,갤럭시,GTX 1080 Ti,1531 MHz,1645 MHz,2,11010 MHz,281mm,2,,250W,600W,,,,1,,3
44,GTX 1080 Ti,,[갤럭시] GALAX 지포스 GTX1080 Ti EXOC White D5X 11GB G天命,\1104800,갤럭시,GTX 1080 Ti,1531 MHz,1645 MHz,2,11010 MHz,281mm,1,1,250W,600W,,,,1,,3
45,GTX 1080 Ti,,[갤럭시] GALAX 지포스 GTX1080 Ti Hall Of Fame D5X 11GB,\-,갤럭시,GTX 1080 Ti,1569 MHz,1683 MHz,3,11010 MHz,313mm,3,,250W,600W,,1,,1,,3
46,GTX 1080 Ti,,[갤럭시] GALAX 지포스 GTX1080 Ti Hall Of Fame D5X 11GB Water Block,\-,갤럭시,GTX 1080 Ti,1569 MHz,1683 MHz,,11010 MHz,303mm,3,,250W,600W,,1,,1,,3
47,GTX 1080 Ti,,[이엠텍] XENON 지포스 GTX1080 Ti JETSTREAM D5X 11GB,\1064000,이엠텍,GTX 1080 Ti,1480 MHz,1582 MHz,2,11000 MHz,285mm,2,,300W,,,1,,1,,3
48,GTX 1080 Ti,,[이엠텍] XENON 지포스 GTX1080 Ti Super JETSTREAM D5X 11GB,\1072700,이엠텍,GTX 1080 Ti,1556 MHz,1670 MHz,2,11000 MHz,285mm,2,,250W,600W,,1,,1,,3
49,GTX 1080 Ti,,[이엠텍] XENON 지포스 GTX1080 Ti Super JETSTREAM D5X 11GB TONE+ EDITION,\-,이엠텍,GTX 1080 Ti,1556 MHz,1670 MHz,2,11000 MHz,285mm,2,,250W,600W,,1,,1,,3
50,,, ,,,,,,,,,,,,,,,,,,
51,,,-- GTX 1080 --,,,,,,,,,,,,,,,,,,
52,,, ,,,,,,,,,,,,,,,,,,
53,GTX 1080,,[ASUS] ROG STRIX 지포스 GTX1080 A8G GAMING D5X 8GB,\839000,ASUS,GTX 1080,1670 MHz,1809 MHz,3,10000 MHz,298mm,1,1,180W,500W,,1,,2,,2
54,GTX 1080,,[ASUS] ROG STIRX 지포스 GTX1080 8G GAMING D5X 8GB,\839500,ASUS,GTX 1080,,,,,,2,0,,,,1,,3,,3
55,GTX 1080,,[ASUS] ROG STRIX 지포스 GTX1080 O8G 11G GAMING D5X 8GB,\-,ASUS,GTX 1080,1695 MHz,1835 MHz,3,11010 MHz,298mm,1,1,,,,1,,2,,2
56,GTX 1080,,[Colorful] IGAME 지포스 GTX1080 VULCAN UT D5X 8GB,\661300,Colorful,GTX 1080,1607 MHz,1733 MHz,3,10010 MHz,302mm,2,,180W,,,1,,1,,3
57,GTX 1080,,[Colorful] IGAME 지포스 GTX1080 VULCAN X OC D5X 8GB,\-,Colorful,GTX 1080,1670 MHz,1733 MHz,3,10000 MHz,317mm,2,,180W,,,1,,2,,2
58,GTX 1080,,[Colorful] 지포스 GTX1080 iGame U-TOP D5X 8GB,\1132010,Colorful,GTX 1080,1645 MHz,1784 MHz,3,10010 MHz,302mm,2,,180W,,,1,,1,,3
59,GTX 1080,,[Colorful] 지포스 GTX1080 iGame X-TOP Advanced D5X 8GB,\1369230,Colorful,GTX 1080,1759 MHz,1898 MHz,3+,10008 MHz,315mm,2,,180W,,,1,,1,,3
60,GTX 1080,,[Colorful] 지포스 GTX1080 iGame X-TOP D5X 8GB,\1324170,Colorful,GTX 1080,1708 MHz,1847 MHz,3,10010 MHz,302mm,2,,180W,500W,,1,,1,,3
61,GTX 1080,,[EVGA] 지포스 GTX1080 GAMING D5X 8GB,\-,EVGA,GTX 1080,1607 MHz,1733 MHz,2,11016 MHz,266.7mm,1,,180W,500W,,1,,1,,3
62,GTX 1080,,[EVGA] 지포스 GTX1080 FTW GAMING D5X 8GB,\819000,EVGA,GTX 1080,1721 MHz,1860 MHz,2,10000 MHz,,,,,,,,,,,
63,GTX 1080,,[EVGA] 지포스 GTX1080 FTW2 GAMING OC D5X 8GB,\849000,EVGA,GTX 1080,1721 MHz,1860 MHz,2,11016 MHz,266.7mm,,,180W,500W,,,,,,
64,GTX 1080,,[GAINWARD] 지포스 GTX1080 피닉스 GS D5X 8GB,\702600,GAINWARD,GTX 1080,1708 MHz,1847 MHz,2,10000 MHz,285mm,2,1,250W,500W,,1,,1,,3
65,GTX 1080,,[GeIL] 지포스 GTX1080 D5X 8GB,\-,GeIL,GTX 1080,1607 MHz,1733 MHz,3,10008 MHz,280mm,2,,180W,500W,,1,,1,,3
66,GTX 1080,,[GIGABYTE] 지포스 GTX1080 AORUS D5X 8GB,\-,GIGABYTE,GTX 1080,1708 MHz,1847 MHz,3,10010 MHz,287mm,2,,,500W,,1,,3,,3
67,GTX 1080,,[GIGABYTE] 지포스 GTX1080 AORUS X11 D5X 8GB,\-,GIGABYTE,GTX 1080,1759 MHz,1898 MHz,3,11010 MHz,293mm,2,,,500W,,1,,1,,3
68,GTX 1080,,[GIGABYTE] 지포스 GTX1080 AORUS Xtreme D5X 8GB,\-,GIGABYTE,GTX 1080,1759 MHz,1898 MHz,3,10206 MHz,293mm,2,,,500W,,1,,1,,3
69,GTX 1080,,[GIGABYTE] 지포스 GTX1080 AORUS Gaming Box,\920000,GIGABYTE,GTX 1080,,,,,,,,,,,1,,,,3
70,GTX 1080,,[GIGABYTE] 지포스 GTX1080 Founders Edition D5X 8GB,\-,GIGABYTE,GTX 1080,1607 MHz,1733 MHz,1,10000 MHz,267mm,1,,180W,500W,,1,,1,,3
71,GTX 1080,,[GIGABYTE] 지포스 GTX1080 G1.Gaming D5X 8GB,\771100,GIGABYTE,GTX 1080,1695 MHz,1835 MHz,3,10010 MHz,286mm,1,,,500W,,1,,1,,3
72,GTX 1080,,[GIGABYTE] 지포스 GTX1080 UDV D5X 8GB 윈드포스,\758800,GIGABYTE,GTX 1080,1632 MHz,1771 MHz,3,10010 MHz,280mm,1,,,500W,,1,,1,,3
73,GTX 1080,,[GIGABYTE] 지포스 GTX1080 Xtreme D5X 8GB,\-,GIGABYTE,GTX 1080,1759 MHz,1898 MHz,3,10211 MHz,295mm,2,,,500W,,1,,1,,3
74,GTX 1080,,[GIGABYTE] 지포스 GTX1080 Xtreme D5X 8GB 워터블럭,\1239970,GIGABYTE,GTX 1080,1759 MHz,1898 MHz,,10206 MHz,266mm,2,,,500W,,1,,1,,3
75,GTX 1080,,[GIGABYTE] 지포스 GTX1080 Xtreme D5X 8GB 워터포스,\-,GIGABYTE,GTX 1080,1759 MHz,1898 MHz,,10206 MHz,264mm,2,,,500W,,1,,3,,3
76,GTX 1080,,[GIGABYTE] 지포스 GTX1080 Xtreme D5X 8GB 프리미엄팩,\-,GIGABYTE,GTX 1080,1759 MHz,1898 MHz,3,10211 MHz,295mm,2,,,500W,,1,,1,,3
77,GTX 1080,,[inno3D] iChiLL 지포스 GTX1080 D5X 8GB X3,\-,inno3D,GTX 1080,1733 MHz,1873 MHz,3,10400 MHz,302.2mm,1,1,230W,550W,,1,,1,,3
78,GTX 1080,,[inno3D] 지포스 GTX1080 D5X 8GB X2 트윈쿨러,\668990,inno3D,GTX 1080,1607 MHz,1733 MHz,2,10000 MHz,266mm,1,,180W,500W,,1,,1,,3
79,GTX 1080,,[inno3D] 지포스 GTX1080 GAMING OC D5X 8GB,\-,inno3D,GTX 1080,1708 MHz,1847 MHz,2,10000 MHz,275mm,1,,180W,500W,,1,,1,,3
80,GTX 1080,,[MANLI] 지포스 GTX1080 Black Scale D5X 8GB,\1131020,MANLI,GTX 1080,1607 MHz,1733 MHz,1,10010 MHz,281mm,1,,180W,500W,,1,,1,,3
81,GTX 1080,,[MANLI] 지포스 GTX1080 Gallardo OC D5X 8GB,\713360,MANLI,GTX 1080,1670 MHz,1809 MHz,3,10010 MHz,307mm,1,,180W,,,1,,1,,3
82,GTX 1080,,[MANLI] 지포스 GTX1080 Twin Edition D5X 8GB,\-,MANLI,GTX 1080,1607 MHz,1733 MHz,2,10010 MHz,276mm,1,,180W,,,1,,1,,3
83,GTX 1080,,[MSI] 지포스 GTX1080 게이밍 X D5X 8GB 트윈프로져6,\771000,MSI,GTX 1080,1708 MHz,1847 MHz,2,10108 MHz,279mm,1,1,180W,500W,,1,,1,,3
84,GTX 1080,,[MSI] 지포스 GTX1080 시호크 X D5X 8GB,\-,MSI,GTX 1080,1708 MHz,1847 MHz,1,10108 MHz,270mm,1,,180W,500W,,1,,1,,3
85,GTX 1080,,[MSI] 지포스 GTX1080 아머 OC D5X 8GB,\725400,MSI,GTX 1080,1657 MHz,1797 MHz,2,10010 MHz,279mm,1,1,180W,500W,,1,,1,,3
86,GTX 1080,,[PALIT] 지포스 GTX1080 DUAL OC D5X 8GB,\699800,PALIT,GTX 1080,1620 MHz,1759 MHz,2,10000 MHz,252mm,,,180W,500W,,,,,,
87,GTX 1080,,[PALIT] 지포스 GTX1080 JETSTREAM D5X 8GB,\756800,PALIT,GTX 1080,1607 MHz,1733 MHz,2,10000 MHz,285mm,1,1,180W,500W,,1,,1,,3
88,GTX 1080,,[PALIT] 지포스 GTX1080 Super JETSTREAM D5X 8GB,\793000,PALIT,GTX 1080,1708 MHz,1847 MHz,2,10000 MHz,285mm,1,1,200W,500W,,1,,1,,3
89,GTX 1080,,[STCOM] ALPHA 지포스 GTX1080 D5X 8GB,\-,STCOM,GTX 1080,1607 MHz,1733 MHz,3,10008 MHz,280mm,2,,180W,,,1,,1,,3
90,GTX 1080,,[ZOTAC] AMP EXTREME 지포스 GTX1080 D5X 8GB,\-,ZOTAC,GTX 1080,1771 MHz,1911 MHz,3,10800 MHz,325mm,2,,270W,500W,,1,,1,,3
91,GTX 1080,,[ZOTAC] AMP 지포스 GTX1080 AIR D5X 8GB,\690400,ZOTAC,GTX 1080,1620 MHz,1759 MHz,2,10000 MHz,211mm,1,,180W,500W,,1,,1,,3
92,GTX 1080,,[ZOTAC] AMP 지포스 GTX1080 D5X 8GB,\-,ZOTAC,GTX 1080,1683 MHz,1822 MHz,2,10000 MHz,300mm,2,,230W,500W,,1,,1,,3
93,GTX 1080,,[ZOTAC] 지포스 GTX1080 ARCTICSTORM 워터블럭 D5X 8GB,\-,ZOTAC,GTX 1080,1632 MHz,1771 MHz,,10000 MHz,300mm,1,,180W,500W,,1,,1,,3
94,GTX 1080,,[갤럭시] GALAX 지포스 GTX1080 D5X 8GB,\-,갤럭시,GTX 1080,1607 MHz,1733 MHz,1,10000 MHz,267mm,1,,180W,500W,,1,,1,,3
95,GTX 1080,,[갤럭시] GALAX 지포스 GTX1080 EXOC D5X 8GB ,\733000,갤럭시,GTX 1080,1657 MHz,1797 MHz,2,10010 MHz,282mm,,,180W,500W,,,,,,
96,GTX 1080,,[갤럭시] GALAX 지포스 GTX1080 EXOC D5X 8GB G美,\726800,갤럭시,GTX 1080,1657 MHz,1797 MHz,2,10010 MHz,282mm,1,1,180W,500W,,1,,1,,3
97,GTX 1080,,[갤럭시] GALAX 지포스 GTX1080 EXOC D5X 8GB G天命,\910260,갤럭시,GTX 1080,1657 MHz,1797 MHz,2,11010 MHz,296mm,1,1,180W,500W,,1,,1,,3
98,GTX 1080,,[갤럭시] GALAX 지포스 GTX1080 Hall Of Fame D5X 8GB,\1139720,갤럭시,GTX 1080,1733 MHz,1873 MHz,3,10010 MHz,317mm,2,,180W,500W,,1,,1,,3
99,GTX 1080,,[갤럭시] GALAX 지포스 GTX1080 개간지 EXOC D5X 8GB,\-,갤럭시,GTX 1080,1657 MHz,1797 MHz,2,10010 MHz,282mm,1,1,180W,500W,,1,,1,,3
100,GTX 1080,,[갤럭시] GALAX 지포스 GTX1080 개간지 EXOC D5X 8GB Black Edition,\830000,갤럭시,GTX 1080,1657 MHz,1797 MHz,2,10010 MHz,296mm,1,1,180W,500W,,1,,1,,3
101,GTX 1080,,[이엠텍] HV 지포스 GTX1080 GAMER Edition D5X 8GB,\781800,이엠텍,GTX 1080,1657 MHz,1797 MHz,2,10000 MHz,270mm,1,1,180W,500W,,1,,1,,3
102,GTX 1080,,[이엠텍] XENON 지포스 GTX1080 JETSTREAM D5X 8GB,\757000,이엠텍,GTX 1080,1607 MHz,1733 MHz,2,10000 MHz,285mm,1,1,180W,500W,,1,,1,,3
103,GTX 1080,,[이엠텍] XENON 지포스 GTX1080 Super JETSTREAM D5X 8GB,\776300,이엠텍,GTX 1080,1708 MHz,1847 MHz,2,10000 MHz,285mm,1,1,180W,500W,,1,,1,,3
104,,, ,,,,,,,,,,,,,,,,,,
105,,,-- GTX 1070 Ti --,,,,,,,,,,,,,,,,,,
106,,, ,,,,,,,,,,,,,,,,,,
107,GTX 1070 Ti,,[ASUS] CERBERUS 지포스 GTX1070 Ti A8G D5 8GB,\720000,ASUS,GTX 1070 Ti,1670 MHz,1746 MHz,2,8008 MHz,270mm,1,,180W,500W,,1,,2,,2
108,GTX 1070 Ti,,[ASUS] ROG STRIX 지포스 GTX1070 Ti A8G GAMING D5 8GB,\649600,ASUS,GTX 1070 Ti,1607 MHz,1683 MHz,3,8008 MHz,298mm,1,,180W,500W,,1,,1,,3
109,GTX 1070 Ti,,[Colorful] 지포스 GTX1070 Ti 블루호크 D5 8GB,\578800,Colorful,GTX 1070 Ti,,,,,,,2,120W,,,1,,2,,2
110,GTX 1070 Ti,,[Colorful] IGAME 지포스 GTX1070 Ti VULCAN U-TOP D5 8GB,\698990,Colorful,GTX 1070 Ti,1607 MHz,1683 MHz,3,8000 MHz,305mm,2,,180W,,,1,,2,,2
111,GTX 1070 Ti,,[Colorful] IGAME 지포스 GTX1070 Ti VULCAN X D5 8GB,\642090,Colorful,GTX 1070 Ti,1607 MHz,1683 MHz,3,8008 MHz,315mm,2,,180W,,,1,,2,,2
112,GTX 1070 Ti,,[EVGA] 지포스 GTX1070 Ti FTW2 GAMING D5 8GB,\759000,EVGA,GTX 1070 Ti,1607 MHz,1683 MHz,2,8008 MHz,266.7mm,2,,235W,500W,,1,,1,,3
113,GTX 1070 Ti,,[EVGA] 지포스 GTX1070 Ti SC GAMING D5 8GB,\659000,EVGA,GTX 1070 Ti,1607 MHz,1683 MHz,2,8008 MHz,266.7mm,1,,217W,500W,,1,,1,,3
114,GTX 1070 Ti,,[GAINWARD] 지포스 GTX1070 Ti 게이머 스피릿 D5 8GB Dual,\596600,GAINWARD,GTX 1070 Ti,1607 MHz,1683 MHz,2,8008 MHz,252mm,1,,180W,500W,,1,,1,,3
115,GTX 1070 Ti,,[GeIL] 지포스 GTX1070 Ti D5 8GB,\610900,GeIL,GTX 1070 Ti,1607 MHz,1683 MHz,3,8000 MHz,280mm,,1,180W,500W,,1,,1,,3
116,GTX 1070 Ti,,[GIGABYTE] 지포스 GTX1070 Ti AORUS D5 8GB,\681200,GIGABYTE,GTX 1070 Ti,1607 MHz,1683 MHz,3,8008 MHz,280mm,1,,,500W,,1,,1,,3
117,GTX 1070 Ti,,[GIGABYTE] 지포스 GTX1070 Ti Gaming D5 8GB,\654300,GIGABYTE,GTX 1070 Ti,1607 MHz,1683 MHz,3,8008 MHz,280mm,1,,,500W,,1,,1,,3
118,GTX 1070 Ti,,[GIGABYTE] 지포스 GTX1070 Ti UDV D5 8GB 윈드포스,\631400,GIGABYTE,GTX 1070 Ti,1607 MHz,1683 MHz,2,8008 MHz,280mm,1,,,500W,,1,,1,,3
119,GTX 1070 Ti,,[inno3D] iChiLL GTX1070 Ti D5 8GB X3,\-,inno3D,GTX 1070 Ti,1607 MHz,1683 MHz,3,8000 MHz,302.2mm,1,,180W,500W,,1,,1,,3
120,GTX 1070 Ti,,[inno3D] iChiLL GTX1070 Ti D5 8GB X4,\-,inno3D,GTX 1070 Ti,1607 MHz,1683 MHz,4,8000 MHz,302.2mm,1,,180W,500W,,1,,1,,3
121,GTX 1070 Ti,,[inno3D] 지포스 GTX1070 Ti D5 8GB X2,\588900,inno3D,GTX 1070 Ti,1607 MHz,1683 MHz,2,8000 MHz,266mm,1,,180W,500W,,1,,1,,3
122,GTX 1070 Ti,,[MANLI] 지포스 GTX1070 Ti Black Scale D5 8GB,\787990,MANLI,GTX 1070 Ti,1607 MHz,1683 MHz,1,8008 MHz,281mm,1,,180W,500W,,1,,1,,3
123,GTX 1070 Ti,,[MANLI] 지포스 GTX1070 Ti Gallardo D5 8GB,\585600,MANLI,GTX 1070 Ti,1607 MHz,1683 MHz,3,8008 MHz,308mm,1,,180W,500W,,1,,1,,3
124,GTX 1070 Ti,,[MSI] 지포스 GTX1070 Ti 아머 D5 8GB,\582000,MSI,GTX 1070 Ti,1607 MHz,1683 MHz,2,8008 MHz,279mm,1,1,180W,500W,,1,,1,,3
125,GTX 1070 Ti,,[MSI] 지포스 GTX1070 Ti 게이밍 D5 8GB 트윈프로져6,\640000,MSI,GTX 1070 Ti,1607 MHz,1683 MHz,2,8008 MHz,279mm,1,1,180W,500W,,1,,1,,3
126,GTX 1070 Ti,,[MSI] 지포스 GTX1070 Ti 티타늄 D5 8GB 트윈프로져6,\726800,MSI,GTX 1070 Ti,1607 MHz,1683 MHz,2,8008 MHz,279mm,1,1,180W,500W,,1,,1,,3
127,GTX 1070 Ti,,[PALIT] 지포스 GTX1070 Ti DUAL D5 8GB,\600800,PALIT,GTX 1070 Ti,1607 MHz,1683 MHz,2,8000 MHz,252mm,1,,180W,500W,,1,,1,,3
128,GTX 1070 Ti,,[PALIT] 지포스 GTX1070 Ti JETSTREAM D5 8GB,\667400,PALIT,GTX 1070 Ti,1607 MHz,1683 MHz,2,8000 MHz,285mm,1,1,180W,500W,,1,,1,,3
129,GTX 1070 Ti,,[ZOTAC] AMP EXTREME 지포스 GTX1070 Ti D5 8GB,\1049990,ZOTAC,GTX 1070 Ti,1607 MHz,1683 MHz,3,8008 MHz,325mm,2,,180W,500W,,1,,1,,3
130,GTX 1070 Ti,,[ZOTAC] AMP 지포스 GTX1070 Ti AIR D5 8GB,\583100,ZOTAC,GTX 1070 Ti,1607 MHz,1683 MHz,2,8000 MHz,211mm,1,,180W,500W,,1,,1,,3
131,GTX 1070 Ti,,[ZOTAC] AMP 지포스 GTX1070 Ti D5 8GB,\625000,ZOTAC,GTX 1070 Ti,1607 MHz,1683 MHz,2,8008 MHz,300mm,2,,180W,500W,,1,,1,,3
132,GTX 1070 Ti,,[갤럭시] GALAX 지포스 GTX1070 Ti EXOC D5 8GB G天命,\626900,갤럭시,GTX 1070 Ti,1607 MHz,1683 MHz,2,8008 MHz,296mm,1,1,180W,500W,,1,,1,,3
133,GTX 1070 Ti,,[갤럭시] GALAX 지포스 GTX1070 Ti Hall Of Fame D5 8GB,\758000,갤럭시,GTX 1070 Ti,1607 MHz,1683 MHz,3,8008 MHz,330mm,2,,,,,1,,1,,3
134,GTX 1070 Ti,,[갤럭시] GALAX 지포스 GTX1070 Ti 개간지 EXOC D5 8GB,\660300,갤럭시,GTX 1070 Ti,1607 MHz,1683 MHz,2,8008 MHz,296mm,1,1,180W,500W,,1,,1,,3
135, GTX 1070 Ti,,[이엠텍] HV 지포스 GTX1070 Ti BLACK MONSTER D5 8GB,\615500,이엠텍, GTX 1070 Ti,1607 MHz,1683 MHz,2,8008 MHz,250mm,,,180W,500W,,,,,,
136,GTX 1070 Ti,,[이엠텍] HV 지포스 GTX1070 Ti GAMER Edition D5 8GB,\1140000,이엠텍,GTX 1070 Ti,1607 MHz,1683 MHz,2,8000 MHz,270mm,1,1,180W,500W,,1,,1,,3
137,GTX 1070 Ti,,[이엠텍] XENON 지포스 GTX1070 Ti JETSTREAM D5 8GB,\657600,이엠텍,GTX 1070 Ti,1607 MHz,1683 MHz,2,8000 MHz,285mm,1,1,180W,500W,,1,,1,,3
138,GTX 1070 Ti,,[이엠텍] XENON 지포스 GTX1070 Ti STORM X Dual D5 8GB,\618600,이엠텍,GTX 1070 Ti,1607 MHz,1683 MHz,2,8000 MHz,250mm,1,,180W,500W,,1,,1,,3
139,,, ,,,,,,,,,,,,,,,,,,
140,,,-- GTX 1070 --,,,,,,,,,,,,,,,,,,
141,,, ,,,,,,,,,,,,,,,,,,
142,GTX 1070,,[ASUS] DUAL 지포스 GTX1070 O8G D5 8GB,\604400,ASUS,GTX 1070,1582 MHz,1771 MHz,2,8008 MHz,242mm,,1,,,,1,,2,,2
143,GTX 1070,,[ASUS] ROG STRIX 지포스 GTX1070 GAMING D5 8GB,\998000,ASUS,GTX 1070,1506 MHz,1683 MHz,3,8008 MHz,298mm,1,,,,,1,,2,,2
144,GTX 1070,,[ASUS] ROG STRIX 지포스 GTX1070 O8G GAMING D5 8GB,\645650,ASUS,GTX 1070,1632 MHz,1835 MHz,3,8000 MHz,300mm,1,,170W,500W,,1,,2,,2
145,GTX 1070,,[Colorful] 지포스 GTX1070 iCafe D5 8GB,\891000,Colorful,GTX 1070,1506 MHz,1683 MHz,2,8008 MHz,260mm,,2,150W,,,1,,1,,3
146,GTX 1070,,[Colorful] 지포스 GTX1070 iGame U-TOP D5 8GB,\522800,Colorful,GTX 1070,1569 MHz,1759 MHz,3,8008 MHz,302mm,,2,150W,,,1,,1,,3
147,GTX 1070,,[Colorful] 지포스 GTX1070 iGame X-TOP Advanced Limited D5 8GB,\1240550,Colorful,GTX 1070,1657 MHz,1860 MHz,3,8008 MHz,315mm,2,,150W,,,1,,1,,3
148,GTX 1070,,[Colorful] 지포스 GTX1070 iGame X-TOP D5 8GB,\1134210,Colorful,GTX 1070,1607 MHz,1797 MHz,3,8008 MHz,302mm,2,,150W,,,1,,1,,3
149,GTX 1070,,[Colorful] 지포스 GTX1070 N1070-805 D5 8GB 백플레이트,\-,Colorful,GTX 1070,1506 MHz,1683 MHz,2,8008 MHz,280mm,,2,150W,,,1,,1,,3
150,GTX 1070,,[Colorful] 지포스 GTX1070 N805WK D5 8GB,\-,Colorful,GTX 1070,1506 MHz,1683 MHz,2,8008 MHz,280mm,,2,150W,,,3,,1,,1
151,GTX 1070,,[Colorful] 지포스 GTX1070 NP104-200 D5 8GB,\912000,Colorful,GTX 1070,1506 MHz,1683 MHz,2,8008 MHz,280mm,,2,150W,,,1,,1,,3
152,GTX 1070,,[EVGA] 지포스 GTX1070 SC GAMING D5 8GB,\629000,EVGA,GTX 1070,1594 MHz,1784 MHz,2,8008 MHz,266.7mm,1,,170W,500W,,1,,1,,3
153,GTX 1070,,[EVGA] 지포스 GTX1070 FTW2 GAMING OC D5 8GB,\-,EVGA,GTX 1070,1607 MHz,1797 MHz,2,8008 MHz,266.7mm,2,,215W,500W,,1,,1,,3
154,GTX 1070,,[GAINWARD] 지포스 GTX1070 피닉스 GS D5 8GB,\581200,GAINWARD,GTX 1070,1632 MHz,1835 MHz,2,8000 MHz,285mm,1,,150W,500W,,1,,1,,3
155,GTX 1070,,[GeIL] 지포스 GTX1070 D5 8GB,\-,GeIL,GTX 1070,1569 MHz,1759 MHz,3,8008 MHz,280mm,,2,150W,500W,,1,,1,,3
156,GTX 1070,,[GIGABYTE] 지포스 GTX1070 AORUS D5 8GB,\761480,GIGABYTE,GTX 1070,1607 MHz,1797 MHz,3,8008 MHz,287mm,1,1,,500W,,1,,3,,3
157,GTX 1070,,[GIGABYTE] 지포스 GTX1070 AORUS Gaming Box,\718500,GIGABYTE,GTX 1070,1531 MHz,1721 MHz,1,8008 MHz,,1,,193W,500W,,2,,1,,1
158,GTX 1070,,[GIGABYTE] 지포스 GTX1070 Founders Edition D5 8GB,\-,GIGABYTE,GTX 1070,1506 MHz,1683 MHz,1,8000 MHz,267mm,1,,150W,500W,,1,,1,,3
159,GTX 1070,,[GIGABYTE] 지포스 GTX1070 G1.Gaming D5 8GB,\615900,GIGABYTE,GTX 1070,1594 MHz,1784 MHz,3,8008 MHz,286mm,1,,,500W,,1,,1,,3
160,GTX 1070,,[GIGABYTE] 지포스 GTX1070 G1.Rock D5 8GB,\-,GIGABYTE,GTX 1070,1582 MHz,1771 MHz,3,8008 MHz,294mm,1,,,500W,,1,,1,,3
161,GTX 1070,,[GIGABYTE] 지포스 GTX1070 UDV D5 8GB 미니미,\565300,GIGABYTE,GTX 1070,1531 MHz,1721 MHz,1,8008 MHz,170mm,1,,,500W,,2,,1,,1
162,GTX 1070,,[GIGABYTE] 지포스 GTX1070 UDV D5 8GB 윈드포스,\596700,GIGABYTE,GTX 1070,1556 MHz,1746 MHz,2,8008 MHz,295mm,1,,,500W,,1,,1,,3
163,GTX 1070,,[GIGABYTE] 지포스 GTX1070 Xtreme D5 8GB,\-,GIGABYTE,GTX 1070,1670 MHz,1873 MHz,3,8168 MHz,295mm,1,1,,500W,,1,,3,,3
164,GTX 1070,,[inno3D] iChiLL 지포스 GTX1070 D5 8GB X3,\1140000,inno3D,GTX 1070,1620 MHz,1822 MHz,3,8200 MHz,302.2mm,1,,190W,500W,,1,,1,,3
165,GTX 1070,,[inno3D] iChiLL 지포스 GTX1070 D5 8GB X4,\-,inno3D,GTX 1070,1620 MHz,1822 MHz,4,8200 MHz,302.2mm,1,,190W,500W,,1,,1,,3
166,GTX 1070,,[inno3D] 지포스 GTX1070 D5 8GB X2 트윈쿨러,\514000,inno3D,GTX 1070,1506 MHz,1683 MHz,2,8000 MHz,266mm,1,,150W,500W,,1,,1,,3
167,GTX 1070,,[MANLI] 지포스 GTX1070 Black Scale D5 8GB,\607900,MANLI,GTX 1070,1506 MHz,1683 MHz,1,8008 MHz,281mm,1,,150W,500W,,1,,1,,3
168,GTX 1070,,[MANLI] 지포스 GTX1070 Gallardo OC D5 8GB,\529000,MANLI,GTX 1070,1569 MHz,1759 MHz,3,8008 MHz,305mm,1,,150W,,,1,,1,,3
169,GTX 1070,,[MANLI] 지포스 GTX1070 Twin Edition D5 8GB,\-,MANLI,GTX 1070,1506 MHz,1683 MHz,2,8008 MHz,276mm,1,,150W,,,1,,1,,3
170,GTX 1070,,[MANLI] 지포스 GTX1070 Ultimate Edition OC D5 8GB,\-,MANLI,GTX 1070,1569 MHz,1759 MHz,3,8008 MHz,311mm,1,,150W,,,1,,1,,3
171,GTX 1070,,[MSI] 지포스 GTX1070 Founders Edition D5 8GB,\-,MSI,GTX 1070,1506 MHz,1683 MHz,1,8000 MHz,267mm,1,,150W,500W,,1,,1,,3
172,GTX 1070,,[MSI] 지포스 GTX1070 게이밍 X D5 8GB 트윈프로져6,\647100,MSI,GTX 1070,1607 MHz,1797 MHz,2,8108 MHz,279mm,1,1,150W,500W,,1,,1,,3
173,GTX 1070,,[MSI] 지포스 GTX1070 게이밍 Z D5 8GB 트윈프로져6,\-,MSI,GTX 1070,1657 MHz,1860 MHz,2,8108 MHz,279mm,1,1,150W,500W,,1,,1,,3
174,GTX 1070,,[MSI] 지포스 GTX1070 시호크 X D5 8GB,\-,MSI,GTX 1070,1607 MHz,1797 MHz,1,8108 MHz,270mm,1,,150W,500W,,1,,1,,3
175,GTX 1070,,[MSI] 지포스 GTX1070 아머 OC D5 8GB,\531500,MSI,GTX 1070,1556 MHz,1746 MHz,2,8008 MHz,279mm,1,,150W,500W,,1,,1,,3
176,GTX 1070,,[MSI] 지포스 GTX1070 퀵실버 OC D5 8GB 트윈프로져6,\-,MSI,GTX 1070,1607 MHz,1797 MHz,2,8108 MHz,279mm,1,1,150W,500W,,1,,1,,3
177,GTX 1070,,[PALIT] 지포스 GTX1070 DUAL D5 8GB,\539600,PALIT,GTX 1070,1506 MHz,1683 MHz,2,8000 MHz,252mm,1,,150W,500W,,1,,1,,3
178,GTX 1070,,[PALIT] 지포스 GTX1070 JETSTREAM D5 8GB,\614100,PALIT,GTX 1070,1506 MHz,1683 MHz,2,8000 MHz,285mm,1,,150W,500W,,1,,1,,3
179,GTX 1070,,[PALIT] 지포스 GTX1070 Super JETSTREAM D5 8GB,\613500,PALIT,GTX 1070,1632 MHz,1835 MHz,2,8000 MHz,285mm,1,,170W,500W,,1,,1,,3
180,GTX 1070,,[STCOM] ALPHA 지포스 GTX1070 OC D5 8GB,\600100,STCOM,GTX 1070,1569 MHz,1759 MHz,3,8192 MHz,280mm,,2,120W,400W,,1,,1,,3
181,GTX 1070,,[ZOTAC] AMP EXTREME 지포스 GTX1070 D5 8GB,\900000,ZOTAC,GTX 1070,1632 MHz,1835 MHz,3,8208 MHz,325mm,2,,250W,500W,,1,,1,,3
182,GTX 1070,,[ZOTAC] AMP 지포스 GTX1070 D5 8GB,\-,ZOTAC,GTX 1070,1607 MHz,1797 MHz,2,8000 MHz,300mm,2,,220W,500W,,1,,1,,3
183,GTX 1070,,[ZOTAC] 지포스 GTX1070 MINi D5 8GB,\520000,ZOTAC,GTX 1070,1518 MHz,1708 MHz,2,8000 MHz,210mm,1,,150W,500W,,1,,1,,3
184,GTX 1070,,[갤럭시] GALAX 지포스 GTX1070 D5 8GB,\-,갤럭시,GTX 1070,1506 MHz,1683 MHz,1,8000 MHz,267mm,1,,150W,500W,,1,,1,,3
185,GTX 1070,,[갤럭시] GALAX 지포스 GTX1070 EXOC D5 8GB G美,\543900,갤럭시,GTX 1070,1518 MHz,1708 MHz,2,8008 MHz,282mm,1,1,150W,500W,,1,,1,,3
186,GTX 1070,,[갤럭시] GALAX 지포스 GTX1070 EXOC D5 8GB G天命,\590700,갤럭시,GTX 1070,1594 MHz,1784 MHz,2,8008 MHz,296mm,1,1,150W,500W,,1,,1,,3
187,GTX 1070,,[갤럭시] GALAX 지포스 GTX1070 Hall Of Fame D5 8GB,\1017020,갤럭시,GTX 1070,1620 MHz,1822 MHz,3,8008 MHz,317mm,2,,150W,500W,,1,,1,,3
188,GTX 1070,,[갤럭시] GALAX 지포스 GTX1070 Hall Of Fame D5 8GB Limited Edition,\-,갤럭시,GTX 1070,1657 MHz,1860 MHz,3,8008 MHz,317mm,2,,150W,500W,,1,,1,,3
189,GTX 1070,,[갤럭시] GALAX 지포스 GTX1070 OC GBIBLE D5 8GB,\530000,갤럭시,GTX 1070,1518 MHz,1708 MHz,2,8008 MHz,181mm,1,,150W,500W,,2,,1,,1
190,GTX 1070,,[갤럭시] GALAX 지포스 GTX1070 Razor OC D5 8GB,\967350,갤럭시,GTX 1070,1518 MHz,1708 MHz,1,8008 MHz,253mm,1,,150W,400W,,1,,1,,1
191,GTX 1070,,[갤럭시] GALAX 지포스 GTX1070 개간지 EXOC D5 8GB Black Edition,\608880,갤럭시,GTX 1070,1594 MHz,1784 MHz,2,8008 MHz,296mm,1,1,150W,500W,,1,,1,,3
192,GTX 1070,,[갤럭시] GALAX 지포스 GTX1070 개간지 EXOC D5 8GB,\645900,갤럭시,GTX 1070,1594 MHz,1784 MHz,2,8008 MHz,296mm,1,1,150W,500W,,1,,1,,3
193,GTX 1070,,[이엠텍] HV 지포스 GTX1070 GAMER Edition D5 8GB,\806650,이엠텍,GTX 1070,1594 MHz,1784 MHz,2,8008 MHz,270mm,1,1,150W,500W,,1,,1,,3
194,GTX 1070,,[이엠텍] HV 지포스 GTX1070 Mini OC D5 8GB,\-,이엠텍,GTX 1070,1518 MHz,1708 MHz,2,8008 MHz,181mm,1,,150W,500W,,2,,1,,1
195,GTX 1070,,[이엠텍] XENON 지포스 GTX1070 JETSTREAM D5 8GB,\569400,이엠텍,GTX 1070,1506 MHz,1683 MHz,2,8000 MHz,285mm,1,,170W,500W,,1,,1,,3
196,GTX 1070,,[이엠텍] XENON 지포스 GTX1070 JETSTREAM D5 8GB FF14 에디션,\1274670,이엠텍,GTX 1070,1506 MHz,1683 MHz,2,8000 MHz,285mm,1,,170W,500W,,1,,1,,3
197,GTX 1070,,[이엠텍] XENON 지포스 GTX1070 Super JETSTREAM D5 8GB,\594100,이엠텍,GTX 1070,1632 MHz,1835 MHz,2,8000 MHz,285mm,1,,170W,500W,,1,,1,,3
198,GTX 1070,,[이엠텍] XENON 지포스 GTX1070 Super JETSTREAM D5 8GB FF14 에디션,\1234990,이엠텍,GTX 1070,1632 MHz,1635 MHz,2,8000 MHz,285mm,1,,170W,500W,,1,,1,,3
199,,, ,,,,,,,,,,,,,,,,,,
200,,,-- GTX 1060 6GB --,,,,,,,,,,,,,,,,,,
201,,, ,,,,,,,,,,,,,,,,,,
202,GTX 1060 6GB,,[ASUS] DUAL 지포스 GTX1060 O6G D5 6GB,\350600,ASUS,GTX 1060 6GB,1569 MHz,1784 MHz,2,8008 MHz,242mm,,1,,,,1,,2,,2
203,GTX 1060 6GB,,[ASUS] EX 지포스 GTX1060 O6G GAMING D5 6GB,\-,ASUS,GTX 1060 6GB,1594 MHz,1809 MHz,2,8008 MHz,240mm,,1,,,,1,,2,,2
204,GTX 1060 6GB,,[ASUS] ROG STRIX 지포스 GTX1060 DC26G GAMING D5 6GB,\388910,ASUS,GTX 1060 6GB,1506 MHz,1708 MHz,2,8008 MHz,218mm,,,,,,,,,,
205,GTX 1060 6GB,,[ASUS] ROG STRIX 지포스 GTX1060 GAMING D5 6GB,\424600,ASUS,GTX 1060 6GB,1506 MHz,1708 MHz,3,8008 MHz,298mm,1,,,,,1,,2,,2
206,GTX 1060 6GB,,[ASUS] ROG STRIX 지포스 GTX1060 O6G GAMING D5 6GB,\430000,ASUS,GTX 1060 6GB,1620 MHz,1847 MHz,3,8208 MHz,298mm,1,,120W,400W,,1,,2,,2
207,GTX 1060 6GB,,[Colorful] IGAME 지포스 GTX1060 VULCAN U D5 6GB,\338700,Colorful,GTX 1060 6GB,1556 MHz,1771 MHz,2,8008 MHz,264mm,,1,120W,,,1,,1,,3
208,GTX 1060 6GB,,[Colorful] IGAME 지포스 GTX1060 VULCAN X D5 6GB,\352560,Colorful,GTX 1060 6GB,1620 MHz,1847 MHz,3,8008 MHz,315mm,,,120W,,,,,,,
209,GTX 1060 6GB,,[Colorful] 지포스 GTX1060 iGame U-TOP D5 6GB,\372000,Colorful,GTX 1060 6GB,1594 MHz,1809 MHz,3,8008 MHz,302mm,,2,120W,,,1,,1,,3
210,GTX 1060 6GB,,[Colorful] 지포스 GTX1060 iGame X-TOP Super OC D5 6GB,\-,Colorful,GTX 1060 6GB,1620 MHz,1847 MHz,3,8008 MHz,302mm,,2,120W,,,1,,1,,3
211,GTX 1060 6GB,,[Colorful] 지포스 GTX1060 REVENGE D5 6GB,\-,Colorful,GTX 1060 6GB,1506 MHz,1708 MHz,2,8008 MHz,260mm,,1,120W,,,1,,1,,3
212,GTX 1060 6GB,,[Colorful] 지포스 GTX1060 토마호크 OC D5 6GB,\316800,Colorful,GTX 1060 6GB,1544 MHz,1759 MHz,2,8008 MHz,250mm,,1,120W,,,2,,1,,1
213,GTX 1060 6GB,,[EVGA] 지포스 GTX1060 SC GAMING D5 6GB,\386000,EVGA,GTX 1060 6GB,1607 MHz,1835 MHz,1,8008 MHz,172.72mm,,1,120W,400W,,1,,1,,3
214,GTX 1060 6GB,,[EVGA] 지포스 GTX1060 FTW2 GAMING D5 6GB,\-,EVGA,GTX 1060 6GB,1632 MHz,1835 MHz,2,9026 MHz,266.7mm,1,,150W,400W,,1,,1,,3
215,GTX 1060 6GB,,[GAINWARD] 지포스 GTX1060 게이머 스피릿 D5 6GB,\347400,GAINWARD,GTX 1060 6GB,1506 MHz,1708 MHz,2,8000 MHz,252mm,,1,120W,400W,,1,,1,,3
216,GTX 1060 6GB,,[GAINWARD] 지포스 GTX1060 피닉스 D5 6GB,\438020,GAINWARD,GTX 1060 6GB,1506 MHz,1708 MHz,2,8000 MHz,248mm,,1,120W,400W,,1,,1,,3
217,GTX 1060 6GB,,[GeIL] 지포스 GTX1060 D5 6GB,\324800,GeIL,GTX 1060 6GB,1545 MHz,1759 MHz,2,8008 MHz,240mm,,1,120W,400W,,2,,1,,1
218,GTX 1060 6GB,,[GIGABYTE] 지포스 GTX1060 AORUS D5 6GB,\427600,GIGABYTE,GTX 1060 6GB,1607 MHz,1835 MHz,3,8008 MHz,280mm,1,,,400W,,1,,1,,3
219,GTX 1060 6GB,,[GIGABYTE] 지포스 GTX1060 G1.Gaming D5 6GB,\395200,GIGABYTE,GTX 1060 6GB,1594 MHz,1809 MHz,2,8008 MHz,278mm,1,,150W,400W,,1,,1,,3
220,GTX 1060 6GB,,[GIGABYTE] 지포스 GTX1060 UDV D5 6GB 미니미,\370800,GIGABYTE,GTX 1060 6GB,1531 MHz,1746 MHz,1,8008 MHz,170mm,,1,,400W,,2,,1,,1
221,GTX 1060 6GB,,[GIGABYTE] 지포스 GTX1060 UDV D5 6GB 윈드포스,\376900,GIGABYTE,GTX 1060 6GB,1556 MHz,1771 MHz,2,8008 MHz,223mm,,1,,400W,,2,,1,,1
222,GTX 1060 6GB,,[GIGABYTE] 지포스 GTX1060 Xtreme D5 6GB,\-,GIGABYTE,GTX 1060 6GB,1620 MHz,1847 MHz,2,8164 MHz,280mm,1,,,400W,,1,,3,,3
223,GTX 1060 6GB,,[inno3D] 지포스 GTX1060 D5 6GB X2,\322000,inno3D,GTX 1060 6GB,1506 MHz,1708 MHz,2,8000 MHz,218mm,,1,120W,400W,,1,,1,,1
224,GTX 1060 6GB,,[MANLI] 지포스 GTX1060 Black Frame OC D5 6GB,\345900,MANLI,GTX 1060 6GB,1531 MHz,1746 MHz,2,8008 MHz,225mm,,1,120W,,,1,,1,,1
225,GTX 1060 6GB,,[MSI] 지포스 GTX1060 OC D5 6GB 윈드스톰,\336900,MSI,GTX 1060 6GB,1544 MHz,1759 MHz,2,8008 MHz,247mm,,1,120W,400W,,1,,1,,1
226,GTX 1060 6GB,,[MSI] 지포스 GTX1060 게이밍 X D5 6GB 트윈프로져6,\384100,MSI,GTX 1060 6GB,1594 MHz,1809 MHz,2,8108 MHz,277mm,1,,120W,400W,,1,,1,,3
227,GTX 1060 6GB,,[MSI] 지포스 GTX1060 게이밍 X 플러스 D5 6GB 트윈프로져6,\-,MSI,GTX 1060 6GB,1594 MHz,1809 MHz,2,9126 MHz,277mm,1,,120W,400W,,1,,1,,3
228,GTX 1060 6GB,,[MSI] 지포스 GTX1060 밀리터리 에디션 D5 6GB 트윈프로져6,\-,MSI,GTX 1060 6GB,1594 MHz,1809 MHz,2,8108 MHz,277mm,1,,120W,400W,,1,,1,,3
229,GTX 1060 6GB,,[MSI] 지포스 GTX1060 아머 OC D5 6GB,\351600,MSI,GTX 1060 6GB,1544 MHz,1759 MHz,2,8000 MHz,279mm,1,,120W,400W,,1,,1,,3
230,GTX 1060 6GB,,[MSI] 지포스 GTX1060 아머 VR OC D5 6GB,\332800,MSI,GTX 1060 6GB,1544 MHz,1759 MHz,2,8008 MHz,275mm,1,,120W,400W,,1,,2,,2
231,GTX 1060 6GB,,[PALIT] 지포스 GTX1060 DUAL D5 6GB,\360500,PALIT,GTX 1060 6GB,1506 MHz,1708 MHz,2,8000 MHz,252mm,,1,120W,400W,,1,,1,,3
232,GTX 1060 6GB,,[PALIT] 지포스 GTX1060 JETSTREAM D5 6GB,\387000,PALIT,GTX 1060 6GB,1506 MHz,1708 MHz,2,8000 MHz,248mm,,1,120W,400W,,1,,1,,3
233,GTX 1060 6GB,,[PALIT] 지포스 GTX1060 Super JETSTREAM D5 6GB,\391600,PALIT,GTX 1060 6GB,1620 MHz,1847 MHz,2,8000 MHz,248mm,,1,120W,400W,,1,,1,,3
234,GTX 1060 6GB,,[STCOM] ALPHA 지포스 GTX1060 OC D5 6GB,\-,STCOM,GTX 1060 6GB,1544 MHz,1759 MHz,2,8008 MHz,250mm,,1,120W,400W,,2,,1,,1
235,GTX 1060 6GB,,[ZOTAC] AMP 지포스 GTX1060 D5 6GB,\380000,ZOTAC,GTX 1060 6GB,1556 MHz,1771 MHz,2,8000 MHz,210mm,,1,120W,400W,,1,,1,,3
236,GTX 1060 6GB,,[ZOTAC] AMP 지포스 GTX1060 D5 6GB 백플레이트,\329300,ZOTAC,GTX 1060 6GB,1556 MHz,1771 MHz,2,8000 MHz,210mm,,1,120W,400W,,1,,1,,3
237,GTX 1060 6GB,,[ZOTAC] AMP 지포스 GTX1060 D5 6GB 백플레이트 PLUS,\-,ZOTAC,GTX 1060 6GB,1607 MHz,1835 MHz,2,9000 MHz,210mm,,1,120W,400W,,3,,1,,1
238,GTX 1060 6GB,,[ZOTAC] 지포스 GTX1060 MINi D5 6GB,\326400,ZOTAC,GTX 1060 6GB,1506 MHz,1708 MHz,1,8000 MHz,174mm,,1,120W,400W,,1,,1,,3
239,GTX 1060 6GB,,[갤럭시] GALAX 지포스 GTX1060 EXOC D5 6GB G天命,\370000,갤럭시,GTX 1060 6GB,1556 MHz,1771 MHz,2,8008 MHz,268mm,,1,120W,400W,,2,,1,,1
240,GTX 1060 6GB,,[갤럭시] GALAX 지포스 GTX1060 GAMER OC D5 6GB,\-,갤럭시,GTX 1060 6GB,1518 MHz,1733 MHz,2,8008 MHz,181mm,,1,120W,400W,,1,,1,,3
241,GTX 1060 6GB,,[갤럭시] GALAX 지포스 GTX1060 OC D5 6GB,\347800,갤럭시,GTX 1060 6GB,1518 MHz,1733 MHz,2,8008 MHz,214mm,,1,120W,400W,,1,,1,,1
242,GTX 1060 6GB,,[갤럭시] GALAX 지포스 GTX1060 개간지 EXOC D5 6GB,\427400,갤럭시,GTX 1060 6GB,1620 MHz,1847 MHz,2,8008 MHz,237mm,,1,120W,400W,,2,,1,,1
243,GTX 1060 6GB,,[이엠텍] HV 지포스 GTX1060 OC D5 6GB,\799990,이엠텍,GTX 1060 6GB,1518 MHz,1734 MHz,2,8000 MHz,235mm,,1,120W,400W,,1,,1,,1
244,GTX 1060 6GB,,[이엠텍] XENON 지포스 GTX1060 JETSTREAM D5 6GB,\388200,이엠텍,GTX 1060 6GB,1506 MHz,1708 MHz,2,8000 MHz,250mm,,1,120W,400W,,1,,1,,3
245,GTX 1060 6GB,,[이엠텍] XENON 지포스 GTX1060 JETSTREAM D5 6GB FF14 에디션,\-,이엠텍,GTX 1060 6GB,1506 MHz,1708 MHz,2,8000 MHz,250mm,,1,120W,400W,,1,,1,,3
246,GTX 1060 6GB,,[이엠텍] XENON 지포스 GTX1060 STORM X Dual D5 6GB,\361700,이엠텍,GTX 1060 6GB,1506 MHz,1708 MHz,2,8000 MHz,250mm,,1,120W,400W,,1,,1,,3
247,GTX 1060 6GB,,[이엠텍] XENON 지포스 GTX1060 Super JETSTREAM D5 6GB,\391900,이엠텍,GTX 1060 6GB,1620 MHz,1848 MHz,2,8000 MHz,250mm,,1,120W,400W,,1,,1,,3
248,GTX 1060 6GB,,[이엠텍] XENON 지포스 GTX1060 Super JETSTREAM D5 6GB FF14 에디션,\-,이엠텍,GTX 1060 6GB,1620 MHz,1848 MHz,2,8000 MHz,250mm,,1,120W,400W,,1,,1,,3
249,GTX 1060 6GB,,[이엠텍] XENON 지포스 GTX1060 WHITE MONSTER D5 6GB,\385400,이엠텍,GTX 1060 6GB,1506 MHz,1708 MHz,2,8000 MHz,248mm,,,120W,400W,,,,,,
250,GTX 1060 6GB,,[이엠텍] XENON 지포스 GTX1060 WHITE MONSTER OC D5 6GB,\395000,이엠텍,GTX 1060 6GB,1620 MHz,1848 MHz,2,8000 MHz,248mm,,,120W,400W,,,,,,
251,,, ,,,,,,,,,,,,,,,,,,
252,,,-- GTX 1060 3GB --,,,,,,,,,,,,,,,,,,
253,,, ,,,,,,,,,,,,,,,,,,
254,GTX 1060 3GB,,[ASUS] DUAL 지포스 GTX1060 O3G D5 3GB,\278100,ASUS,GTX 1060 3GB,1569 MHz,1785 MHz,2,8008 MHz,242mm,,1,120W,400W,,1,,2,,2
255,GTX 1060 3GB,,[ASUS] PH 지포스 GTX1060 D5 3GB,\527180,ASUS,GTX 1060 3GB,1506 MHz,1708 MHz,1,8008 MHz,183mm,,1,,,,1,,2,,2
256,GTX 1060 3GB,,[Colorful] 지포스 GTX1060 iCafe V2 D5 3GB,\258500,Colorful,GTX 1060 3GB,1519 MHz,1734 MHz,2,8008 MHz,233mm,,1,120W,,,1,,1,,1
257,GTX 1060 3GB,,[Colorful] IGAME 지포스 GTX1060 VULCAN U D5 3GB,\239000,Colorful,GTX 1060 3GB,1556 MHz,1771 MHz,2,8008 MHz,264mm,,1,120W,,,1,,1,,3
258,GTX 1060 3GB,,[Colorful] 지포스 GTX1060 iGame U-TOP OC D5 3GB,\300990,Colorful,GTX 1060 3GB,1594 MHz,1809 MHz,3,8008 MHz,300mm,,2,120W,,,1,,1,,3
259,GTX 1060 3GB,,[Colorful] 지포스 GTX1060 REVENGE D5 3GB,\492430,Colorful,GTX 1060 3GB,1506 MHz,1708 MHz,2,8008 MHz,240mm,,1,120W,,,1,,1,,3
260,GTX 1060 3GB,,[Colorful] 지포스 GTX1060 REVENGE V2 D5 3GB,\298200,Colorful,GTX 1060 3GB,1519 MHz,1734 MHz,2,8008 MHz,233mm,,1,120W,,,1,,1,,1
261,GTX 1060 3GB,,[Colorful] 지포스 GTX1060 토마호크 OC D5 3GB,\248400,Colorful,GTX 1060 3GB,1544 MHz,1759 MHz,2,8008 MHz,250mm,,1,120W,,,2,,1,,1
262,GTX 1060 3GB,,[EVGA] 지포스 GTX1060 SC GAMING D5 3GB,\284000,EVGA,GTX 1060 3GB,1607 MHz,1835 MHz,1,8008 MHz,172.72mm,,,120W,400W,,,,,,
263,GTX 1060 3GB,,[GAINWARD] 지포스 GTX1060 게이머 스피릿 Dual D5 3GB,\261600,GAINWARD,GTX 1060 3GB,1506 MHz,1708 MHz,2,8000 MHz,252mm,,1,120W,400W,,1,,1,,3
264,GTX 1060 3GB,,[GeIL] 지포스 GTX1060 D5 3GB,\261400,GeIL,GTX 1060 3GB,1545 MHz,1759 MHz,2,8008 MHz,240mm,,1,120W,400W,,2,,1,,1
265,GTX 1060 3GB,,[GIGABYTE] 지포스 GTX1060 G1.Gaming D5 3GB,\306000,GIGABYTE,GTX 1060 3GB,1594 MHz,1809 MHz,2,8008 MHz,278mm,1,,,400W,,1,,1,,3
266,GTX 1060 3GB,,[GIGABYTE] 지포스 GTX1060 UDV D5 3GB 미니미,\258700,GIGABYTE,GTX 1060 3GB,1531 MHz,1746 MHz,1,8008 MHz,170mm,,1,140W,400W,,2,,1,,1
267,GTX 1060 3GB,,[GIGABYTE] 지포스 GTX1060 UDV D5 3GB 윈드포스,\272900,GIGABYTE,GTX 1060 3GB,1556 MHz,1771 MHz,2,8008 MHz,223mm,,1,147W,400W,,2,,1,,1
268,GTX 1060 3GB,,[GIGABYTE] 지포스 GTX1060 UDV WF-2X D5 3GB,\-,GIGABYTE,GTX 1060 3GB,1506 MHz,1708 MHz,2,8008 MHz,278mm,1,,,400W,,1,,1,,3
269,GTX 1060 3GB,,[inno3D] 지포스 GTX1060 Compact D5 3GB,\-,inno3D,GTX 1060 3GB,1506 MHz,1708 MHz,1,8000 MHz,172mm,,1,120W,400W,,1,,1,,3
270,GTX 1060 3GB,,[inno3D] 지포스 GTX1060 D5 3GB X1,\-,inno3D,GTX 1060 3GB,1506 MHz,1708 MHz,1,8000 MHz,172mm,,1,120W,400W,,1,,1,,1
271,GTX 1060 3GB,,[inno3D] 지포스 GTX1060 X2 D5 3GB,\250920,inno3D,GTX 1060 3GB,1506 MHz,1708 MHz,2,8000 MHz,220mm,,1,120W,400W,,1,,1,,1
272,GTX 1060 3GB,,[MANLI] 지포스 GTX1060 Black Frame OC D5 3GB,\252900,MANLI,GTX 1060 3GB,1531 MHz,1746 MHz,2,8008 MHz,225mm,,1,120W,,,1,,1,,1
273,GTX 1060 3GB,,[MSI] 지포스 GTX1060 OC D5 3GB 윈드스톰,\253500,MSI,GTX 1060 3GB,1544 MHz,1759 MHz,2,8008 MHz,243mm,,1,120W,400W,,1,,1,,1
274,GTX 1060 3GB,,[MSI] 지포스 GTX1060 게이밍 X D5 3GB 트윈프로져6,\306900,MSI,GTX 1060 3GB,1594 MHz,1809 MHz,2,8108 MHz,277mm,1,,120W,400W,,1,,1,,3
275,GTX 1060 3GB,,[MSI] 지포스 GTX1060 아머 OC D5 3GB,\278640,MSI,GTX 1060 3GB,1544 MHz,1759 MHz,2,8000 MHz,250mm,,1,120W,400W,,2,,1,,1
276,GTX 1060 3GB,,[MSI] 지포스 GTX1060 아머 VR OC D5 3GB,\264800,MSI,GTX 1060 3GB,1544 MHz,1759 MHz,2,8008 MHz,275mm,1,,120W,400W,,1,,2,,2
277,GTX 1060 3GB,,[PALIT] 지포스 GTX1060 DUAL D5 3GB,\264990,PALIT,GTX 1060 3GB,1506 MHz,1708 MHz,2,8000 MHz,252mm,,1,120W,400W,,1,,1,,3
278,GTX 1060 3GB,,[PALIT] 지포스 GTX1060 STORM X D5 3GB,\281200,PALIT,GTX 1060 3GB,1506 MHz,1708 MHz,1,8000 MHz,252mm,,1,120W,400W,,1,,1,,3
279,GTX 1060 3GB,,[STCOM] ALPHA 지포스 GTX1060 D5 3GB,\-,STCOM,GTX 1060 3GB,1506 MHz,1709 MHz,2,8000 MHz,250mm,,1,120W,400W,,2,,1,,1
280,GTX 1060 3GB,,[STCOM] ALPHA 지포스 GTX1060 OC D5 3GB,\-,STCOM,GTX 1060 3GB,1544 MHz,1759 MHz,2,8000 MHz,250mm,,1,120W,400W,,2,,1,,1
281,GTX 1060 3GB,,[ZOTAC] AMP 지포스 GTX1060 D5 3GB,\248400,ZOTAC,GTX 1060 3GB,1582 MHz,1797 MHz,2,8000 MHz,206mm,,1,120W,400W,,1,,1,,3
282,GTX 1060 3GB,,[ZOTAC] 지포스 GTX1060 MINi D5 3GB,\271320,ZOTAC,GTX 1060 3GB,1506 MHz,1708 MHz,1,8000 MHz,174mm,,1,120W,400W,,1,,1,,3
283,GTX 1060 3GB,,[갤럭시] GALAX 지포스 GTX1060 EXOC D5 3GB G天命,\302200,갤럭시,GTX 1060 3GB,1544 MHz,1759 MHz,2,8008 MHz,268mm,,1,120W,400W,,2,,1,,1
284,GTX 1060 3GB,,[갤럭시] GALAX 지포스 GTX1060 GAMER OC D5 3GB,\-,갤럭시,GTX 1060 3GB,1531 MHz,1746 MHz,2,8008 MHz,195mm,,1,120W,400W,,1,,1,,3
285,GTX 1060 3GB,,[갤럭시] GALAX 지포스 GTX1060 OC D5 3GB,\255400,갤럭시,GTX 1060 3GB,1518 MHz,1733 MHz,2,8008 MHz,214mm,,1,120W,400W,,1,,1,,1
286,GTX 1060 3GB,,[갤럭시] GALAX 지포스 GTX1060 개간지 EXOC D5 3GB,\317500,갤럭시,GTX 1060 3GB,1556 MHz,1771 MHz,2,8008 MHz,237mm,,1,120W,400W,,2,,1,,1
287,GTX 1060 3GB,,[이엠텍] HV 지포스 GTX1060 GAMER Edition PRO D5 3GB,\-,이엠텍,GTX 1060 3GB,1544 MHz,1759 MHz,2,8000 MHz,240mm,,1,120W,400W,,2,,1,,1
288,GTX 1060 3GB,,[이엠텍] HV 지포스 GTX1060 OC D5 3GB,\496720,이엠텍,GTX 1060 3GB,1518 MHz,1734 MHz,2,8000 MHz,235mm,,1,120W,400W,,1,,1,,1
289,GTX 1060 3GB,,[이엠텍] HV 지포스 GTX1060 WHITE MONSTER D5 3GB,\267200,이엠텍,GTX 1060 3GB,1506 MHz,1708 MHz,2,8000 MHz,248mm,,,120W,400W,,,,,,
290,GTX 1060 3GB,,[이엠텍] HV 지포스 GTX1060 WHITE MONSTER OC D5 3GB,\275000,이엠텍,GTX 1060 3GB,1594 MHz,1809 MHz,2,8000 MHz,248mm,,,120W,400W,,,,,,
291,GTX 1060 3GB,,[이엠텍] XENON 지포스 GTX1060 STORM X Dual D5 3GB,\265800,이엠텍,GTX 1060 3GB,1506 MHz,1708 MHz,2,8000 MHz,252mm,,1,120W,400W,,1,,1,,3
292,,, ,,,,,,,,,,,,,,,,,,
293,,,-- GTX 1050 Ti --,,,,,,,,,,,,,,,,,,
294,,, ,,,,,,,,,,,,,,,,,,
295,GTX 1050 Ti,,[ASUS] EX 지포스 GTX1050 Ti O4G D5 4GB,\-,ASUS,GTX 1050 Ti,1341 MHz,1455 MHz,2,7008 MHz,212mm,,,75W,300W,,1,,1,,1
296,GTX 1050 Ti,,[ASUS] PH 지포스 GTX1050 Ti D5 4GB,\180300,ASUS,GTX 1050 Ti,1290 MHz,1392 MHz,1,7008 MHz,192mm,,,,,,1,,1,,1
297,GTX 1050 Ti,,[ASUS] ROG STRIX 지포스 GTX1050 Ti GAMING D5 4GB,\-,ASUS,GTX 1050 Ti,1290 MHz,1392 MHz,2,7008 MHz,241mm,,1,,,,2,,1,,1
298,GTX 1050 Ti,,[ASUS] ROG STRIX 지포스 GTX1050 Ti O4G GAMING D5 4GB,\275670,ASUS,GTX 1050 Ti,1379 MHz,1493 MHz,2,7008 MHz,241mm,,1,75W,400W,,2,,1,,1
299,GTX 1050 Ti,,[Colorful] 지포스 GTX1050 Ti CODEBLUE D5 4GB,\287040,Colorful,GTX 1050 Ti,1290 MHz,1392 MHz,1,7000 MHz,214mm,,1,75W,,,1,,1,,1
300,GTX 1050 Ti,,[Colorful] 지포스 GTX1050 Ti CODEBLUE V2 D5 4GB,\-,Colorful,GTX 1050 Ti,1290 MHz,1392 MHz,1,7000 MHz,185mm,,,75W,,,1,,1,,1
301,GTX 1050 Ti,,[Colorful] 지포스 GTX1050 Ti CODEBLUE V3 D5 4GB,\175000,Colorful,GTX 1050 Ti,1290 MHz,1392 MHz,1,7000 MHz,185mm,,,75W,,,1,,1,,1
302,GTX 1050 Ti,,[Colorful] 지포스 GTX1050 Ti iCafe D5 4GB,\-,Colorful,GTX 1050 Ti,1290 MHz,1392 MHz,2,7000 MHz,230mm,,1,75W,300W,,1,,1,,1
303,GTX 1050 Ti,,[Colorful] 지포스 GTX1050 Ti 토마호크 OC D5 4GB,\197910,Colorful,GTX 1050 Ti,1368 MHz,1468 MHz,2,7000 MHz,240mm,,1,75W,,,1,,1,,1
304,GTX 1050 Ti,,[Colorful] IGAME 지포스 GTX1050 Ti VULCAN U OC D5 4GB,\176000,Colorful,GTX 1050 Ti,1379 MHz,1493 MHz,2,7000 MHz,243mm,,1,75W,300W,,1,,1,,1
305,GTX 1050 Ti,,[Colorful] 지포스 GTX1050 Ti REVENGE Mini D5 4GB,\-,Colorful,GTX 1050 Ti,1290 MHz,1392 MHz,2,7000 MHz,185mm,,,75W,,,1,,1,,1
306,GTX 1050 Ti,,[Colorful] 지포스 GTX1050 Ti REVENGE D5 4GB LP,\-,Colorful,GTX 1050 Ti,1290 MHz,1392 MHz,2,7000 MHz,200mm,,,75W,,,1,,1,,1
307,GTX 1050 Ti,,[Colorful] 지포스 GTX1050 Ti REVENGE OC D5 4GB,\311810,Colorful,GTX 1050 Ti,1328 MHz,1442 MHz,2,7000 MHz,230mm,,1,75W,,,1,,1,,1
308,GTX 1050 Ti,,[EVGA] 지포스 GTX1050 Ti SC GAMING D5 4GB,\195000,EVGA,GTX 1050 Ti,1290 MHz,1392 MHz,1,7010 MHz,,,,,,,1,,1,,1
309,GTX 1050 Ti,,[EVGA] 지포스 GTX1050 Ti FTW DT GAMING D5 4GB,\-,EVGA,GTX 1050 Ti,1290 MHz,1392 MHz,2,7008 MHz,256.5mm,,1,75W,300W,,1,,1,,1
310,GTX 1050 Ti,,[GAINWARD] 지포스 GTX1050 Ti 게이머 스피릿 D5 4GB,\178600,GAINWARD,GTX 1050 Ti,1290 MHz,1392 MHz,1,7000 MHz,161mm,,,75W,300W,,1,,1,,1
311,GTX 1050 Ti,,[GeIL] 지포스 GTX1050 Ti D5 4GB,\195600,GeIL,GTX 1050 Ti,1290 MHz,1392 MHz,1,7000 MHz,170mm,,,75W,300W,,1,,1,,1
312,GTX 1050 Ti,,[GIGABYTE] 지포스 GTX1050 Ti G1.Gaming D5 4GB,\234500,GIGABYTE,GTX 1050 Ti,1366 MHz,1480 MHz,2,7008 MHz,219mm,,1,,300W,,1,,3,,1
313,GTX 1050 Ti,,[GIGABYTE] 지포스 GTX1050 Ti UD2 D5 4GB Nano LP,\205000,GIGABYTE,GTX 1050 Ti,1303 MHz,1417 MHz,1,7008 MHz,167mm,,,,300W,,1,,2,,1
314,GTX 1050 Ti,,[GIGABYTE] 지포스 GTX1050 Ti UD2 D5 4GB 미니미,\203000,GIGABYTE,GTX 1050 Ti,1290 MHz,1392 MHz,1,7008 MHz,172mm,,,,300W,,1,,1,,1
315,GTX 1050 Ti,,[GIGABYTE] 지포스 GTX1050 Ti UD2 WF-2X D5 4GB,\212800,GIGABYTE,GTX 1050 Ti,1316 MHz,1430 MHz,2,7008 MHz,191mm,,,,300W,,1,,1,,1
316,GTX 1050 Ti,,[GIGABYTE] 지포스 GTX1050 Ti UDV D5 4GB 윈드포스,\231000,GIGABYTE,GTX 1050 Ti,1328 MHz,1442 MHz,2,7008 MHz,229mm,,1,,300W,,1,,3,,1
317,GTX 1050 Ti,,[inno3D] 지포스 GTX1050 Ti Compact D5 4GB,\168900,inno3D,GTX 1050 Ti,1290 MHz,1392 MHz,1,7000 MHz,145mm,,,75W,400W,,1,,1,,1
318,GTX 1050 Ti,,[MANLI] 지포스 GTX1050 Ti Black Frame Mini D5 4GB,\162700,MANLI,GTX 1050 Ti,1290 MHz,1392 MHz,1,7008 MHz,175mm,,,75W,300W,,1,,1,,1
319,GTX 1050 Ti,,[MANLI] 지포스 GTX1050 Ti Gallardo OC D5 4GB,\166500,MANLI,GTX 1050 Ti,1379 MHz,1493 MHz,2,7008 MHz,200mm,,1,75W,,,1,,1,,1
320,GTX 1050 Ti,,[MSI] 지포스 GTX1050 Ti D5 4GB LP 윈드스톰 귀요미,\-,MSI,GTX 1050 Ti,1290 MHz,1392 MHz,2,7008 MHz,182mm,,,75W,300W,,1,,1,,1
321,GTX 1050 Ti,,[MSI] 지포스 GTX1050 Ti OC D5 4GB 스톰,\181400,MSI,GTX 1050 Ti,1341 MHz,1455 MHz,1,7000 MHz,177mm,,,75W,300W,,1,,1,,1
322,GTX 1050 Ti,,[MSI] 지포스 GTX1050 Ti OC D5 4GB 윈드스톰,\190900,MSI,GTX 1050 Ti,1341 MHz,1455 MHz,2,7000 MHz,215mm,,,75W,300W,,1,,1,,1
323,GTX 1050 Ti,,[MSI] 지포스 GTX1050 Ti 게이밍 X D5 4GB 트윈프로져6,\229900,MSI,GTX 1050 Ti,1379 MHz,1493 MHz,2,7108 MHz,229mm,,1,75W,300W,,1,,1,,1
324,GTX 1050 Ti,,[PALIT] 지포스 GTX1050 Ti DUAL OC D5 4GB,\210500,PALIT,GTX 1050 Ti,1366 MHz,1480 MHz,2,7000 MHz,216mm,,1,85W,300W,,1,,1,,1
325,GTX 1050 Ti,,[PALIT] 지포스 GTX1050 Ti STORM X D5 4GB,\206400,PALIT,GTX 1050 Ti,1290 MHz,1392 MHz,1,7000 MHz,166mm,,,75W,300W,,1,,1,,1
326,GTX 1050 Ti,,[STCOM] ALPHA 지포스 GTX1050 Ti D5 4GB,\-,STCOM,GTX 1050 Ti,1367 MHz,1481 MHz,1,7000 MHz,220mm,,,75W,300W,,1,,1,,1
327,GTX 1050 Ti,,[ZOTAC] 지포스 GTX1050 Ti D5 4GB LP,\230000,ZOTAC,GTX 1050 Ti,1290 MHz,1392 MHz,2,7000 MHz,160mm,,,75W,300W,,1,,1,,1
328,GTX 1050 Ti,,[ZOTAC] 지포스 GTX1050 Ti DUALSILENCER OC D5 4GB,\230000,ZOTAC,GTX 1050 Ti,1392 MHz,1506 MHz,2,7000 MHz,174mm,,,75W,300W,,1,,1,,1
329,GTX 1050 Ti,,[ZOTAC] 지포스 GTX1050 Ti MINi D5 4GB,\165000,ZOTAC,GTX 1050 Ti,1303 MHz,1417 MHz,1,7000 MHz,144.78mm,,,75W,300W,,1,,1,,1
330,GTX 1050 Ti,,[갤럭시] GALAX 지포스 GTX1050 Ti EXOC D5 4GB G天命,\222900,갤럭시,GTX 1050 Ti,1354 MHz,1488 MHz,2,7008 MHz,245mm,,1,75W,300W,,2,,1,,1
331,GTX 1050 Ti,,[갤럭시] GALAX 지포스 GTX1050 Ti OC D5 4GB,\168400,갤럭시,GTX 1050 Ti,1303 MHz,1417 MHz,1,7008 MHz,196mm,,,75W,300W,,1,,1,,1
332,GTX 1050 Ti,,[갤럭시] GALAX 지포스 GTX1050 Ti OC D5 4GB LP,\219300,갤럭시,GTX 1050 Ti,1303 MHz,1417 MHz,2,7008 MHz,166mm,,,75W,300W,,1,,1,,1
333,GTX 1050 Ti,,[갤럭시] GALAX 지포스 GTX1050 Ti 개간지 EXOC D5 4GB,\232900,갤럭시,GTX 1050 Ti,1354 MHz,1488 MHz,2,7008 MHz,230mm,,1,75W,,,2,,1,,1
334,GTX 1050 Ti,,[이엠텍] HV 지포스 GTX1050 Ti GAMER Edition OC D5 4GB,\194000,이엠텍,GTX 1050 Ti,1354 MHz,1468 MHz,2,7008 MHz,228mm,,1,75W,300W,,2,,1,,1
335,GTX 1050 Ti,,[이엠텍] HV 지포스 GTX1050 Ti MINI MONSTER D5 4GB,\188400,이엠텍,GTX 1050 Ti,1290 MHz,1392 MHz,1,7000 MHz,166mm,,,75W,300W,,,,,,
336,GTX 1050 Ti,,[이엠텍] HV 지포스 GTX1050 Ti OC D5 4GB,\191200,이엠텍,GTX 1050 Ti,1303 MHz,1417 MHz,1,7008 MHz,181mm,,,75W,300W,,1,,1,,1
337,GTX 1050 Ti,,[이엠텍] XENON 지포스 GTX1050 Ti STORM X Dual OC D5 4GB,\196600,이엠텍,GTX 1050 Ti,1366 MHz,1480 MHz,2,7000 MHz,220mm,,1,75W,300W,,1,,1,,1
338,GTX 1050 Ti,,[이엠텍] XENON 지포스 GTX1050 Ti STORM X Nano D5 4GB,\185900,이엠텍,GTX 1050 Ti,1290 MHz,1392 MHz,1,7000 MHz,166mm,,1,75W,300W,,1,,1,,1
339,,, ,,,,,,,,,,,,,,,,,,
340,,,-- GTX 1050 3GB --,,,,,,,,,,,,,,,,,,
341,,, ,,,,,,,,,,,,,,,,,,
342,GTX 1050 3GB,,[COLORFUL] 지포스 GTX1050 토마호크 OC D5 3GB,\168000,Colorful,GTX 1050 3GB,1392 MHz,1518 MHz,2,7000 MHz,237mm,,,75W,300W,,,,,,
343,GTX 1050 3GB,,[COLORFUL] 지포스 iCafe D5 3GB,\157000,Colorful,GTX 1050 3GB,1392 MHz,1518 MHz,2,7000 MHz,208mm,,,75W,300W,,,,,,
344,GTX 1050 3GB,,[GIGABYTE] 지포스 GTX1050 UD2 D5 3GB 미니미,\169000,GIGABYTE,GTX 1050 3GB,1392 MHz,1518 MHz,1,7008 MHz,172mm,,,,300W,,,,,,
345,GTX 1050 3GB,,[GIGABYTE] 지포스 GTX1050 UD2 D5 3GB Nano LP,\179000,GIGABYTE,GTX 1050 3GB,1404 MHz,1544 MHz,1,7008 MHz,167mm,,,,300W,,,,,,
346,GTX 1050 3GB,,[GIGABYTE] 지포스 GTX1050 UD2 WF-2X D5 3GB,\179000,GIGABYTE,GTX 1050 3GB,1417 MHz,1556 MHz,2,7008 MHz,191mm,,,,300W,,,,,,
347,,, ,,,,,,,,,,,,,,,,,,
348,,,-- GTX 1050 2GB--,,,,,,,,,,,,,,,,,,
349,,, ,,,,,,,,,,,,,,,,,,
350,GTX 1050 2GB,,[ASUS] EX 지포스 GTX1050 O2G D5 2GB,\-,ASUS,GTX 1050 2GB,1404 MHz,1518 MHz,2,7008 MHz,212mm,,,75W,300W,,1,,1,,1
351,GTX 1050 2GB,,[ASUS] DUAL 지포스 GTX1050 O2G V2 D5 2GB,\185000,ASUS,GTX 1050 2GB,1404 MHz,1518 MHz,,7008 MHz,203mm,,,,,,1,,1,,1
352,GTX 1050 2GB,,[ASUS] PH 지포스 GTX1050 2G D5 2GB,\-,ASUS,GTX 1050 2GB,1354 MHz,1455 MHz,1,7008 MHz,192mm,,,75W,300W,,1,,1,,1
353,GTX 1050 2GB,,[ASUS] PH 지포스 GTX1050 D5 2GB,\133000,ASUS,GTX 1050 2GB,1354 MHz,1455 MHz,1,7008 MHz,192mm,,,,,,1,,1,,1
354,GTX 1050 2GB,,[AFOX] 지포스 GTX1050 D5 2GB DUAL 디앤디컴,\152000,AFOX,GTX 1050 2GB,1354 MHz,1455 MHz,2,7008 MHz,210mm,,1,,,,1,,1,,1
355,GTX 1050 2GB,,[AXLE] 지포스 GTX1050 D5 2GB DUAL,\139500,AXLE,GTX 1050 2GB,1354 MHz,1455 MHz,2,7008 MHz,210mm,,,75W,300W,,1,,1,,1
356,GTX 1050 2GB,,[Colorful] 지포스 GTX1050 CODEBLUE D5 2GB,\-,Colorful,GTX 1050 2GB,1354 MHz,1455 MHz,1,7000 MHz,214mm,,1,75W,,,1,,1,,1
357,GTX 1050 2GB,,[Colorful] 지포스 GTX1050 CODEBLUE V2 D5 2GB,\213120,Colorful,GTX 1050 2GB,1354 MHz,1455 MHz,1,7000 MHz,185mm,,,75W,,,1,,1,,1
358,GTX 1050 2GB,,[Colorful] 지포스 GTX1050 CODEBLUE V3 D5 2GB,\210950,Colorful,GTX 1050 2GB,1354 MHz,1455 MHz,1,7000 MHz,185mm,,,75W,,,1,,1,,1
359,GTX 1050 2GB,,[Colorful] 지포스 GTX1050 iCafe D5 2GB,\311640,Colorful,GTX 1050 2GB,1354 MHz,1455 MHz,2,7000 MHz,230mm,,1,75W,,,1,,1,,1
360,GTX 1050 2GB,,[Colorful] 지포스 GTX1050 iGame U OC D5 2GB,\-,Colorful,GTX 1050 2GB,1442 MHz,1556 MHz,2,7000 MHz,243mm,,1,75W,,,1,,1,,1
361,GTX 1050 2GB,,[Colorful] 지포스 GTX1050 REVENGE D5 2GB LP,\185120,Colorful,GTX 1050 2GB,1354 MHz,1455 MHz,2,7000 MHz,200mm,,,75W,,,1,,1,,1
362,GTX 1050 2GB,,[Colorful] 지포스 GTX1050 REVENGE OC D5 2GB,\-,Colorful,GTX 1050 2GB,1379 MHz,1493 MHz,2,7000 MHz,230mm,,1,75W,,,1,,1,,1
363,GTX 1050 2GB,,[Colorful] 지포스 GTX1050 토마호크 OC D5 2GB,\151800,Colorful,GTX 1050 2GB,1430 MHz,1544 MHz,2,7000 MHz,240mm,,1,75W,,,1,,1,,1
364,GTX 1050 2GB,,[EVGA] 지포스 GTX1050 GAMING D5 2GB,\-,EVGA,GTX 1050 2GB,1354 MHz,1455 MHz,1,7008 MHz,144.8mm,,,75W,300W,,1,,1,,1
365,GTX 1050 2GB,,[FORSA] 지포스 GTX1050 D5 2GB ,\186000,FORSA,GTX 1050 2GB,1354 MHz,1455 MHz,1,7008 MHz,181mm,,,75W,300W,,1,,1,,1
366,GTX 1050 2GB,,[FORSA] 지포스 GTX1050 D5 2GB DUAL,\152010,FORSA,GTX 1050 2GB,1354 MHz,1455 MHz,2,7008 MHz,210mm,,1,75W,300W,,1,,1,,1
367,GTX 1050 2GB,,[GAINWARD] 지포스 GTX1050 게이머 스피릿 D5 2GB,\150000,GAINWARD,GTX 1050 2GB,1354 MHz,1455 MHz,1,7000 MHz,161mm,,,75W,300W,,1,,1,,1
368,GTX 1050 2GB,,[GIGABYTE] 지포스 GTX1050 G1.Gaming D5 2GB,\209800,GIGABYTE,GTX 1050 2GB,1417 MHz,1531 MHz,2,7008 MHz,219mm,,1,,300W,,1,,3,,1
369,GTX 1050 2GB,,[GIGABYTE] 지포스 GTX1050 UD2 D5 2GB Nano LP,\165300,GIGABYTE,GTX 1050 2GB,1366 MHz,1468 MHz,1,7008 MHz,167mm,,,,300W,,1,,2,,1
370,GTX 1050 2GB,,[GIGABYTE] 지포스 GTX1050 UD2 D5 2GB 미니미,\152000,GIGABYTE,GTX 1050 2GB,1354 MHz,1455 MHz,1,7008 MHz,172mm,,,,300W,,1,,1,,1
371,GTX 1050 2GB,,[GIGABYTE] 지포스 GTX1050 UD2 WF-2X D5 2GB,\166800,GIGABYTE,GTX 1050 2GB,1379 MHz,1493 MHz,2,7008 MHz,191mm,,,,300W,,1,,1,,1
372,GTX 1050 2GB,,[GIGABYTE] 지포스 GTX1050 UDV D5 2GB 윈드포스,\183000,GIGABYTE,GTX 1050 2GB,1392 MHz,1506 MHz,2,7008 MHz,229mm,,1,75W,300W,,1,,3,,1
373,GTX 1050 2GB,,[inno3D] 지포스 GTX1050 Compact D5 2GB,\138100,inno3D,GTX 1050 2GB,1354 MHz,1455 MHz,1,7000 MHz,145mm,,,75W,400W,,1,,1,,1
374,GTX 1050 2GB,,[MANLI] 지포스 GTX1050 Black Frame Mini D5 2GB,\185000,MANLI,GTX 1050 2GB,1354 MHz,1455 MHz,1,7008 MHz,175mm,,,75W,300W,,1,,1,,1
375,GTX 1050 2GB,,[MSI] 지포스 GTX1050 OC D5 2GB 스톰,\143800,MSI,GTX 1050 2GB,1404 MHz,1518 MHz,1,7000 MHz,177mm,,,75W,300W,,1,,1,,1
376,GTX 1050 2GB,,[MSI] 지포스 GTX1050 OC D5 2GB 윈드스톰,\155400,MSI,GTX 1050 2GB,1404 MHz,1518 MHz,2,7000 MHz,215mm,,,75W,300W,,1,,1,,1
377,GTX 1050 2GB,,[PALIT] 지포스 GTX1050 STORM X D5 2GB,\160400,PALIT,GTX 1050 2GB,1354 MHz,1455 MHz,1,7000 MHz,166mm,,,75W,300W,,1,,1,,1
378,GTX 1050 2GB,,[STCOM] ALPHA 지포스 GTX1050 D5 2GB,\-,STCOM,GTX 1050 2GB,1354 MHz,1455 MHz,1,7000 MHz,151mm,,,75W,300W,,1,,1,,1
379,GTX 1050 2GB,,[ZOTAC] 지포스 GTX1050 D5 2GB LP,\287140,ZOTAC,GTX 1050 2GB,1354 MHz,1455 MHz,2,7000 MHz,160mm,,,75W,300W,,1,,1,,1
380,GTX 1050 2GB,,[ZOTAC] 지포스 GTX1050 MINi D5 2GB,\135000,ZOTAC,GTX 1050 2GB,1354 MHz,1455 MHz,1,7000 MHz,144.78mm,,,75W,300W,,1,,1,,1
381,GTX 1050 2GB,,[ZOTAC] 지포스 GTX1050 OC DUALSILENCER D5 2GB,\396180,ZOTAC,GTX 1050 2GB,1455 MHz,1569 MHz,2,7000 MHz,174mm,,,75W,300W,,1,,1,,1
382,GTX 1050 2GB,,[갤럭시] GALAX 지포스 GTX1050 OC D5 2GB LP,\170000,갤럭시,GTX 1050 2GB,1366 MHz,1468 MHz,2,7008 MHz,166mm,,,75W,300W,,1,,1,,1
383,GTX 1050 2GB,,[갤럭시] GALAX 지포스 GTX1050 EXOC D5 2GB G天命,\165000,갤럭시,GTX 1050 2GB,1417 MHz,1531 MHz,2,7008 MHz,245mm,,1,75W,300W,,2,,1,,1
384,GTX 1050 2GB,,[갤럭시] GALAX 지포스 GTX1050 OC D5 2GB,\141300,갤럭시,GTX 1050 2GB,1366 MHz,1468 MHz,1,7008 MHz,196mm,,,75W,300W,,1,,1,,1
385,GTX 1050 2GB,,[리드텍] WinFast 지포스 GTX1050 D5 2GB,\158300,리드텍,GTX 1050 2GB,1354 MHz,1456 MHz,1,7008 MHz,163mm,,,75W,400W,,1,,1,,1
386,GTX 1050 2GB,,[이엠텍] HV 지포스 GTX1050 MINI MONSTER D5 2GB,\159500,이엠텍,GTX 1050 2GB,1354 MHz,1455 MHz,1,7000 MHz,166mm,,,,300W,,,,,,
387,GTX 1050 2GB,,[이엠텍] HV 지포스 GTX1050 OC D5 2GB,\-,이엠텍,GTX 1050 2GB,1366 MHz,1468 MHz,1,7008 MHz,181mm,,,75W,300W,,1,,1,,1
388,GTX 1050 2GB,,[이엠텍] XENON 지포스 GTX1050 STORM X Nano D5 2GB,\160700,이엠텍,GTX 1050 2GB,1366 MHz,1468 MHz,1,7000 MHz,166mm,,,75W,300W,,1,,1,,1
389,,, ,,,,,,,,,,,,,,,,,,
390,,,-- GT 1030 --,,,,,,,,,,,,,,,,,,
391,,, ,,,,,,,,,,,,,,,,,,
392,GT 1030,,[ASUS] PH 지포스 GT1030 O2G D5 2GB,\95000,ASUS,GT 1030,1252 MHz,1531 MHz,1,6000 MHz,184mm,,,,,,1,,1,,
393,GT 1030,,[Colorful] 지포스 GT1030 REVENGE D5 2GB,\185990,Colorful,GT 1030,1227 MHz,1468 MHz,1,6000 MHz,177mm,,,30W,,,1,,1,,
394,GT 1030,,[Colorful] 지포스 GT1030 REVENGE D5 2GB LP,\168600,Colorful,GT 1030,1227 MHz,1468 MHz,1,6000 MHz,167mm,,,30W,,,1,,1,,
395,GT 1030,,[GAINWARD] 지포스 GT1030 D5 2GB LP,\94000,GAINWARD,GT 1030,1227 MHz,1468 MHz,1,6000 MHz,168mm,,,30W,300W,,1,,1,,
396,GT 1030,,[GeIL] 지포스 GT1030 D5 2GB,\115180,GeIL,GT 1030,1228 MHz,1468 MHz,1,6008 MHz,147mm,,,30W,300W,,1,,1,,
397,GT 1030,,[GIGABYTE] 지포스 GT1030 UD2 D5 2GB 미니미,\95000,GIGABYTE,GT 1030,1227 MHz,1468 MHz,1,6008 MHz,150mm,,,,300W,,1,,1,,
398,GT 1030,,[GIGABYTE] 지포스 GT1030 UD2 D5 2GB 블랙펄,\109000,GIGABYTE,GT 1030,1265 MHz,1518 MHz,1,6008 MHz,168mm,,,,300W,,1,,1,,
399,GT 1030,,[GIGABYTE] 지포스 GT1030 UD2 D5 2GB 팬리스,\92000,GIGABYTE,GT 1030,1227 MHz,1468 MHz,0,6008 MHz,175mm,,,,300W,,1,,1,,
400,GT 1030,,[inno3D] 지포스 GT 1030 D5 2GB 무소음 LP,\83500,inno3D,GT 1030,1227 MHz,1468 MHz,0,6000 MHz,167mm,,,30W,300W,,1,,1,,
401,GT 1030,,[MANLI] 지포스 GT1030 Black Frame Mini D5 2GB,\92000,MANLI,GT 1030,1227 MHz,1468 MHz,1,6004 MHz,182mm,,,,,,1,,1,,
402,GT 1030,,[MSI] 지포스 GT1030 D5 2GB LP 스톰 귀요미,\167000,MSI,GT 1030,1265 MHz,1518 MHz,1,6008 MHz,159mm,,,30W,300W,,1,,1,,
403,GT 1030,,[MSI] 지포스 GT1030 에어로 ITX OC D5 2GB,\106000,MSI,GT 1030,1265 MHz,1518 MHz,1,6008 MHz,147mm,,,30W,300W,,1,,1,,
404,GT 1030,,[PALIT] 지포스 GT1030 D5 2GB,\95000,PALIT,GT 1030,1227 MHz,1468 MHz,1,6000 MHz,168mm,,,30W,300W,,1,,1,,
405,GT 1030,,[ZOTAC] 지포스 GT1030 D5 2GB LP,\100000,ZOTAC,GT 1030,1227 MHz,1468 MHz,1,6000 MHz,172.5mm,,,30W,300W,,1,,1,,
406,GT 1030,,[갤럭시] GALAX 지포스 GT1030 D5 2GB,\104000,갤럭시,GT 1030,1227 MHz,1468 MHz,1,6000 MHz,180mm,,,30W,300W,,1,,1,,
407,GT 1030,,[갤럭시] GALAX 지포스 GT1030 강아지 EXOC D5 2GB LP,\103000,갤럭시,GT 1030,1252 MHz,1506 MHz,1,6000 MHz,162mm,,,30W,300W,,1,,1,,
408,GT 1030,,[이엠텍] HV 지포스 GT1030 D5 2GB,\113130,이엠텍,GT 1030,1227 MHz,1468 MHz,1,6008 MHz,147mm,,,30W,300W,,1,,1,,
409,GT 1030,,[이엠텍] XENON 지포스 GT1030 HDMI 2.0 D5 2GB,\99000,이엠텍,GT 1030,1227 MHz,1468 MHz,1,6000 MHz,145mm,,,30W,300W,,1,,1,,
410,,, ,,,,,,,,,,,,,,,,,,
411,0,, ,,,,,,,,,,,,,,,,,,
412,0,,== AMD ==,,,,,,,,,,,,,,,,,,
413,0,, ,,,,,,,,,,,,,,,,,,
414,,,-- RX Vega 64 Liquid --,,,,,,,,,,,,,,,,,,
415,,, ,,,,,,,,,,,,,,,,,,
416,RX Vega 64 Liquid,,[PowerColor] 라데온 RX Vega 64 HBM2 8GB 워터쿨링,\-,PowerColor,RX Vega 64 Liquid,1406 MHz,1677 MHz,1,1900 MHz,283mm,2,,345W,1000W,,,,1,,3
417,RX Vega 64 Liquid,,[SAPPHIRE] 라데온 RX Vega 64 HBM2 8GB Liquid Cooled,\-,SAPPHIRE,RX Vega 64 Liquid,1406 MHz,1677 MHz,1,1890 MHz,272mm,2,,345W,1000W,,,,1,,3
418,RX Vega 64 Liquid,,[GIGABYTE] 라데온 RX Vega 64 HBM2 8GB 워터쿨링,\-,GIGABYTE,RX Vega 64 Liquid,1406 MHz,1677 MHz,1,1890 MHz,283mm,2,,345W,1000W,,,,1,,3
419,,, ,,,,,,,,,,,,,,,,,,
420,,,-- RX Vega 64 --,,,,,,,,,,,,,,,,,,
421,,, ,,,,,,,,,,,,,,,,,,
422,RX Vega 64,,[ASUS] ROG STRIX 라데온 RX Vega 64 O8G GAMING HBM2 8GB,\1710000,ASUS,RX Vega 64,1298 MHz,1590 MHz,3,1890 MHz,298mm,2,,,,,1,,2,,2
423,RX Vega 64,,[GIGABYTE] 라데온 RX Vega 64 Gaming HBM2 8GB,\997000,GIGABYTE,RX Vega 64,1276 MHz,1560 MHz,2,1890 MHz,274mm,2,,,750W,,,,3,,3
424,RX Vega 64,,[GIGABYTE] 라데온 RX Vega 64 HBM2 8GB,\-,GIGABYTE,RX Vega 64,1247 MHz,1546 MHz,1,1890 MHz,283mm,2,,295W,750W,,,,1,,3
425,RX Vega 64,,[GIGABYTE] 라데온 RX Vega 64 실버 HBM2 8GB,\-,GIGABYTE,RX Vega 64,1247 MHz,1546 MHz,1,1890 MHz,280mm,2,,295W,750W,,,,1,,3
426,RX Vega 64,,[HIS] 라데온 RX Vega 64 HBM2 8GB,\-,HIS,RX Vega 64,1247 MHz,1546 MHz,1,1890 MHz,280mm,2,,295W,750W,,,,1,,3
427,RX Vega 64,,[PowerColor] 라데온 RX Vega 64 HBM2 8GB,\-,PowerColor,RX Vega 64,1247 MHz,1546 MHz,1,1890 MHz,280mm,2,,295W,750W,,,,1,,3
428,RX Vega 64,,[SAPPHIRE] 라데온 RX Vega 64 HBM2 8GB,\-,SAPPHIRE,RX Vega 64,1247 MHz,1546 MHz,1,1890 MHz,272mm,2,,295W,750W,,,,1,,3
429,RX Vega 64,,[SAPPHIRE] 라데온 RX Vega 64 NITRO+ Limited Edition HBM2 8GB Turbine-X,\1519000,SAPPHIRE,RX Vega 64,1423 MHz,1611 MHz,3,1890 MHz,310mm,3,,360W,850W,,,,2,,2
430,RX Vega 64,,[XFX] 라데온 RX Vega 64 HBM2 8GB,\-,XFX,RX Vega 64,1247 MHz,1546 MHz,1,1890 MHz,280mm,2,,295W,750W,,,,1,,3
431,,, ,,,,,,,,,,,,,,,,,,
432,,,-- RX Vega 56 --,,,,,,,,,,,,,,,,,,
433,,, ,,,,,,,,,,,,,,,,,,
434,RX Vega 56,,[GIGABYTE] 라데온 RX Vega 56 Gaming HBM2 8GB,\799000,GIGABYTE,RX Vega 56,1156 MHz,1471 MHz,2,1600 MHz,274mm,2,,,650W,,,,3,,3
435,RX Vega 56,,[GIGABYTE] 라데온 RX Vega 56 HBM2 8GB,\975240,GIGABYTE,RX Vega 56,1156 MHz,1471 MHz,1,1600 MHz,280mm,2,,210W,650W,,,,1,,3
436,RX Vega 56,,[HIS] 라데온 RX Vega 56 HBM2 8GB,\1439980,HIS,RX Vega 56,1156 MHz,1471 MHz,1,1600 MHz,280mm,2,,210W,650W,,,,1,,3
437,RX Vega 56,,[PowerColor] 라데온 RX Vega 56 HBM2 8GB 붉은악마,\823000,PowerColor,RX Vega 56,1308 MHz,1526 MHz,3,,316mm,2,,,750W,,,,2,,2
438,RX Vega 56,,[SAPPHIRE] 라데온 RX Vega 56 HBM2 8GB,\-,SAPPHIRE,RX Vega 56,1156 MHz,1471 MHz,1,1600 MHz,280mm,2,,210W,650W,,,,1,,3
439,RX Vega 56,,[SAPPHIRE] 라데온 RX Vega 56 NITRO+ Limited Edition HBM2 8GB Turbine-X,\1107700,SAPPHIRE,RX Vega 56,1305 MHz,1572 MHz,3,1600 MHz,310mm,3,,295W,750W,,,,2,,2
440,,, ,,,,,,,,,,,,,,,,,,
441,,,-- RX Vega Frontier --,,,,,,,,,,,,,,,,,,
442,,, ,,,,,,,,,,,,,,,,,,
443,RX Vega Frontier,,[AMD] 라데온 VEGA Frontier Edition HBC 16GB,\-,AMD,RX Vega Frontier,1382 MHz,1600 MHz,1,1890 MHz,270mm,2,,300W,850W,,,,1,,3
444,RX Vega Frontier,,[AMD] 라데온 VEGA Frontier Edition HBC 16GB Liquid,\-,AMD,RX Vega Frontier,1382 MHz,1600 MHz,1,1890 MHz,270mm,2,,300W,850W,,,,1,,3
445,,, ,,,,,,,,,,,,,,,,,,
446,,,-- RX 580 --,,,,,,,,,,,,,,,,,,
447,,, ,,,,,,,,,,,,,,,,,,
448,RX 580,,[ASRock] Phantom Gaming X 라데온 RX580 OC D5 8GB,\-,ASRock,RX 580,1330 MHz,1435 MHz,2,8000 MHz,278.8mm,1,,,,,1,,1,,3
449,RX 580,,[ASUS] ROG STRIX 라데온 RX 580 O8G GAMING D5 8GB,\-,ASUS,RX 580,1360 MHz,1380 MHz,3,8000 MHz,298mm,1,,,500W,,1,,2,,2
450,RX 580,,[ASUS] DUAL 라데온 RX580 O4G D5 4GB,\418650,ASUS,RX 580,1360 MHz,,2,7000 MHz,242mm,1,,,,,1,,2,,2
451,RX 580,,[GIGABYTE] 라데온 RX 580 AORUS D5 4GB,\722990,GIGABYTE,RX 580,1365 MHz,1380 MHz,2,7000 MHz,232mm,1,,,500W,,1,,1,,3
452,RX 580,,[GIGABYTE] 라데온 RX 580 AORUS D5 8GB,\471500,GIGABYTE,RX 580,1365 MHz,1380 MHz,2,8000 MHz,232mm,1,,,500W,,1,,1,,3
453,RX 580,,[GIGABYTE] 라데온 RX 580 Gaming D5 4GB,\-,GIGABYTE,RX 580,1340 MHz,1355 MHz,2,7000 MHz,232mm,1,,,500W,,1,,1,,3
454,RX 580,,[GIGABYTE] 라데온 RX 580 Gaming D5 8GB,\-,GIGABYTE,RX 580,1340 MHz,1355 MHz,2,8000 MHz,232mm,1,,,500W,,1,,1,,3
455,RX 580,,[GIGABYTE] 라데온 RX 580 XTR AORUS D5 8GB,\1235000,GIGABYTE,RX 580,1425 MHz,1439 MHz,2,8000 MHz,276mm,1,1,,500W,,1,,1,,3
456,RX 580,,[MSI] 라데온 RX 580 게이밍 X D5 8GB 트윈프로져6,\-,MSI,RX 580,1340 MHz,1393 MHz,2,8100 MHz,276mm,1,,,500W,,1,,1,,2
457,RX 580,,[SAPPHIRE] 라데온 RX 580 NITRO+ OC D5 4GB Dual-X ,\464600,SAPPHIRE,RX 580,,1411 MHz,2,7000 MHz,260mm,1,1,235W,500W,,1,,2,,2
458,RX 580,,[SAPPHIRE] 라데온 RX 580 PULSE OC D5 4GB Dual-X,\450560,SAPPHIRE,RX 580,,1366 MHz,2,7000 MHz,230mm,1,,225W,500W,,1,,2,,2
459,RX 580,,[SAPPHIRE] 라데온 RX 580 NITRO+ OC D5 8GB Dual-X ,\462300,SAPPHIRE,RX 580,,1411 MHz,2,8000 MHz,260mm,1,1,235W,500W,,1,,2,,2
460,RX 580,,[SAPPHIRE] 라데온 RX 580 NITRO+ Limited Edition OC D5 8GB Dual-X ,\997200,SAPPHIRE,RX 580,,1450 MHz,2,8000 MHz,260mm,1,1,250W,500W,,1,,2,,2
461,RX 580,,[SAPPHIRE] 라데온 RX 580 OC D5 8GB Dual-X NITRO+ Special Edition(병행수입),\486390,SAPPHIRE,RX 580,,1430 MHz,2,8400 MHz,260mm,1,1,250W,500W,,2,,2,,2
462,RX 580,,[SAPPHIRE] 라데온 RX 580 PULSE OC D5 8GB Dual-X ,\855000,SAPPHIRE,RX 580,,1366 MHz,2,8000 MHz,230mm,1,,225W,500W,,1,,2,,2
463,RX 580,,[XFX] 라데온 RX 580 블랙울프 GTR OC D5 8GB,\760000,XFX,RX 580,,1430 MHz,2,8000 MHz,280mm,1,1,,550W,,1,,1,,3
464,RX 580,,[XFX] 라데온 RX 580 블랙울프 OC D5 4GB,\1002260,XFX,RX 580,,1366 MHz,2,8000 MHz,280mm,1,,,500W,,1,,1,,3
465,RX 580,,[XFX] 라데온 RX 580 블랙울프 OC D5 8GB,\1043750,XFX,RX 580,,1366 MHz,2,8000 MHz,280mm,1,,,500W,,1,,1,,3
466,RX 580,,[PowerColor] 라데온 RX 580 D5 8GB 붉은악마,\453600,PowerColor,RX 580,,1380 MHz,2,8000 MHz,255mm,1,1,,550W,,1,,1,,3
467,,, ,,,,,,,,,,,,,,,,,,
468,,,-- RX 570 --,,,,,,,,,,,,,,,,,,
469,,, ,,,,,,,,,,,,,,,,,,
470,RX 570,,[ASRock] Phantom Gaming X 라데온 RX570 OC D5 8GB,\-,ASRock,RX 570,1280 MHz,1331 MHz,2,7000 MHz,278.8mm,1,,,,,1,,1,,3
471,RX 570,,[ASUS] EX 라데온 RX 570 O4G D5 4GB,\-,ASUS,RX 570,1266 MHz,1256 MHz,2,7000 MHz,240mm,,,,,,1,,1,,1
472,RX 570,,[ASUS] ROG STRIX 라데온 RX 570 O4G GAMING D5 4GB,\426780,ASUS,RX 570,1300 MHz,1310 MHz,2,7000 MHz,242mm,1,,,500W,,2,,1,,1
473,RX 570,,[GIGABYTE] 라데온 RX 570 AORUS D5 4GB,\399000,GIGABYTE,RX 570,1280 MHz,1295 MHz,2,7000 MHz,232mm,1,,,450W,,1,,1,,3
474,RX 570,,[GIGABYTE] 라데온 RX 570 Gaming D5 4GB,\402000,GIGABYTE,RX 570,1244 MHz,1255 MHz,2,7000 MHz,232mm,1,,,500W,,1,,1,,3
475,RX 570,,[MSI] 라데온 RX 570 게이밍 X D5 4GB 트윈프로져6,\-,MSI,RX 570,1244 MHz,1293 MHz,2,7100 MHz,276mm,1,,,450W,,1,,1,,2
476,RX 570,,[PowerColor] 라데온 RX 570 D5 4GB 붉은악마,\395000,PowerColor,RX 570,,1320 MHz,3,7000 MHz,310mm,1,,,450W,,1,,1,,3
477,RX 570,,[SAPPHIRE] 라데온 RX 570 NITRO+ OC D5 4GB Dual-X,\397300,SAPPHIRE,RX 570,,1340 MHz,2,7000 MHz,260mm,1,1,195W,500W,,1,,2,,2
478,RX 570,,[SAPPHIRE] 라데온 RX 570 NITRO+ OC D5 8GB Dual-X ,\479000,SAPPHIRE,RX 570,,1340 MHz,2,7000 MHz,260mm,1,1,195W,500W,,1,,2,,2
479,RX 570,,[SAPPHIRE] 라데온 RX 570 PULSE MINI D5 4GB ,\892320,SAPPHIRE,RX 570,,1244 MHz,1,7000 MHz,170mm,,1,150W,450W,,1,,1,,1
480,RX 570,,[SAPPHIRE] 라데온 RX 570 PULSE OC D5 4GB Dual-X ,\393850,SAPPHIRE,RX 570,1168 MHz,1284 MHz,2,7000 MHz,230mm,1,,180W,500W,,1,,2,,2
481,RX 570,,[XFX] 라데온 RX 570 블랙울프 OC D5 4GB,\960780,XFX,RX 570,,1366 MHz,2,7000 MHz,280mm,1,,,500W,,3,,1,,1
482,RX 570,,[XFX] 라데온 RX 570 블랙울프 OC D5 8GB,\-,XFX,RX 570,,1236 MHz,2,7000 MHz,255mm,1,,,500W,,1,,1,,3
483,,, ,,,,,,,,,,,,,,,,,,
484,,,-- RX 560 / RX 560D --,,,,,,,,,,,,,,,,,,
485,,, ,,,,,,,,,,,,,,,,,,
486,RX 560,,[GIGABYTE] 라데온 RX 560 Gaming D5 4GB,\224540,GIGABYTE,RX 560,1287 MHz,1300 MHz,2,7000 MHz,190mm,,1,,400W,,1,,1,,1
487,RX 560,,[GIGABYTE] 라데온 RX 560 Gaming V2 D5 4GB,\198000,GIGABYTE,RX 560,1224 MHz,1234 MHz,2,7000 MHz,190mm,,,,400W,,1,,1,,1
488,RX 560,,[GIGABYTE] 라데온 RX 560 UD2 D5 2GB 미니미,\235480,GIGABYTE,RX 560,1189 MHz,1199 MHz,1,7000 MHz,170mm,,,,400W,,1,,1,,1
489,RX 560,,[GIGABYTE] 라데온 RX 560 UD2 D5 4GB 미니미,\189000,GIGABYTE,RX 560,1189 MHz,1199 MHz,1,7000 MHz,170mm,,,,400W,,1,,1,,1
490,RX 560,,[HIS] 라데온 RX 560 iCooler OC D5 2GB,\130500,HIS,RX 560,,1257 MHz,1,7000 MHz,170mm,,1,60W,400W,,1,,1,,1
491,RX 560,,[HIS] 라데온 RX 560 iCooler OC D5 4GB,\-,HIS,RX 560,,1257 MHz,1,7000 MHz,170mm,,1,60W,400W,,1,,1,,1
492,RX 560,,[MSI] 라데온 RX 560 에어로 ITX OC D5 2GB,\150000,MSI,RX 560,1196 MHz,,1,7000 MHz,155mm,,,,400W,,1,,1,,1
493,RX 560,,[MSI] 라데온 RX 560 에어로 ITX OC D5 4GB,\176850,MSI,RX 560,1196 MHz,,1,7000 MHz,155mm,,,,400W,,1,,1,,1
494,RX 560,,[PowerColor] 라데온 RX 560 14CU D5 4GB 레드드래곤,\-,PowerColor,RX 560,,1180 MHz,2,7000 MHz,225mm,,,,400W,,1,,1,,1
495,RX 560,,[PowerColor] 라데온 RX 560 16CU D5 4GB 레드드래곤,\-,PowerColor,RX 560,,1180 MHz,2,7000 MHz,225mm,,,,400W,,,,,,
496,RX 560,,[SAPPHIRE] 라데온 RX 560 OC D5 2GB PULSE,\-,SAPPHIRE,RX 560,,1300 MHz,1,7000 MHz,210mm,,1,90W,400W,,1,,1,,1
497,RX 560,,[SAPPHIRE] 라데온 RX 560 OC D5 4GB PULSE,\-,SAPPHIRE,RX 560,,1300 MHz,1,7000 MHz,210mm,,1,90W,400W,,1,,1,,1
498,RX 560D,,[SAPPHIRE] RX 560 14CU PULSE Advantage Edition D5 4GB,\172000,SAPPHIRE,RX 560D,,1226 MHz,1,6000 MHz,210mm,,1,75W,400W,,1,,1,,1
499,RX 560D,,[SAPPHIRE] RX 560 14CU PULSE Advantage Edition D5 2GB,\145000,SAPPHIRE,RX 560D,,1226 MHz,1,6000 MHz,210mm,,1,75W,400W,,1,,1,,1
500,RX 560D,,[SAPPHIRE] RX 560 14CU PULSE Advantage Edition D5 4GB Dual,\227500,SAPPHIRE,RX 560D,,1216 MHz,2,6000 MHz,216mm,,1,75W,400W,,1,,1,,1
501,RX 560D,,[XFX] 라데온 RX 560 14CU 블랙울프 OC D5 2GB,\182000,XFX,RX 560D,,1196 MHz,1,7000 MHz,180mm,,1,,400W,,1,,1,,1
502,RX 560D,,[XFX] 라데온 RX 560 14CU 블랙울프 OC D5 4GB,\280800,XFX,RX 560D,,1196 MHz,1,7000 MHz,180mm,,1,,400W,,1,,1,,1
503,RX 560D,,[이엠텍] HV 라데온 RX 560 14CU D5 4GB NANO,\-,이엠텍,RX 560D,1090 MHz,1200 MHz,1,7000 MHz,153mm,,1,75W,400W,,1,,1,,1
504,,, ,,,,,,,,,,,,,,,,,,
505,,,-- RX 550 --,,,,,,,,,,,,,,,,,,
506,,, ,,,,,,,,,,,,,,,,,,
507,RX 550,,[GIGABYTE] 라데온 RX 550 Gaming D5 2GB,\122550,GIGABYTE,RX 550,1206 MHz,1219 MHz,2,7000 MHz,191mm,,,,400W,,1,,1,,1
508,RX 550,,[GIGABYTE] 라데온 RX 550 UD2 D5 2GB 미니미,\128500,GIGABYTE,RX 550,1183 MHz,1195 MHz,1,7000 MHz,170mm,,,,400W,,1,,1,,1
509,RX 550,,[PowerColor] 라데온 RX 550 OC D5 2GB 레드드래곤,\124000,PowerColor,RX 550,,1190 MHz,1,7000 MHz,144mm,,,,400W,,1,,1,,1
510,RX 550,,[PowerColor] 라데온 RX 550 D5 2GB 레드드래곤,\120000,PowerColor,RX 550,,1190 MHz,1,7000 MHz,225mm,,,,400W,,1,,1,,1
511,RX 550,,[SAPPHIRE] 라데온 RX 550 PULSE OC D5 2GB,\308560,SAPPHIRE,RX 550,1183 MHz,1206 MHz,1,7000 MHz,158mm,,,65W,400W,,1,,1,,1
512,,, ,,,,,,,,,,,,,,,,,,
513,,,-- Radeon Pro Duo --,,,,,,,,,,,,,,,,,,
514,,, ,,,,,,,,,,,,,,,,,,
515,Radeon Pro Duo,,[SAPPHIRE] 라데온 Pro Duo HBM 8GB,\1952000,SAPPHIRE,Radeon Pro Duo,1000 MHz,,1,1000 MHz,267mm,3,,350W,800W,,0,,1,,3
516,,, ,,,,,,,,,,,,,,,,,,
517,,,-- R9 FURY --,,,,,,,,,,,,,,,,,,
518,,, ,,,,,,,,,,,,,,,,,,
519,R9 Fury,,[ASUS] STRIX 라데온 R9 FURY DC3 HBM 4GB GAMING,\843000,ASUS,R9 Fury,1000 MHz,1020 MHz,3,1000 MHz,300mm,2,,,,,1,,1,,3
520,R9 Fury X,,[GIGABYTE] 라데온 R9 FURY X HBM 4GB,\947000,GIGABYTE,R9 Fury X,1050 MHz,,1,1000 MHz,195mm,2,,275W,600W,,0,,1,,3
521,R9 Fury X,,[MSI] 라데온 R9 FURY X HBM 4GB,\1089000,MSI,R9 Fury X,1050 MHz,,1,1000 MHz,195mm,2,,350W,,,0,,1,,3
522,R9 Fury X,,[SAPPHIRE] 라데온 R9 FURY X HBM 4GB,\989600,SAPPHIRE,R9 Fury X,1050 MHz,,1,1000 MHz,195mm,2,,275W,600W,,0,,1,,3
523,,, ,,,,,,,,,,,,,,,,,,
524,,,-- R9 NANO --,,,,,,,,,,,,,,,,,,
525,,, ,,,,,,,,,,,,,,,,,,
526,R9 Nano,,[GIGABYTE] 라데온 R9 Nano HBM 4GB,\801000,GIGABYTE,R9 Nano,1000 MHz,,1,1000 MHz,155mm,1,,,600W,,0,,1,,3
527,R9 Nano,,[SAPPHIRE] 라데온 R9 Nano HBM 4GB,\660400,SAPPHIRE,R9 Nano,1000 MHz,,1,1000 MHz,158mm,1,,190W,600W,,0,,1,,3
528,,, ,,,,,,,,,,,,,,,,,,
529,,,-- RX 480 --,,,,,,,,,,,,,,,,,,
530,,, ,,,,,,,,,,,,,,,,,,
531,RX 480,,[GIGABYTE] 라데온 RX 480 G1.Gaming D5 4GB,\545000,GIGABYTE,RX 480,,1290 MHz,2,7000 MHz,232mm,1,,,,,1,,1,,3
532,RX 480,,[GIGABYTE] 라데온 RX 480 G1.Gaming D5 8GB,\575000,GIGABYTE,RX 480,,1290 MHz,2,8000 MHz,191mm,1,,,,,1,,1,,3
533,RX 480,,[MSI] 라데온 RX 480 게이밍 X D5 8GB 트윈프로져6,\-,MSI,RX 480,1266 MHz,1316 MHz,2,8100 MHz,276mm,1,,150W,500W,,1,,2,,2
534,,, ,,,,,,,,,,,,,,,,,,
535,,,-- RX 470 --,,,,,,,,,,,,,,,,,,
536,,, ,,,,,,,,,,,,,,,,,,
537,RX 470,,[XFX] 라데온 RX 470 블랙울프 OC D5 4GB,\580000,XFX,RX 470,,1226 MHz,2,7000 MHz,240mm,,1,,500W,,1,,1,,3
538,,, ,,,,,,,,,,,,,,,,,,
539,,,-- RX 460 --,,,,,,,,,,,,,,,,,,
540,,, ,,,,,,,,,,,,,,,,,,
541,RX 460,,[GIGABYTE] 라데온 RX 460 UDV D5 2GB 윈드포스,\285000,GIGABYTE,RX 460,1212 MHz,1212 MHz,2,7000 MHz,191mm,,,75W,,,1,,1,,1
542,RX 460,,[GIGABYTE] 라데온 RX 460 UDV D5 4GB 윈드포스,\313000,GIGABYTE,RX 460,1212 MHz,1212 MHz,2,7000 MHz,191mm,,1,85W,,,1,,1,,1
543,RX 460,,[HIS] 라데온 RX 460 iCooler OC D5 2GB,\139550,HIS,RX 460,1090 MHz,1220 MHz,1,7000 MHz,170mm,,1,75W,,,1,,1,,1
544,RX 460,,[HIS] 라데온 RX 460 Slim iCooler OC D5 2GB,\-,HIS,RX 460,1090 MHz,1220 MHz,1,7000 MHz,168mm,,,75W,400W,,1,,1,,1
545,RX 460,,[SAPPHIRE] 라데온 RX 460 OC D5 2GB,\141000,SAPPHIRE,RX 460,1090 MHz,1210 MHz,2,7000 MHz,170mm,,,75W,,,1,,1,,1
546,RX 460,,[XFX] 라데온 RX 460 블랙울프 OC D5 2GB,\175000,XFX,RX 460,,1220 MHz,2,7000 MHz,238mm,,1,,,,1,,1,,1
,,,,,,,,,,,,,,,,,,,,,
