,,,메인보드 품목,단가,제조사,소켓,세부 칩셋,폼팩터,길이,폭,DDR,메모리 슬롯,램 클럭 지원,SLI,CF,DVI,D-Sub,HDMI 2.0,HDMI,DP,USB C 3.1,USB C 3.0,USB 3.1,USB 3.0,USB 2.0,"SATA
3","SATA
2",M.2,SATAe,U.2,LAN,WiFi,Bluetooth,색상,RGB Sync
2,EXISTS,,추가하지 않음,,,,,,,,,,,,,,,,,,,,,,,,,,,,,,,,
3,EXISTS,, ,,,,,,,,,,,,,,,,,,,,,,,,,,,,,,,,
4,0,,=< Intel >=,,,,,,,,,,,,,,,,,,,,,,,,,,,,,,,,
5,0,, ,,,,,,,,,,,,,,,,,,,,,,,,,,,,,,,,
6,0,,== 커피레이크 ==,,,,,,,,,,,,,,,,,,,,,,,,,,,,,,,,
7,0,, ,,,,,,,,,,,,,,,,,,,,,,,,,,,,,,,,
8,,,-- [커피레이크] H310 --,,,,,,,,,,,,,,,,,,,,,,,,,,,,,,,,
9,,, ,,,,,,,,,,,,,,,,,,,,,,,,,,,,,,,,
10,LGA 1151v2,,[ASRock] H310M-DGS,\73270,ASRock,LGA 1151v2,H310,m-ATX,19.1,18.8,DDR4,2 개,2666Mhz,,,O,,,,,,,,2,4,4,,,,,Realtek RTL8111H,,,,
11,LGA 1151v2,,[ASRock] H310M-HDV,\75870,ASRock,LGA 1151v2,H310,m-ATX,19.1,18.8,DDR4,2 개,2666Mhz,,,O,O,,O,,,,,2,4,4,,,,,Realtek RTL8111H,,,,
12,LGA 1151v2,,[ASRock] H310M-HDV/M.2,\78400,ASRock,LGA 1151v2,H310,m-ATX,19.1,18.8,DDR4,2 개,2666Mhz,,,O,O,,O,,,,,2,4,4,,1,,,Realtek RTL8111H,,,,
13,LGA 1151v2,,[ASRock] H310M-ITX/ac,\122200,ASRock,LGA 1151v2,H310,m-ITX,17,17,DDR4,2 개,,,,O,,,O,O,,,,2,2,4,,1,,,,O,O,,
14,0,, ,,,,,,,,,,,,,,,,,,,,,,,,,,,,,,,,
15,LGA 1151v2,,[ASUS] PRIME H310-PLUS,\108560,ASUS,LGA 1151v2,H310,ATX,30.5,19.1,DDR4,2 개,2666Mhz,,,,O,,O,,,,,2,2,4,,1,,,Realtek RTL8111H,,,,
16,LGA 1151v2,,[ASUS] PRIME H310I-PLUS,\107000,ASUS,LGA 1151v2,H310,m-ITX,17,17,DDR4,2 개,2666Mhz,,,O,O,,O,,,,,2,2,4,,1,,,Realtek RTL8111H,,,,
17,LGA 1151v2,,[ASUS] PRIME H310M-A,\85700,ASUS,LGA 1151v2,H310,m-ATX,22.6,18.5,DDR4,2 개,2666Mhz,,,O,O,,O,,,,,2,2,4,,1,,,Realtek RTL8111H,,,,
18,LGA 1151v2,,[ASUS] PRIME H310M-D,\93430,ASUS,LGA 1151v2,H310,m-ATX,22.6,18.5,DDR4,2 개,2666Mhz,,,,O,,O,,,,,2,2,4,,1,,,Realtek RTL8111H,,,,
19,LGA 1151v2,,[ASUS] PRIME H310M-E,\91400,ASUS,LGA 1151v2,H310,m-ATX,22.6,18.5,DDR4,2 개,2666Mhz,,,,O,,O,,,,,2,2,4,,1,,,Realtek RTL8111H,,,,
20,LGA 1151v2,,[ASUS] PRIME H310M-K,\82400,ASUS,LGA 1151v2,H310,m-ATX,22.6,18.5,DDR4,2 개,2666Mhz,,,O,O,,,,,,,2,2,4,,,,,Realtek RTL8111H,,,,
21,LGA 1151v2,,[ASUS] TUF H310-PLUS GAMING,\116840,ASUS,LGA 1151v2,H310,ATX,30.5,20.1,DDR4,2 개,2666Mhz,,,,O,,O,,,,,2,2,4,,1,,,Intel I219V,,,,
22,LGA 1151v2,,[ASUS] TUF H310M-PLUS GAMING,\90070,ASUS,LGA 1151v2,H310,m-ATX,22.6,20.8,DDR4,2 개,2666Mhz,,,O,,,O,,,,,2,4,4,,1,,,Intel I219V,,,,
23,0,, ,,,,,,,,,,,,,,,,,,,,,,,,,,,,,,,,
24,LGA 1151v2,,[BIOSTAR] H310MHD PRO,\72800,BIOSTAR,LGA 1151v2,H310,m-ATX,22.8,17.7,DDR4,2 개,2666Mhz,,,O,O,,O,,,,,2,4,4,,,,,Realtek RTL8111H,,,,
25,0,, ,,,,,,,,,,,,,,,,,,,,,,,,,,,,,,,,
26,LGA 1151v2,,[GIGABYTE] H310 D3 듀러블에디션,\94000,GIGABYTE,LGA 1151v2,H310,ATX,30.5,24.4,DDR4,2 개,2666Mhz,,,,O,,O,,,,,2,4,4,,1,,,Realtek RTL8111H,,,,
27,LGA 1151v2,,[GIGABYTE] H310M A 듀러블에디션,\80810,GIGABYTE,LGA 1151v2,H310,m-ATX,22.6,18.5,DDR4,2 개,2666Mhz,,,,,,O,O,,,,2,4,4,,1,,,Intel I219V,,,,
28,LGA 1151v2,,[GIGABYTE] H310M DS2 듀러블에디션,\470000,GIGABYTE,LGA 1151v2,H310,m-ATX,22.6,17.4,DDR4,2 개,2666Mhz,,,,O,,,,,,,2,4,4,,,,,Intel I219V,,,,
29,LGA 1151v2,,[GIGABYTE] H310M DS2V 듀러블에디션,\76820,GIGABYTE,LGA 1151v2,H310,m-ATX,22.6,18.5,DDR4,2 개,2666Mhz,,,O,O,,,,,,,2,4,4,,,,,Realtek RTL8111H,,,,
30,LGA 1151v2,,[GIGABYTE] H310M H 듀러블에디션,\79000,GIGABYTE,LGA 1151v2,H310,m-ATX,22.6,17.4,DDR4,2 개,2666Mhz,,,,O,,O,,,,,2,4,4,,,,,Realtek RTL8111H,,,,
31,LGA 1151v2,,[GIGABTRE] H310M HD2 듀러블에디션,\83840,GIGABTRE,LGA 1151v2,H310,m-ATX,24.4,18.5,DDR4,2 개,2666Mhz,,,O,O,,O,,,,,2,4,4,,,,,Realtek RTL8111H,,,,
32,LGA 1151v2,,[GIGABYTE] H310M S2H 듀러블에디션,\81820,GIGABYTE,LGA 1151v2,H310,m-ATX,22.6,18.5,DDR4,2 개,2666Mhz,,,O,O,,O,,,,,2,4,4,,1,,,Realtek RTL8111H,,,,
33,LGA 1151v2,,[GIGABYTE] H310M S2P 듀러블에디션,\86500,GIGABYTE,LGA 1151v2,H310,m-ATX,24.4,18.5,DDR4,2 개,2666Mhz,,,O,O,,O,,,,,2,4,4,,1,,,Realtek RTL8111H,,,,
34,0,, ,,,,,,,,,,,,,,,,,,,,,,,,,,,,,,,,
35,LGA1151v2,,[MSI] H310M-F PRO,\232000,GIGABYTE,LGA1151v2,H310,ATX,23,18.5,DDR4,2 개,,,,O,,,O,,,,,2,4,4,,1,,,,,,,
36,LGA1151v2,,[MSI] H310I PRO,\276000,GIGABYTE,LGA1151v2,H310,m-ITX,17,17,DDR4,2 개,,,,O,O,,O,,,,,,2,3,4,1,,,,,,,
37,LGA 1151v2,,[MSI] H310M PRO-M2,\90000,MSI,LGA 1151v2,H310,m-ATX,23,18.5,DDR4,2 개,2666Mhz,,,O,O,,O,,,,,2,4,4,,1,,,Intel I219V,,,,
38,LGA 1151v2,,[MSI] H310M PRO-VD,\76000,MSI,LGA 1151v2,H310,m-ATX,22.6,18.5,DDR4,2 개,2666Mhz,,,O,O,,,,,,,2,4,4,,,,,Realtek RTL8111H,,,,
39,LGA 1151v2,,[MSI] H310M PRO-VDH,\81000,MSI,LGA 1151v2,H310,m-ATX,22.6,18.5,DDR4,2 개,2666Mhz,,,O,O,,O,,,,,2,4,4,,,,,Realtek RTL8111H,,,,
40,LGA 1151v2,,[MSI] H310M PRO-VH,\78000,MSI,LGA 1151v2,H310,m-ATX,22.6,18.5,DDR4,2 개,2666Mhz,,,,O,,O,,,,,2,4,4,,,,,Realtek RTL8111H,,,,
41,LGA 1151v2,,[MSI] H310M 게이밍 아틱,\101000,MSI,LGA 1151v2,H310,m-ATX,23,18.5,DDR4,2 개,2666Mhz,,,O,,,O,,,,,2,4,4,,1,,,Intel I219V,,,,
42,,, ,,,,,,,,,,,,,,,,,,,,,,,,,,,,,,,,
43,,,-- [커피레이크] B360 --,,,,,,,,,,,,,,,,,,,,,,,,,,,,,,,,
44,,, ,,,,,,,,,,,,,,,,,,,,,,,,,,,,,,,,
45,LGA 1151v2,,[ASRock] B360 PRO4,\124500,ASRock,LGA 1151v2,B360,ATX,30.5,22.4,DDR4,4 개,2666Mhz,,2,O,O,,O,,1,,1,2,2,6,,2,,,Intel I219V,,,,
46,LGA 1151v2,,[ASRock] B360M PRO4,\101600,ASRock,LGA 1151v2,B360,m-ATX,24.4,24.4,DDR4,4 개,2666Mhz,,2,O,O,,O,,1,,1,2,2,6,,2,,,Intel I219V,,,,
47,LGA 1151v2,,[ASRock] B360M-HDV,\83700,ASRock,LGA 1151v2,B360,m-ATX,22.6,18.8,DDR4,2 개,2666Mhz,,,O,O,,O,,,,4,,2,6,,1,,,Intel I219V,,,,
48,0,, ,,,,,,,,,,,,,,,,,,,,,,,,,,,,,,,,
49,LGA 1151v2,,[ASUS] PRIME B360-PLUS,\129720,ASUS,LGA 1151v2,B360,ATX,30.5,22.11,DDR4,4 개,2666Mhz,,2,O,O,,O,,,,2,2,4,6,,2,,,Realtek RTL8111H,,,,
50,LGA 1151v2,,[ASUS] PRIME B360M-A,\110700,ASUS,LGA 1151v2,B360,m-ATX,24.4,20.6,DDR4,4 개,2666Mhz,,,O,O,,O,,,1,2,,2,6,,2,,,Realtek RTL8111H,,,,O
51,LGA 1151v2,,[ASUS] PRIME B360M-K,\92920,ASUS,LGA 1151v2,B360,m-ATX,22.6,18.5,DDR4,2 개,2666Mhz,,,O,O,,,,,,2,2,2,6,,1,,,Realtek RTL8111H,,,,
52,LGA 1151v2,,[ASUS] ROG STRIX B360-F GAMING,\149960,ASUS,LGA 1151v2,B360,ATX,30.5,24.4,DDR4,4 개,2666Mhz,,2,O,,,O,O,1,,2,,4,6,,2,,,Intel I219V,,,,O
53,LGA 1151v2,,[ASUS] ROG STRIX B360-G GAMING,\149960,ASUS,LGA 1151v2,B360,m-ATX,24.4,24.4,DDR4,4 개,2666Mhz,,2,O,,,O,,,,2,2,2,6,,2,,,Intel I219V,,,,O
54,LGA 1151v2,,[ASUS] ROG STRIX B360-H GAMING,\148400,ASUS,LGA 1151v2,B360,ATX,30.5,24.4,DDR4,4 개,2666Mhz,,2,O,,,O,,,,2,2,2,6,,2,,,Intel I219V,,,,O
55,LGA 1151v2,,[ASUS] ROG STRIX B360-I GAMING,\159000,ASUS,LGA 1151v2,B360,m-ITX,17,17,DDR4,2 개,2666Mhz,,,,,,O,O,,1,2,1,2,4,,2,,,Intel I219V,O,5.0,,O
56,LGA 1151v2,,[ASUS] TUF B360-PLUS GAMING,\131550,ASUS,LGA 1151v2,B360,ATX,30.5,24.4,DDR4,4 개,2666Mhz,,2,,O,,O,,,,2,2,4,6,,2,,,Intel I219V,,,,O
57,LGA 1151v2,,[ASUS] TUF B360-PRO GAMING (Wi-Fi),\144000,ASUS,LGA 1151v2,B360,ATX,30.5,24.4,DDR4,4 개,2666Mhz,,2,,O,,O,,,1,2,,4,6,,2,,,Intel I219V,O,5.0,,O
58,LGA 1151v2,,[ASUS] TUF B360-PRO GAMING,\133800,ASUS,LGA 1151v2,B360,ATX,30.5,24.4,DDR4,4 개,2666Mhz,,2,,O,,O,,,1,2,,4,6,,2,,,Intel I219V,,,,O
59,LGA 1151v2,,[ASUS] TUF B360M-E GAMING,\102000,ASUS,LGA 1151v2,B360,m-ATX,22.6,20.8,DDR4,2 개,2666Mhz,,,O,,,O,,,,2,2,2,6,,1,,,Intel I219V,,,,O
60,LGA 1151v2,,[ASUS] TUF B360M-PLUS GAMING,\119000,ASUS,LGA 1151v2,B360,m-ATX,24.4,23.1,DDR4,4 개,2666Mhz,,,O,,,O,,,1,2,,2,6,,2,,,Intel I219V,,,,O
61,0,, ,,,,,,,,,,,,,,,,,,,,,,,,,,,,,,,,
62,LGA 1151v2,,[BIOSTAR] B360MHD PRO,\80200,BIOSTAR,LGA 1151v2,B360,m-ATX,22.8,17.7,DDR4,2 개,2666Mhz,,,O,O,,O,,,,,4,2,4,,,,,Realtek RTL8111H,,,,
63,LGA 1151v2,,[BIOSTAR] RACING B360 GT3S,\106000,BIOSTAR,LGA 1151v2,B360,m-ATX,24.4,23,DDR4,4 개,2666Mhz,,,O,O,,O,,1,,1,2,2,6,,2,,,Intel I219V,,,,O
64,0,, ,,,,,,,,,,,,,,,,,,,,,,,,,,,,,,,,
65,LGA 1151v2,,[GIGABYTE] B360 AORUS Gaming 3 WiFi,\144300,GIGABYTE,LGA 1151v2,B360,ATX,30.5,22.5,DDR4,4 개,2666Mhz,,2,O,,,O,,1,,1,2,4,6,,2,,,Intel I219V,O,,,O
66,LGA 1151v2,,[GIGABYTE] B360 AORUS Gaming 3,\136800,GIGABYTE,LGA 1151v2,B360,ATX,30.5,22.5,DDR4,4 개,2666Mhz,,2,O,,,O,,1,,1,2,4,6,,2,,,Intel I219V,,,,O
67,LGA 1151v2,,[GIGABYTE] B360 HD3 듀러블에디션,\117000,GIGABYTE,LGA 1151v2,B360,ATX,30.5,22.5,DDR4,4 개,2666Mhz,,2,O,O,,O,,,,1,3,2,6,,2,,,Realtek RTL8111H,,,,O
68,LGA 1151v2,,[GIGABYTE] B360 HD3P 듀러블에디션,\123000,GIGABYTE,LGA 1151v2,B360,ATX,30.5,24.4,DDR4,4 개,2666Mhz,,2,O,,,O,,1,,2,2,2,6,,2,,,Intel I219V,,,,O
69,LGA 1151v2,,[GIGABYTE] B360M AORUS Gaming 3,\123000,GIGABYTE,LGA 1151v2,B360,m-ATX,24.4,23,DDR4,4 개,2666Mhz,,2,O,,,O,,,,1,3,2,6,,2,,,Intel I219V,,,,O
70,LGA 1151v2,,[GIGABYTE] B360M D2V 듀러블에디션,\93940,GIGABYTE,LGA 1151v2,B360,m-ATX,22.6,18.5,DDR4,2 개,2666Mhz,,,O,O,,,,,,,4,2,6,,1,,,Realtek RTL8111H,,,,
71,LGA 1151v2,,[GIGABYTE] B360M D3H 듀러블에디션,\106000,GIGABYTE,LGA 1151v2,B360,m-ATX,24.4,23,DDR4,4 개,2666Mhz,,2,O,O,,O,O,,1,1,2,2,6,,1,,,Intel I219V,,,,O
72,LGA 1151v2,,[GIGABYTE] B360M D3V 듀러블에디션,\94800,GIGABYTE,LGA 1151v2,B360,m-ATX,24.4,18.5,DDR4,2 개,2666Mhz,,,O,O,,,,,,,4,2,6,,1,,,Realtek RTL8111H,,,,
73,LGA 1151v2,,[GIGABYTE] B360M DS3H 듀러블에디션,\95400,GIGABYTE,LGA 1151v2,B360,m-ATX,22.6,20.5,DDR4,4 개,2666Mhz,,,O,O,,O,,,,,4,2,6,,1,,,Realtek RTL8111H,,,,O
74,LGA 1151v2,,[GIGABYTE] B360M H 듀러블에디션,\90000,GIGABYTE,LGA 1151v2,B360,m-ATX,22.6,18.5,DDR4,2 개,,,,,O,,O,,,,,4,2,4,,1,,,,,,,
75,LGA 1151v2,,[GIGABYTE] B360M HD3 듀러블에디션,\93950,GIGABYTE,LGA 1151v2,B360,m-ATX,24.4,18.5,DDR4,2 개,2666Mhz,,2,O,O,,O,,,,,4,2,6,,1,,,Realtek RTL8111H,,,,
76,LGA 1151v2,,[GIGABYTE] B360N WiFi 듀러블에디션,\140400,GIGABYTE,LGA 1151v2,B360,m-ITX,17,17,DDR4,2 개,,,,,,,O,,,,,4,2,4,,1,,,,O,O,,
77,0,, ,,,,,,,,,,,,,,,,,,,,,,,,,,,,,,,,
78,LGA 1151v2,,[MSI] B360 게이밍 아틱,\131000,MSI,LGA 1151v2,B360,ATX,30.5,24.4,DDR4,4 개,2666Mhz,,2,O,,,,O,1,,1,2,2,5,,1,,,Intel I219V,,,,O
79,LGA 1151v2,,[MSI] B360 게이밍 프로 카본,\149000,MSI,LGA 1151v2,B360,ATX,30.4,24.3,DDR4,4 개,2666Mhz,,2,,,,O,O,1,,1,4,2,6,,2,,,Intel I219V,,,,O
80,LGA 1151v2,,[MSI] B360 게이밍 플러스,\131000,MSI,LGA 1151v2,B360,ATX,30.4,24.3,DDR4,4 개,2666Mhz,,,O,,,,O,1,,1,2,2,5,,1,,,Intel I219V,,,,O
81,LGA 1151v2,,[MSI] B360-A PRO,\120000,MSI,LGA 1151v2,B360,ATX,30.4,24.3,DDR4,4 개,2666Mhz,,2,O,,,,O,1,,1,2,2,5,,1,,,Intel I219V,,,,
82,LGA 1151v2,,[MSI] B360-F PRO,\254000,MSI,LGA 1151v2,B360,ATX,30.5,22.5,DDR4,2 개,,,,O,,,O,,,,,2,4,4,,,,,,,,,
83,LGA 1151v2,,[MSI] B360I 게이밍 프로 AC,\148000,MSI,LGA 1151v2,B360,m-ITX,17,17,DDR4,4 개,2666Mhz,,,O,,,,O,,,2,2,2,4,,2,,,Realtek RTL8111H,O,5.0,,O
84,LGA 1151v2,,[MSI] B360M PRO-VD,\86000,MSI,LGA 1151v2,B360,m-ATX,22.6,18.5,DDR4,2 개,2666Mhz,,,O,O,,,,,,,4,2,6,,1,,,Realtek RTL8111H,,,,
85,LGA 1151v2,,[MSI] B360M PRO-VDH,\91000,MSI,LGA 1151v2,B360,m-ATX,24.4,24.4,DDR4,4 개,2666Mhz,,,O,O,,O,,,1,,3,2,6,,1,,,Realtek RTL8111H,,,,
86,LGA 1151v2,,[MSI] B360M PRO-VH,\88000,MSI,LGA 1151v2,B360,m-ATX,22.6,18.5,DDR4,2 개,2666Mhz,,,,O,,O,,,,,4,2,6,,1,,,Realtek RTL8111H,,,,
87,LGA 1151v2,,[MSI] B360M 게이밍 플러스,\102010,MSI,LGA 1151v2,B360,m-ATX,24.3,20.6,DDR4,2 개,2666Mhz,,,O,O,,O,,,1,,3,2,6,,1,,,Intel I219V,,,,O
88,LGA 1151v2,,[MSI] B360M 바주카 플러스,\103100,MSI,LGA 1151v2,B360,m-ATX,24.4,24.4,DDR4,4 개,2666Mhz,,,O,,,O,,,1,,3,2,6,,1,,,Realtek RTL8111H,,,,O
89,LGA 1151v2,,[MSI] B360M 박격포,\118000,MSI,LGA 1151v2,B360,m-ATX,24.3,24.3,DDR4,4 개,2666Mhz,,,O,,,O,O,1,,1,,4,4,,2,,,Intel I219V,,,,O
90,LGA 1151v2,,[MSI] B360M 박격포 티타늄,\123000,MSI,LGA 1151v2,B360,m-ATX,24.3,24.3,DDR4,4 개,2666Mhz,,,O,,,O,O,1,,1,,4,4,,2,,,Intel I219V,,,,O
91,,, ,,,,,,,,,,,,,,,,,,,,,,,,,,,,,,,,
92,,,-- [커피레이크] H370 --,,,,,,,,,,,,,,,,,,,,,,,,,,,,,,,,
93,,, ,,,,,,,,,,,,,,,,,,,,,,,,,,,,,,,,
94,LGA 1151v2,,[ASRock] H370 PRO4,\119220,ASRock,LGA 1151v2,H370,ATX,30.5,22.4,DDR4,4 개,2666Mhz,,2,O,,,O,,,,2,2,2,6,,3,,,Intel I219V,,,,
95,LGA 1151v2,,[ASRock] H370M PRO4,\112000,ASRock,LGA 1151v2,H370,m-ATX,24.4,24.4,DDR4,4 개,2666Mhz,,2,O,O,,O,,1,,1,2,2,6,,2,,,Intel I219V,,,,
96,LGA 1151v2,,[ASRock] H370M-ITX/ac,\142000,ASRock,LGA 1151v2,H370,m-ITX,17,17,DDR4,2 개,2666Mhz,,,,,,2X,O,,,4,2,2,6,,1,,,Intel I219V + I211-AT,O,4.2,,
97,LGA 1151v2,,[ASRock] FATAL1TY H370 Performance,\142000,ASRock,LGA 1151v2,H370,ATX,30.5,24.4,DDR4,4 개,2666Mhz,,2,,O,,O,O,1,,1,2,2,6,,2,,,Intel I219V,,,,O
98,0,, ,,,,,,,,,,,,,,,,,,,,,,,,,,,,,,,,
99,LGA 1151v2,,[ASUS] PRIME H370-A,\134200,ASUS,LGA 1151v2,H370,ATX,30.5,22.1,DDR4,4 개,2666Mhz,,2,O,O,,O,,,,2,2,2,6,,2,,,Realtek RTL8111H,,,,
100,LGA 1151v2,,[ASUS] PRIME H370-PLUS,\132000,ASUS,LGA 1151v2,H370,ATX,30.5,22.11,DDR4,4 개,2666Mhz,,2,O,O,,O,,,,2,2,2,6,,2,,,Realtek RTL8111H,,,,
101,LGA 1151v2,,[ASUS] PRIME H370M-PLUS,\138000,ASUS,LGA 1151v2,H370,m-ATX,24.4,24.4,DDR4,4 개,2666Mhz,,2,O,O,,O,,,1,2,2,2,6,,2,,,Intel I219V,,,,
102,LGA 1151v2,,[ASUS] ROG STRIX H370-F GAMING,\178700,ASUS,LGA 1151v2,H370,ATX,30.5,24.4,DDR4,4 개,2666Mhz,,2,O,,,O,O,1,,2,,4,6,,2,,,Intel I219V,,,,O
103,LGA 1151v2,,[ASUS] ROG STRIX H370-I GAMING,\174630,ASUS,LGA 1151v2,H370,m-ITX,17,17,DDR4,2 개,2666Mhz,,,,,,O,O,,1,2,3,,4,,2,,,Intel I219V + Realtek RTL8111H,O,5.0,,O
104,LGA 1151v2,,[ASUS] TUF H370-PRO GAMING (Wi-Fi),\166670,ASUS,LGA 1151v2,H370,ATX,30.5,24.4,DDR4,4 개,2666Mhz,,2,,O,,O,O,,1,2,2,2,6,,2,,,Intel I219V,O,5.0,,O
105,LGA 1151v2,,[ASUS] TUF H370-PRO GAMING,\158000,ASUS,LGA 1151v2,H370,ATX,30.5,24.4,DDR4,4 개,2666Mhz,,2,,O,,O,O,,1,2,2,2,6,,2,,,Intel I219V,,,,O
106,0,, ,,,,,,,,,,,,,,,,,,,,,,,,,,,,,,,,
107,LGA 1151v2,,[GIGABYTE] H370 AORUS Gaming 3 WiFi,\167000,GIGABYTE,LGA 1151v2,H370,ATX,30.5,24.4,DDR4,4 개,2666Mhz,,2,O,,,O,,1,,1,2,4,6,,2,,,Intel I219V,O,5.0,,O
108,LGA 1151v2,,[GIGABYTE] H370 AORUS Gaming 3,\140400,GIGABYTE,LGA 1151v2,H370,ATX,30.5,24.4,DDR4,4 개,2666Mhz,,2,O,,,O,,1,,1,2,4,6,,2,,,Intel I219V,,,,O
109,LGA 1151v2,,[GIGABYTE] H370 HD3 듀러블에디션,\141450,GIGABYTE,LGA 1151v2,H370,ATX,30.5,22.5,DDR4,4 개,2666Mhz,,2,O,O,,O,,,1,1,4,2,6,,2,,,Intel I219V,,,,O
110,LGA 1151v2,,[GIGABYTE] H370M D3H 듀러블에디션,\139000,GIGABYTE,LGA 1151v2,H370,m-ATX,24.4,23,DDR4,4 개,2666Mhz,,2,O,O,,O,,,1,1,4,2,6,,2,,,Intel I219V,,,,O
111,LGA 1151v2,,[GIGABYTE] H370M DS3H 듀러블에디션,\133000,GIGABYTE,LGA 1151v2,H370,m-ATX,24.4,24.4,DDR4,4 개,2666Mhz,,2,O,O,,O,O,,1,,3,2,6,,2,,,Intel I219V,,,,O
112,LGA 1151v2,,[GIGABYTE] H370N WiFi 듀러블에디션,\167500,GIGABYTE,LGA 1151v2,H370,m-ITX,17,17,DDR4,2 개,2666Mhz,,,,,,O,O,,1,,4,,4,,2,,,Intel I219V + I211-AT,O,5.0,,O
113,0,, ,,,,,,,,,,,,,,,,,,,,,,,,,,,,,,,,
114,LGA 1151v2,,[MSI] H370 게이밍 프로 카본,\159600,MSI,LGA 1151v2,H370,ATX,30.4,24.3,DDR4,4 개,2666Mhz,,2,,,,O,O,1,,1,4,2,6,,2,,,Intel I219V,,,,O
115,LGA 1151v2,,[MSI] H370 게이밍 플러스,\140400,MSI,LGA 1151v2,H370,ATX,30.4,24.3,DDR4,4 개,2666Mhz,,2,O,,,,O,1,,1,2,2,5,,1,,,Intel I219V,,,,O
116,LGA 1151v2,,[MSI] H370M 바주카,\120000,MSI,LGA 1151v2,H370,m-ATX,24.4,24.4,DDR4,4 개,2666Mhz,,,O,,,O,,,1,,3,2,6,,1,,,Realtek RTL8111H,,,,O
117,,, ,,,,,,,,,,,,,,,,,,,,,,,,,,,,,,,,
118,,,-- [커피레이크] Z370 --,,,,,,,,,,,,,,,,,,,,,,,,,,,,,,,,
119,,, ,,,,,,,,,,,,,,,,,,,,,,,,,,,,,,,,
120,LGA 1151v2,,[ASRock] Z370 EXTREME 4,\172400,ASRock,LGA 1151v2,Z370,ATX,30.5,24.4,DDR4,4개,4333Mhz,2,3,1,1,,1,,1,,1,4,,8,,2,,,Intel I219V,,,검은,O
121,LGA 1151v2,,[ASRock] Z370 PRO4,\144700,ASRock,LGA 1151v2,Z370,ATX,30.5,24.4,DDR4,4개,4266Mhz,1,2,1,1,,1,,,1,,5,,6,,2,,,Intel I219V,,,검은,
122,LGA 1151v2,,[ASRock] Z370 Taichi,\268000,ASRock,LGA 1151v2,Z370,ATX,30.5,24.4,DDR4,4개,4333Mhz,3,3,,,,1,1,1,,1,4,,8,,3,,,Intel I219V + I211-AT,O,,검은,O
123,LGA 1151v2,,[ASRock] Z370M PRO4,\137500,ASRock,LGA 1151v2,Z370,m-ATX,24.4,24.4,DDR4,4개,4333Mhz,1,2,1,1,,1,,,1,,4,1,6,,2,,,Intel I219V,,,검회,
124,LGA 1151v2,,[ASRock] FATAL1TY Z370 Gaming K6,\258000,ASRock,LGA 1151v2,Z370,ATX,30.5,24.4,DDR4,4개,4333Mhz,2,3,1,1,,1,,1,,1,4,,8,,2,,,Intel I219V + I211-AT,,,검은,O
125,LGA 1151v2,,[ASRock] FATAL1TY Z370 Gaming-ITX/ac,\270700,ASRock,LGA 1151v2,Z370,m-ITX,17,17,DDR4,2개,4333Mhz,1,1,,,1,,1,,,,6,,6,,1,,,Intel I219V,O,,검정,
126,LGA 1151v2,, ,,,LGA 1151v2,,,,,,,,,,,,,,,,,,,,,,,,,,,,,
127,LGA 1151v2,,[ASUS] PRIME Z370-A,\197900,ASUS,LGA 1151v2,Z370,ATX,30.5,24.4,DDR4,4개,4000Mhz,2,3,1,,,1,1,1,,1,2,2,6,,2,,,Intel I219V,,,검은,O
128,LGA 1151v2,,[ASUS] PRIME Z370-P,\170900,ASUS,LGA 1151v2,Z370,ATX,30.5,22.6,DDR4,4개,4000Mhz,1,2,1,,,1,,,,,4,2,4,,2,,,Realtek RTL8111H,,,검은,
129,LGA 1151v2,,[ASUS] ROG MAXIMUS X APEX,\465900,ASUS,LGA 1151v2,Z370,E-ATX,30.5,27.2,DDR4,2개,4500Mhz,2,4,,,,1,1,1,,1,6,,4,,2,,,Intel I219V,,,검은,O
130,LGA 1151v2,,[ASUS] ROG MAXIMUS X CODE,\466000,ASUS,LGA 1151v2,Z370,ATX,30.5,24.4,DDR4,4개,4133Mhz,2,3,,,,1,1,1,,1,4,4,6,,2,,,Intel I219V,O,,검정,O
131,LGA 1151v2,,[ASUS] ROG MAXIMUS X FORMULA,\575640,ASUS,LGA 1151v2,Z370,ATX,30.5,24.4,DDR4,4개,4133Mhz,2,3,,,,1,1,1,,1,4,4,6,,2,,,Intel I219V,O,,검정,O
132,LGA 1151v2,,[ASUS] ROG MAXIMUS X HERO (Wi-Fi AC),\410000,ASUS,LGA 1151v2,Z370,ATX,30.5,24.4,DDR4,4개,4133Mhz,2,3,,,,1,1,1,,1,4,2,6,,2,,,Intel I219V,O,,검정,O
133,LGA 1151v2,,[ASUS] ROG MAXIMUS X HERO,\350000,ASUS,LGA 1151v2,Z370,ATX,30.5,24.4,DDR4,4개,4000Mhz,2,3,,,,1,1,1,,1,4,2,6,,2,,,Intel I219V,,,검정,O
134,LGA 1151v2,,[ASUS] ROG STRIX Z370-E GAMING,\241950,ASUS,LGA 1151v2,Z370,ATX,30.5,24.4,DDR4,4개,4133Mhz,2,3,1,,,1,1,1,,1,2,2,6,,2,,,Intel I219V,O,,검은,O
135,LGA 1151v2,,[ASUS] ROG STRIX Z370-F GAMING,\199630,ASUS,LGA 1151v2,Z370,ATX,30.5,24.4,DDR4,4개,4000Mhz,2,3,,,,1,1,1,,1,2,2,6,,2,,,Intel I219V,,,검정,O
136,LGA 1151v2,,[ASUS] ROG STRIX Z370-G GAMING,\221710,ASUS,LGA 1151v2,Z370,m-ATX,24.4,24.4,DDR4,4개,4000Mhz,2,2,,,,1,1,,,2,4,2,6,,2,,,Intel I219V,,,검정,O
137,LGA 1151v2,,[ASUS] ROG STRIX Z370-G GAMING (Wi-Fi AC),\266600,ASUS,LGA 1151v2,Z370,m-ATX,24.4,24.4,DDR4,4개,4000Mhz,2,2,,,,1,,,,2,4,2,6,,2,,,Intel I219V,O,,검정,O
138,LGA 1151v2,,[ASUS] ROG STRIX Z370-H GAMING,\169000,ASUS,LGA 1151v2,Z370,ATX,30.5,24.4,DDR4,4개,4333Mhz,2,2,1,,,1,1,,,2,4,2,6,,2,,,Intel I219V,,,검빨,
139,LGA 1151v2,,[ASUS] ROG STRIX Z370-I GAMING,\250500,ASUS,LGA 1151v2,Z370,m-ITX,17,17,DDR4,4개,4000Mhz,1,1,,,,1,,,1,,3,4,4,,2,,,Intel I219V,O,,검흰,O
140,LGA 1151v2,,[ASUS] TUF Z370-PLUS GAMING,\153640,ASUS,LGA 1151v2,Z370,ATX,30.5,24.4,DDR4,2개,4000Mhz,1,2,1,,,1,,,1,2,2,2,6,,2,,,Intel I219V,,,검정,O
141,LGA 1151v2,,[ASUS] TUF Z370-PRO GAMING,\155000,ASUS,LGA 1151v2,Z370,ATX,30.5,24.4,DDR4,4개,4000Mhz,2,2,1,,,1,,,,2,4,2,6,,2,,,Intel I219V,,,검노,
142,LGA 1151v2,, ,,,LGA 1151v2,,,,,,,,,,,,,,,,,,,,,,,,,,,,,
143,LGA 1151v2,,[GIGABYTE] Z370 AORUS Gaming 3,\185800,GIGABYTE,LGA 1151v2,Z370,ATX,30.5,24.4,DDR4,4개,4000Mhz,1,2,,,,1,,1,,1,4,2,6,,2,,,Killer E2500,,,검빨,O
144,LGA 1151v2,,[GIGABYTE] Z370 AORUS Gaming K3,\180300,GIGABYTE,LGA 1151v2,Z370,ATX,30.5,24.4,DDR4,4개,4133Mhz,1,2,1,,,1,1,1,,1,4,2,6,,2,,,Intel I219V,,,검회,O
145,LGA 1151v2,,[GIGABYTE] Z370 AORUS Gaming 5,\291000,GIGABYTE,LGA 1151v2,Z370,ATX,30.5,24.4,DDR4,4개,4133Mhz,2,3,,,,1,1,1,,1,4,2,6,,3,,,Intel I219V,O,,검은,O
146,LGA 1151v2,,[GIGABYTE] Z370 AORUS Gaming 7,\332000,GIGABYTE,LGA 1151v2,Z370,ATX,30.5,24.4,DDR4,4개,4000Mhz,2,3,,,,1,,1,,1,5,,6,,3,,,Intel I219V + Killer E2500,,,검은,O
147,LGA 1151v2,,[GIGABYTE] Z370 AORUS Gaming 7-OP,\360000,GIGABYTE,LGA 1151v2,Z370,ATX,30.5,24.4,DDR4,4개,,,,,,,1,1,,,2,4,2,6,,3,,,,O,O,,O
148,LGA 1151v2,,[GIGABYTE] Z370 AORUS Gaming WiFi,\210000,GIGABYTE,LGA 1151v2,Z370,ATX,30.5,24.4,DDR4,4개,4000Mhz,2,3,,,,1,,1,,1,6,,6,,2,,,Intel I219V,O,,검회,O
149,LGA 1151v2,,[GIGABYTE] Z370 AORUS Ultra Gaming,\217700,GIGABYTE,LGA 1151v2,Z370,ATX,30.5,24.4,DDR4,4개,4000Mhz,2,3,1,,,1,,1,,1,4,2,6,,2,,,Intel I219V,,,검정,O
150,LGA 1151v2,,[GIGABYTE] Z370 AORUS Ultra Gaming WIFi,\237000,GIGABYTE,LGA 1151v2,Z370,ATX,30.5,24.4,DDR4,4개,,,,,,,1,,,,2,4,2,6,,2,,,,O,O,,O
151,LGA 1151v2,,[GIGABYTE] Z370 AORUS Ultra Gaming 2.0,\217500,GIGABYTE,LGA 1151v2,Z370,ATX,30.5,24.4,DDR4,4개,4000Mhz,2,3,,,,1,,1,,1,4,2,6,,2,,,Intel I219V,,,,O
152,LGA 1151v2,,[GIGABYTE] Z370 AORUS Ultra Gaming 2.0-OP,\239000,GIGABYTE,LGA 1151v2,Z370,ATX,30.5,24.4,DDR4,4개,,,,,,,1,,,,2,4,2,6,,2,,,,,,,O
153,0,, ,,,,,,,,,,,,,,,,,,,,,,,,,,,,,,,,
154,LGA 1151v2,,[GIGABYTE] Z370 HD3 듀러블에디션,\154800,GIGABYTE,LGA 1151v2,Z370,ATX,30.5,22.5,DDR4,4개,4000Mhz,1,2,1,,,1,,,,,4,2,6,,1,,,Intel I219V,,,검흰,O
155,LGA 1151v2,,[GIGABYTE] Z370 HD3-OP 듀러블에디션,\175900,GIGABYTE,LGA 1151v2,Z370,ATX,30.5,22.5,DDR4,4개,,,,1,,,1,,,,,4,2,6,,1,,,,,,,O
156,LGA 1151v2,,[GIGABYTE] Z370 UD3H 듀러블에디션,\177700,GIGABYTE,LGA 1151v2,Z370,ATX,30.5,24.4,DDR4,4개,4000Mhz,2,3,,,,1,1,1,,1,6,,6,,2,,,Intel I219V,,,,O
157,LGA 1151v2,,[GIGABYTE] Z370M D3H 듀러블에디션,\145300,GIGABYTE,LGA 1151v2,Z370,m-ATX,24.4,24.4,DDR4,4개,4400Mhz,1,2,1,,,1,1,,1,,6,,6,,2,,,Intel I219V,,,검흰,O
158,LGA 1151v2,,[GIGABYTE] Z370M DS3H 듀러블에디션,\145000,GIGABYTE,LGA 1151v2,Z370,m-ATX,22.8,19.3,DDR4,4개,3866Mhz,,,1,,,1,,,,,4,2,6,,1,,,Realtek RTL8111H,,,,
159,LGA 1151v2,,[GIGABYTE] Z370N WiFi 듀러블에디션,\190500,GIGABYTE,LGA 1151v2,Z370,m-ITX,17,17,DDR4,4개,4000Mhz,1,1,,,1,1,,1,,1,6,,4,,2,,,Intel I219V 2x,O,,검흰,O
160,LGA 1151v2,,[GIGABYTE] Z370P D3 듀러블에디션,\152000,GIGABYTE,LGA 1151v2,Z370,ATX,30.5,22.5,DDR4,4개,4000Mhz,,2,,,,1,,,,,4,2,6,,1,,,Realtek RTL8111H,,,,O
161,LGA 1151v2,,[GIGABYTE] Z370XP SLI 듀러블에디션,\474990,GIGABYTE,LGA 1151v2,Z370,ATX,30.5,24.4,DDR4,4개,4000Mhz,2,3,,,,1,,1,,1,6,,6,,2,,,Intel I219V,,,검흰,O
162,LGA 1151v2,, ,,,LGA 1151v2,,,,,,,,,,,,,,,,,,,,,,,,,,,,,
163,LGA 1151v2,,[MSI] Z370 SLI PLUS,\184800,MSI,LGA 1151v2,Z370,ATX,30.5,24.4,DDR4,4개,4133Mhz,2,3,1,,,1,,1,,1,4,2,6,,2,,,Intel I219V,,,검정,O
164,LGA 1151v2,,[MSI] Z370 갓라이크 게이밍,\-,MSI,LGA 1151v2,Z370,E-ATX,30.5,27.2,DDR4,4개,4000Mhz,2,4,,,,,,1,,1,6,,6,,3,,1,Killer E2500 3x,O,,검정,O
165,LGA 1151v2,,[MSI] Z370 게이밍 플러스,\167000,MSI,LGA 1151v2,Z370,ATX,30.5,24.4,DDR4,4개,4000Mhz,1,2,,1,,1,1,,,,4,2,6,,1,,,Intel I219V,,,검빨,
166,LGA 1151v2,,[MSI] Z370 게이밍 M5,\263100,MSI,LGA 1151v2,Z370,ATX,30.5,24.4,DDR4,4개,4000Mhz,2,3,,,,1,1,1,,1,2,3,6,,2,,,Killer E2500,,,검정,O
167,LGA 1151v2,,[MSI] Z370 게이밍 프로 카본,\231790,MSI,LGA 1151v2,Z370,ATX,30.5,24.4,DDR4,4개,4000Mhz,2,3,,,,1,1,1,,1,4,2,6,,2,,,Intel I219V,,,검정,O
168,LGA 1151v2,,[MSI] Z370 크레이트 게이밍,\173000,MSI,LGA 1151v2,Z370,ATX,30.5,24.4,DDR4,4개,4000Mhz,2,3,1,,,1,,1,,1,4,2,6,,2,,,Intel I219V,,,검정,O
169,LGA 1151v2,,[MSI] Z370 토마호크,\174700,MSI,LGA 1151v2,Z370,ATX,30.5,24.4,DDR4,4개,4000Mhz,2,2,1,,,1,,1,,1,4,2,6,,2,,,Intel I219V,,,검정,O
170,LGA 1151v2,,[MSI] Z370-A PRO,\138800,MSI,LGA 1151v2,Z370,ATX,30.5,24.4,DDR4,4개,4000Mhz,2,2,1,1,,,1,,,,4,2,6,,1,,,Realtek RTL8111H,,,갈색,
171,LGA 1151v2,,[MSI] Z370M 박격포,\139000,MSI,LGA 1151v2,Z370,m-ATX,24.3,24.3,DDR4,4개,4000Mhz,2,2,1,,,1,1,,,,4,2,6,,2,,,Intel I219V,,,검회,O
172,,, ,,,,,,,,,,,,,,,,,,,,,,,,,,,,,,,,
173,0,,== 카비레이크 ==,,,,,,,,,,,,,,,,,,,,,,,,,,,,,,,,
174,0,, ,,,,,,,,,,,,,,,,,,,,,,,,,,,,,,,,
175,,,"-- [스카이레이크, 카비레이크] B250 --",,,,,,,,,,,,,,,,,,,,,,,,,,,,,,,,
176,,, ,,,,,,,,,,,,,,,,,,,,,,,,,,,,,,,,
177,LGA 1151,,[ASRock] B250 PRO4,\121200,ASRock,LGA 1151,B250,ATX,30.5,22.4,DDR4,4개,2400Mhz,1,2,O,O,,O,,,1,,3,1,6,,2,,,Intel I219V,,,검흰,
178,LGA 1151,,[ASRock] B250M PRO4,\97400,ASRock,LGA 1151,B250,m-ATX,24.4,24.4,DDR4,4개,2400Mhz,1,2,O,O,,O,,,1,,3,2,6,,2,,,Intel I219V,,,검흰,
179,LGA 1151,,[ASRock] B250M-HDV,\79000,ASRock,LGA 1151,B250,m-ATX,22.5,18.5,DDR4,2개,2400Mhz,1,1,O,O,,O,,,,,4,2,6,,1,,,Intel I219V,,,검흰,
180,LGA 1151,,[ASRock] FATAL1TY B250M Performance,\120900,ASRock,LGA 1151,B250,m-ATX,24.4,24.4,DDR4,4개,2400Mhz,1,2,O,O,,O,,,1,,3,2,6,,2,,,Intel I219V,,,검빨,O
181,LGA 1151,, ,,,LGA 1151,,,,,,,,,,,,,,,,,,,,,,,,,,,,,
182,LGA 1151,,[ASUS] PRIME B250M-A,\96900,ASUS,LGA 1151,B250,m-ATX,24.4,20.6,DDR4,4개,2400Mhz,1,1,O,O,,O,,,1,,2,2,6,,2,,,Realtek 8111H,,,검정,
183,LGA 1151,,[ASUS] PRIME B250M-C,\137490,ASUS,LGA 1151,B250,m-ATX,22.6,18.5,DDR4,4개,2400Mhz,1,1,O,O,,O,O,,,,4,2,6,,2,,,Intel I219V,,,초록,
184,LGA 1151,,[ASUS] PRIME B250M-K,\81700,ASUS,LGA 1151,B250,m-ATX,22.6,18.5,DDR4,2개,2400Mhz,1,1,O,O,,,,,,,4,2,6,,1,,,Realtek 8111H,,,검정,
185,LGA 1151,,[ASUS] PRIME B250M-PLUS,\113900,ASUS,LGA 1151,B250,m-ATX,24.4,22.4,DDR4,4개,2400Mhz,1,2,O,O,,O,,,1,,3,2,6,,2,,,Intel I219V,,,검정,
186,LGA 1151,,[ASUS] PRIME B250-PLUS,\140000,ASUS,LGA 1151,B250,ATX,30.5,21.8,DDR4,4개,2400Mhz,1,2,O,O,,O,,,1,,2,4,6,,2,,,Realtek 8111H,,,검빨,
187,LGA 1151,,[ASUS] PRIME B250-PRO,\143000,ASUS,LGA 1151,B250,ATX,30.5,21.8,DDR4,4개,2400Mhz,1,2,O,O,,O,,,1,2,2,2,6,,2,,,Realtek RTL8111H,,,검빨,
188,LGA 1151,,[ASUS] ROG STRIX B250F GAMING,\162660,ASUS,LGA 1151,B250,ATX,30.5,24.4,DDR4,4개,2400Mhz,1,2,,O,,O,O,1,,1,2,4,6,,2,,,Intel I219V,,,검정,O
189,LGA 1151,,[ASUS] ROG STRIX B250G GAMING,\144500,ASUS,LGA 1151,B250,m-ATX,24.4,21.8,DDR4,4개,2400Mhz,1,1,,O,,O,,,,,2,4,6,,2,,,Intel I219V,,,검빨,
190,LGA 1151,,[ASUS] ROG STRIX B250H GAMING,\155000,ASUS,LGA 1151,B250,ATX,30.5,23.4,DDR4,4개,2400Mhz,1,2,,O,,O,,,,,2,4,6,,2,,,Intel I219V,,,검빨,
191,LGA 1151,, ,,,LGA 1151,,,,,,,,,,,,,,,,,,,,,,,,,,,,,
192,LGA 1151,,[BIOSTAR] RACING B250 GT3,\95000,BIOSTAR,LGA 1151,B250,m-ATX,24.4,23,DDR4,4개,2400Mhz,1,2,,O,,O,,,,,4,2,6,,2,,,Intel I219V,,,검정,O
193,LGA 1151,,[BIOSTAR] RACING B250 GT5,\118200,BIOSTAR,LGA 1151,B250,ATX,30.5,22.5,DDR4,4개,2400Mhz,1,2,O,O,,O,,,1,,3,2,6,,2,,,Intel I219V,,,검정,O
194,LGA 1151,,[BIOSTAR] TB250 BTC,\110240,BIOSTAR,LGA 1151,B250,ATX,29.5,21,DDR4,2개,2400Mhz,1,1,,O,,,,,,,4,2,6,,1,,,Realtek RTL8111H,,,검정,
195,LGA 1151,,[BIOSTAR] TB250 BTC PRO,\173500,BIOSTAR,LGA 1151,B250,ATX,29.5,21,DDR4,2개,2400Mhz,1,1,,O,,,,,,,4,2,6,,,,,Realtek RTL8111H,,,검정,
196,LGA 1151,,[BIOSTAR] TB250 BTC+,\159700,BIOSTAR,LGA 1151,B250,ATX,29.5,21,DDR4,2개,2400Mhz,1,1,,O,,,,,,,4,2,6,,,,,Realtek RTL8111H,,,검정,
197,LGA 1151,, ,,,LGA 1151,,,,,,,,,,,,,,,,,,,,,,,,,,,,,
198,LGA 1151,,[GIGABYTE] GA-B250-HD3 듀러블에디션,\127000,GIGABYTE,LGA 1151,B250,ATX,30.5,22.5,DDR4,4개,2400Mhz,1,2,O,O,,O,,,,,4,2,6,,1,1,,Intel I219V,,,검정,
199,LGA 1151,,[GIGABYTE] GA-B250-HD3P 듀러블에디션,\143200,GIGABYTE,LGA 1151,B250,ATX,30.5,22.5,DDR4,4개,2400Mhz,1,2,O,O,,O,,1,,1,4,2,6,,1,1,,Intel I219V,,,검정,
200,LGA 1151,,[GIGABYTE] GA-B250M-D2V 듀러블에디션,\86850,GIGABYTE,LGA 1151,B250,m-ATX,22.6,17.4,DDR4,2개,2400Mhz,1,1,O,O,,,,,,,4,2,6,,,,,Realtek 8111H,,,검정,
201,LGA 1151,,[GIGABYTE] GA-B250M-D3H 듀러블에디션,\97460,GIGABYTE,LGA 1151,B250,m-ATX,24.4,22.5,DDR4,4개,2400Mhz,1,2,O,O,,O,O,,,,4,2,6,,1,1,,Intel I219V,,,검정,
202,LGA 1151,,[GIGABYTE] GA-B250M-D3V 듀러블에디션,\88730,GIGABYTE,LGA 1151,B250,m-ATX,24.4,17.4,DDR4,2개,2400Mhz,1,1,O,O,,,,,,,4,2,6,,1,,,Realtek 8111H,,,검정,
203,LGA 1151,,[GIGABYTE] GA-B250M-DS3H 듀러블에디션,\92800,GIGABYTE,LGA 1151,B250,m-ATX,22.6,19.3,DDR4,4개,2400Mhz,1,1,O,O,,O,,,,,4,2,6,,1,,,Realtek 8111H,,,검정,
204,LGA 1151,,[GIGABYTE] GA-B250M-Gaming 5 게이밍에디션,\164300,GIGABYTE,LGA 1151,B250,m-ATX,24.4,24.4,DDR4,4개,2400Mhz,1,2,,O,,O,,,,,4,3,6,,1,,,Intel I219V,,,검빨,O
205,LGA 1151,,[GIGABYTE] GA-B250M-HD3 듀러블에디션,\89900,GIGABYTE,LGA 1151,B250,m-ATX,24.4,17.4,DDR4,2개,2400Mhz,1,1,O,O,,O,,,,,4,2,6,,1,,,Realtek 8111H,,,검정,
206,LGA 1151,,[GIGABYTE] GA-B250N-Phoenix WiFi 듀러블에디션,\155700,GIGABYTE,LGA 1151,B250,m-ITX,17,17,DDR4,2개,2400Mhz,1,1,,,,O,O,1,,1,4,2,4,,1,,,Intel I219V,O,,검-주황,O
207,LGA 1151,,[GIGABYTE] GA-Gaming B8 게이밍에디션,\172500,GIGABYTE,LGA 1151,B250,ATX,30.5,23.3,DDR4,4개,2400Mhz,1,2,,O,,O,,1,,1,4,1,6,,1,,,Intel I219V,,,검초,O
208,LGA 1151,, ,,,LGA 1151,,,,,,,,,,,,,,,,,,,,,,,,,,,,,
209,LGA 1151,,[MSI] B250I 게이밍 프로 AC,\143900,MSI,LGA 1151,B250,m-ITX,17,17,DDR4,2개,2400Mhz,1,1,,O,,O,,,,,4,2,4,,1,,,Realtek RTL8111H,,,갈색,
210,LGA 1151,,[MSI] B250M PRO-VD,\81800,MSI,LGA 1151,B250,m-ATX,22.6,18.5,DDR4,2개,2400Mhz,1,1,O,O,,,,,,,6,4,2,,1,,,Realtek 8111H,,,갈색,
211,LGA 1151,,[MSI] B250M PRO-VDH,\97800,MSI,LGA 1151,B250,m-ATX,24.4,22.8,DDR4,4개,2400Mhz,1,1,O,O,,O,,,1,,3,2,6,,1,,,Realtek 8111H,,,갈색,
212,LGA 1151,,[MSI] B250M 바주카,\97300,MSI,LGA 1151,B250,m-ATX,24.4,22.8,DDR4,4개,2400Mhz,1,1,,O,,O,,,1,,3,2,6,,1,,,Realtek 8111H,,,검회,O
213,LGA 1151,,[MSI] B250M 박격포,\96500,MSI,LGA 1151,B250,m-ATX,24.4,24.4,DDR4,4개,2400Mhz,1,2,,O,,O,O,,1,,3,2,6,,1,,,Intel I219V,,,검회,O
214,LGA 1151,,[MSI] B250M 박격포 아틱,\115400,MSI,LGA 1151,B250,m-ATX,24.4,24.4,DDR4,4개,2400Mhz,1,2,,O,,O,O,,1,,3,2,6,,1,,,Intel I219V,,,흰색,O
215,,, ,,,,,,,,,,,,,,,,,,,,,,,,,,,,,,,,
216,,,"-- [스카이레이크, 카비레이크] H270 --",,,,,,,,,,,,,,,,,,,,,,,,,,,,,,,,
217,,, ,,,,,,,,,,,,,,,,,,,,,,,,,,,,,,,,
218,LGA 1151,,[ASRock] FATAL1TY H270 Performance,\149600,ASRock,LGA 1151,H270,ATX,30.5,24.4,DDR4,4개,2400Mhz,1,2,O,O,,O,,,1,,3,2,6,,2,,,Intel I219V,,,검빨,O
219,LGA 1151,,[ASRock] H270 PRO4,\135100,ASRock,LGA 1151,H270,ATX,30.5,24.4,DDR4,4개,2400Mhz,1,2,O,O,,O,,,1,,5,,6,,2,,,Intel I219V,,,검흰,
220,LGA 1151,,[ASRock] H270M PRO4,\124200,ASRock,LGA 1151,H270,m-ATX,24.4,24.4,DDR4,4개,2400Mhz,1,2,O,O,,O,,,1,,3,2,6,,2,,,Intel I219V,,,검흰,
221,LGA 1151,,[ASRock] H270m-ITX/ac,\162000,ASRock,LGA 1151,H270,m-ITX,17,17,DDR4,2개,2400Mhz,1,1,,O,,O,,,,,6,2,6,,1,,,Intel I219V + I219V,O,,검정,
222,LGA 1151,, ,,,LGA 1151,,,,,,,,,,,,,,,,,,,,,,,,,,,,,
223,LGA 1151,,[ASUS] PRIME H270M-PLUS,\140060,ASUS,LGA 1151,H270,m-ATX,24.38,23.88,DDR4,4개,2400Mhz,1,2,O,O,,O,,,1,,2,2,6,,2,,,Intel I219V,,,검정,
224,LGA 1151,,[ASUS] PRIME H270-PLUS,\156440,ASUS,LGA 1151,H270,ATX,30.5,22.1,DDR4,4개,2400Mhz,1,2,O,O,,O,,,,,4,2,6,,2,,,Realtek 8111H,,,검정,
225,LGA 1151,,[ASUS] PRIME H270-PRO,\156430,ASUS,LGA 1151,H270,ATX,30.5,22.6,DDR4,4개,2400Mhz,1,2,,O,,O,O,,1,2,2,2,6,,2,,,Intel I219V,,,검정,
226,LGA 1151,,[ASUS] ROG STRIX H270F GAMING,\180960,ASUS,LGA 1151,H270,ATX,30.5,24.4,DDR4,4개,2400Mhz,1,2,,O,,O,O,1,,1,2,4,6,,2,,,Intel I219V,,,검정,O
227,LGA 1151,, ,,,LGA 1151,,,,,,,,,,,,,,,,,,,,,,,,,,,,,
228,LGA 1151,,[GIGABYTE] GA-H270-GAMING 3 게이밍에디션,\162300,GIGABYTE,LGA 1151,H270,ATX,30.5,24.4,DDR4,4개,2400Mhz,1,2,,O,,O,,1,,1,4,2,6,,2,2,,Killer E2500,,,검정,O
229,LGA 1151,,[GIGABYTE] GA-H270-HD3 듀러블에디션,\138400,GIGABYTE,LGA 1151,H270,ATX,30.5,24.4,DDR4,4개,2400Mhz,1,2,O,O,,O,,,,,4,2,6,,1,1,,Intel I219V,,,검정,
230,LGA 1151,,[GIGABYTE] GA-H270-HD3P 듀러블에디션,\152300,GIGABYTE,LGA 1151,H270,ATX,30.5,22.5,DDR4,4개,2400Mhz,1,2,O,O,,O,,1,,1,4,2,6,,1,1,,Intel I219V,,,검정,
231,LGA 1151,,[GIGABYTE] GA-H270M-D3H 듀러블에디션,\140000,GIGABYTE,LGA 1151,H270,m-ATX,24.4,22.5,DDR4,4개,2400Mhz,1,2,O,O,,O,,,1,,4,2,6,,1,2,,Intel I219V,,,검정,
232,LGA 1151,,[GIGABYTE] GA-H270M-DS3H 듀러블에디션,\132000,GIGABYTE,LGA 1151,H270,m-ATX,24.4,21.5,DDR4,4개,2400Mhz,1,2,O,O,,O,O,,,,4,2,6,,1,2,,Realtek 8111H,,,검정,
233,LGA 1151,,[GIGABYTE] GA-H270N-WiFi 듀러블에디션,\187700,GIGABYTE,LGA 1151,H270,m-ITX,17,17,DDR4,2개,2400Mhz,1,1,,O,,O,,,1,,4,,6,,1,,,Intel I219V + I219V,O,,검정,
234,LGA 1151,, ,,,LGA 1151,,,,,,,,,,,,,,,,,,,,,,,,,,,,,
235,LGA 1151,,[MSI] H270 게이밍 M3,\164100,MSI,LGA 1151,H270,ATX,30.4,24.3,DDR4,4개,2400Mhz,1,2,,O,,O,,1,,1,4,2,6,,1,,1,Killer E2500,,,검빨,O
236,LGA 1151,,[MSI] H270 게이밍 프로 카본,\173900,MSI,LGA 1151,H270,ATX,30.5,24.4,DDR4,4개,2400Mhz,1,2,,O,,O,,1,,1,4,2,6,,2,,,Intel I219V,,,검정,O
237,LGA 1151,,[MSI] H270 토마호크 아틱,\161000,MSI,LGA 1151,H270,ATX,30.4,24.3,DDR4,4개,2400Mhz,1,2,,O,,O,,1,,1,4,2,6,,2,,,LIntel I219V,,,흰색,O
238,LGA 1151,,[MSI] H270-A PRO,\128000,MSI,LGA 1151,H270,ATX,30.5,22.5,DDR4,4개,2400Mhz,1,1,O,O,,,O,,,,8,6,6,,1,,,Realtek RTL8111H,,,고동,
239,LGA 1151,,[MSI] H270M 박격포 아틱,\143500,MSI,LGA 1151,H270,m-ATX,24.4,24.4,DDR4,4개,2400Mhz,1,2,,O,,O,O,,1,,3,2,6,,1,,,Intel I219V,,,흰색,O
240,,, ,,,,,,,,,,,,,,,,,,,,,,,,,,,,,,,,
241,,,"-- [스카이레이크, 카비레이크] Z270 --",,,,,,,,,,,,,,,,,,,,,,,,,,,,,,,,
242,,, ,,,,,,,,,,,,,,,,,,,,,,,,,,,,,,,,
243,LGA 1151,,[ASRock] FATAL1TY Z270 Gaming K4,\195800,ASRock,LGA 1151,Z270,ATX,30.5,24.4,DDR4,4개,3733Mhz,1,2,O,O,,O,,,1,,3,2,6,,2,,,Intel I219V,,,검빨,O
244,LGA 1151,,[ASRock] FATAL1TY Z270 Gaming K6,\220800,ASRock,LGA 1151,Z270,ATX,30.5,24.4,DDR4,4개,3866Mhz,2,3,O,O,,O,,1,,1,4,,8,,2,,,Intel I219V + I211-AT,,,검빨,O
245,LGA 1151,,[ASRock] FATAL1TY Z270 Gaming-ITX/ac,\255400,ASRock,LGA 1151,Z270,m-ITX,17,17,DDR4,2개,4000Mhz,1,1,,,O,,O,1,,,6,,6,,1,,,Intel I219V,O,,검빨,
246,LGA 1151,,[ASRock] FATAL1TY Z270 Professional Gaming i7,\346900,ASRock,LGA 1151,Z270,ATX,30.5,24.4,DDR4,4개,3733Mhz,2,3,,,,O,O,1,,1,4,,10,,3,2,,AQUANTIA AQC108 + Intel I219V + Intel I211-AT,O,,검빨,O
247,LGA 1151,,[ASRock] Z270 EXTREME 4,\196200,ASRock,LGA 1151,Z270,ATX,30.5,24.4,DDR4,4개,3866Mhz,2,3,,O,,O,,1,,1,4,,8,,2,,,Intel I219V,,,검흰,O
248,LGA 1151,,[ASRock] Z270 KILLER SLI,\189900,ASRock,LGA 1151,Z270,ATX,30.5,24.4,DDR4,4개,3733Mhz,2,2,,O,,O,,,1,,7,5,6,,2,,,Intel I219V,,,검흰,O
249,LGA 1151,,[ASRock] Z270 PRO4,\159400,ASRock,LGA 1151,Z270,ATX,30.5,22,DDR4,4개,2400Mhz,1,2,O,O,,O,,,1,,5,,6,,2,,,Intel I219V,,,검흰,
250,LGA 1151,,[ASRock] Z270 SUPERCARRIER,\463000,ASRock,LGA 1151,Z270,ATX,30.5,24.4,DDR4,4개,3733Mhz,4,4,,,,O,O,2,,,4,2,10,,3,2,,AQUANTIA AQC108 + Intel I219V + Intel I211-AT,O,,검은,O
251,LGA 1151,,[ASRock] Z270 Taichi,\256300,ASRock,LGA 1151,Z270,ATX,30.5,24.4,DDR4,4개,3733Mhz,2,3,,,,O,O,1,,1,4,,10,,3,2,,Intel I219V + I211-AT,,,검흰,O
252,LGA 1151,,[ASRock] Z270M PRO4,\149600,ASRock,LGA 1151,Z270,m-ATX,24.4,24.4,DDR4,4개,3600Mhz,1,2,O,O,,O,,,1,,3,2,6,,2,,,Intel I219V,,,검흰,
253,LGA 1151,, ,,,LGA 1151,,,,,,,,,,,,,,,,,,,,,,,,,,,,,
254,LGA 1151,,[ASUS] PRIME Z270-A,\226180,ASUS,LGA 1151,Z270,ATX,30.5,24.4,DDR4,4개,3866Mhz,2,3,,O,,O,O,1,,1,4,,6,,2,,,Intel I219V,,,검은,O
255,LGA 1151,,[ASUS] PRIME Z270-K,\190700,ASUS,LGA 1151,Z270,ATX,30.5,24.4,DDR4,4개,3866Mhz,1,2,O,O,,O,,,1,2,2,2,6,,2,,,Intel I219V,,,검은,
256,LGA 1151,,[ASUS] PRIME Z270M-PLUS,\178600,ASUS,LGA 1151,Z270,m-ATX,23.88,24.38,DDR4,4개,3866Mhz,1,2,O,O,,O,,,1,,2,2,4,,2,,,Intel I219V,,,검은,
257,LGA 1151,,[ASUS] PRIME Z270-P,\197700,ASUS,LGA 1151,Z270,ATX,30.5,22.1,DDR4,4개,3866Mhz,1,2,,O,,O,,,,,4,2,4,,2,,,Realtek 8111H,,,검은,
258,LGA 1151,,[ASUS] ROG MAXIMUS IX APEX,\397000,ASUS,LGA 1151,Z270,E-ATX,30.5,27.2,DDR4,2개,4266Mhz,2,4,,,,O,O,1,,1,6,,4,,2,,,Intel I219V,,,검정,O
259,LGA 1151,,[ASUS] ROG MAXIMUS IX CODE,\488900,ASUS,LGA 1151,Z270,ATX,30.5,24.4,DDR4,4개,4000Mhz,2,3,,,,O,O,1,,1,4,4,6,,2,,,Intel I219V,O,,검정,O
260,LGA 1151,,[ASUS] ROG MAXIMUS IX EXTREME,\888300,ASUS,LGA 1151,Z270,E-ATX,30.5,27.2,DDR4,4개,4133Mhz,2,3,,,,O,O,1,,1,6,,8,,2,,,Intel I219V,O,,검정,O
261,LGA 1151,,[ASUS] ROG MAXIMUS IX FORMULA,\555400,ASUS,LGA 1151,Z270,ATX,30.5,24.4,DDR4,4개,4000Mhz,2,3,,,,O,O,1,,1,4,4,6,,2,,,Intel I219V,O,,검정,O
262,LGA 1151,,[ASUS] ROG MAXIMUS IX HERO,\357000,ASUS,LGA 1151,Z270,ATX,30.5,24.4,DDR4,4개,4000Mhz,2,3,,,,O,O,1,,1,4,4,6,,2,,,Intel I219V,,,검정,
263,LGA 1151,,[ASUS] ROG STRIX Z270E GAMING,\287800,ASUS,LGA 1151,Z270,ATX,30.5,24.4,DDR4,4개,3866Mhz,2,3,,O,,O,O,1,,1,4,,6,,2,,,Intel I219V,O,,검정,O
264,LGA 1151,,[ASUS] ROG STRIX Z270F GAMING,\235400,ASUS,LGA 1151,Z270,ATX,30.5,23.4,DDR4,4개,3866Mhz,2,3,,O,,O,O,1,,1,4,,6,,2,,,Intel I219V,,,검정,O
265,LGA 1151,,[ASUS] ROG STRIX Z270G GAMING,\314800,ASUS,LGA 1151,Z270,m-ATX,24.4,24.4,DDR4,4개,4000Mhz,2,2,,,,O,O,1,,1,4,2,6,,2,,,Intel I219V,O,,검정,O
266,LGA 1151,,[ASUS] ROG STRIX Z270H GAMING,\201000,ASUS,LGA 1151,Z270,ATX,30.5,23.4,DDR4,4개,3866Mhz,2,2,,O,,O,,,,2,4,2,6,,2,,,Intel I219V,,,검정,
267,LGA 1151,,[ASUS] ROG STRIX Z270I GAMING,\332000,ASUS,LGA 1151,Z270,m-ITX,17,17,DDR4,2개,4266Mhz,1,1,,,,O,O,,1,,3,4,4,,2,,,Intel I219V,O,,검은,O
268,LGA 1151,,[ASUS] TUF Z270 MARK1,\350800,ASUS,LGA 1151,Z270,ATX,30.5,24.4,DDR4,4개,3866Mhz,2,3,,,,O,O,1,,1,2,5,6,,2,,,Intel I219V + I211-AT,,,메탈그레이,O
269,LGA 1151,,[ASUS] Z270-WS,\601600,ASUS,LGA 1151,Z270,ATX,30.5,24.4,DDR4,4개,3866Mhz,4,4,,,O,,O,1,,1,4,4,6,,2,,2,Intel I210-AT + I219-LM,,,검은,O
270,LGA 1151,, ,,,LGA 1151,,,,,,,,,,,,,,,,,,,,,,,,,,,,,
271,LGA 1151,,[BIOSTAR] RACING Z270 GT6,\169000,BIOSTAR,LGA 1151,Z270,ATX,30.5,22.5,DDR4,4개,3200Mhz,1,3,,O,,O,,,1,,4,2,6,,1,,1,Intel I219V,,,검정,O
272,LGA 1151,,[BIOSTAR] RACING Z270 GT8,\298400,BIOSTAR,LGA 1151,Z270,ATX,30.5,24.4,DDR4,4개,3600Mhz,1,2,,,O,O,O,1,,1,4,,6,,1,,2,Intel I219V,,,검정,O
273,LGA 1151,,[BIOSTAR] RACING Z270 GT9,\415300,BIOSTAR,LGA 1151,Z270,ATX,30.5,24.4,DDR4,4개,3600Mhz,1,2,,,O,O,O,1,,1,4,,6,,1,,2,Intel X550AT + I219V,,,검정,O
274,LGA 1151,, ,,,LGA 1151,,,,,,,,,,,,,,,,,,,,,,,,,,,,,
275,LGA 1151,,[GIGABYTE] GA-Z270-Gaming 3 게이밍에디션,\202000,GIGABYTE,LGA 1151,Z270,ATX,30.5,24.4,DDR4,4개,3866Mhz,1,2,,O,,O,,1,,1,4,2,6,,1,2,,Killer E2500,,,검빨,
276,LGA 1151,,[GIGABYTE] GA-Z270-Gaming K3 게이밍에디션,\186200,GIGABYTE,LGA 1151,Z270,ATX,30.5,24.4,DDR4,4개,3866Mhz,1,2,,O,,O,,1,,1,4,2,6,,1,2,,Killer E2500,,,검빨,
277,LGA 1151,,[GIGABYTE] GA-Z270-HD3 듀러블에디션,\170750,GIGABYTE,LGA 1151,Z270,ATX,30.5,22.5,DDR4,4개,3866Mhz,1,2,O,O,,O,,,,,4,2,6,,1,1,,Intel I219V,,,검정,
278,LGA 1151,,[GIGABYTE] GA-Z270-HD3P 듀러블에디션,\185600,GIGABYTE,LGA 1151,Z270,ATX,30.5,22.5,DDR4,4개,3866Mhz,1,2,O,O,,O,,1,,1,6,,6,,1,1,,Intel I219V,,,검정,
279,LGA 1151,,[GIGABYTE] GA-Z270M-D3H 듀러블에디션,\168000,GIGABYTE,LGA 1151,Z270,m-ATX,24.4,22.5,DDR4,4개,3866Mhz,1,2,O,O,,O,,1,,,4,2,6,,1,3,,Intel I219V,,,검정,
280,LGA 1151,,[GIGABYTE] GA-Z270MX-Gaming 5 게이밍에디션,\248600,GIGABYTE,LGA 1151,Z270,m-ATX,24.4,24.4,DDR4,4개,4000Mhz,2,3,,,,O,O,1,,1,4,2,6,,1,,1,Killer E2500,,,검빨,O
281,LGA 1151,,[GIGABYTE] GA-Z270N-Gaming 5 게이밍에디션,\246000,GIGABYTE,LGA 1151,Z270,m-ITX,17,17,DDR4,2개,4000Mhz,1,1,,,,O,O,1,,1,4,,4,,1,,,Intel I219V,,,검-주황,O
282,LGA 1151,,[GIGABYTE] GA-Z270N-WiFi 듀러블에디션,\228400,GIGABYTE,LGA 1151,Z270,m-ITX,17,17,DDR4,2개,4000Mhz,1,1,,O,,O,,,1,,4,,6,,1,,,Intel I219V + I219V,O,,검정,
283,LGA 1151,,[GIGABYTE] GA-Z270-Phoenix Gaming 게이밍에디션,\197000,GIGABYTE,LGA 1151,Z270,ATX,30.5,24.4,DDR4,4개,3866Mhz,1,2,,O,,O,,1,,1,4,,6,,1,,,Intel I219V,,,검-주황,O
284,LGA 1151,,[GIGABYTE] GA-Z270X-Gaming 5 어로스,\283930,GIGABYTE,LGA 1151,Z270,ATX,30.5,24.4,DDR4,4개,4000Mhz,2,3,,,,O,O,1,,1,4,2,6,,2,3,1,Intel I219V + Killer E2500,,,검-주황,O
285,LGA 1151,,[GIGABYTE] GA-Z270X-Gaming 7 어로스,\327800,GIGABYTE,LGA 1151,Z270,ATX,30.5,24.4,DDR4,4개,4000Mhz,2,3,,,,O,O,1,,1,5,,6,,2,3,1,Intel I219V + Killer E2500,,,검흰,O
286,LGA 1151,,[GIGABYTE] GA-Z270X-Gaming 8 어로스,\555000,GIGABYTE,LGA 1151,Z270,ATX,30.5,24.4,DDR4,4개,4133Mhz,2,3,,,O,,O,1,,1,5,,6,,2,2,2,Intel I219V + Killer E2500,O,,검정,O
287,LGA 1151,,[GIGABYTE] GA-Z270X-Gaming 9 어로스,\757400,GIGABYTE,LGA 1151,Z270,E-ATX,30.5,26.4,DDR4,4개,4000Mhz,4,4,,,O,,O,1,,1,5,,6,,2,2,2,Killer E2500 + E2500,O,,검흰,O
288,LGA 1151,,[GIGABYTE] GA-Z270X-Gaming K5 어로스,\248290,GIGABYTE,LGA 1151,Z270,ATX,30.5,24.4,DDR4,4개,3866Mhz,2,3,,,,O,O,1,,1,3,2,6,,2,3,1,Killer E2500,,,검정,O
289,LGA 1151,,[GIGABYTE] GA-Z270X-Gaming K7 어로스,\289970,GIGABYTE,LGA 1151,Z270,ATX,30.5,24.4,DDR4,4개,4133Mhz,2,3,,,,O,O,1,,1,4,2,6,,2,3,1,Intel I219V + Killer E2500,,,검흰,O
290,LGA 1151,,[GIGABYTE] GA-Z270X-Gaming SOC OC에디션,\276770,GIGABYTE,LGA 1151,Z270,ATX,30.5,24.4,DDR4,4개,4000Mhz,2,3,,,,O,O,1,,1,4,2,6,,2,2,1,Intel I219V,,,검-주황,O
291,LGA 1151,,[GIGABYTE] GA-Z270X-UD3 듀러블에디션,\217100,GIGABYTE,LGA 1151,Z270,ATX,30.5,22.5,DDR4,4개,3866Mhz,2,3,,,,O,,1,,1,6,,6,,1,1,,Intel I219V,,,검은,
292,LGA 1151,,[GIGABYTE] GA-Z270X-UD5 듀러블에디션,\278000,GIGABYTE,LGA 1151,Z270,ATX,30.5,24.4,DDR4,4개,4000Mhz,2,3,,,,O,O,1,,1,3,2,6,,1,,1,Intel I219V + I219V,O,,검은,
293,LGA 1151,,[GIGABYTE] GA-Z270X-Ultra Gaming 게이밍에디션,\217350,GIGABYTE,LGA 1151,Z270,ATX,30.5,24.4,DDR4,4개,3866Mhz,2,3,,O,,O,,1,,1,4,2,6,,1,2,1,Intel I219V,,,검정,O
294,LGA 1151,, ,,,LGA 1151,,,,,,,,,,,,,,,,,,,,,,,,,,,,,
295,LGA 1151,,[MSI] Z270 MPOWER 게이밍 티타늄,\422000,MSI,LGA 1151,Z270,ATX,30.5,24.4,DDR4,4개,4000Mhz,2,3,,,,O,O,1,,1,2,3,6,,3,,1,Killer E2500,,,티타늄,O
296,LGA 1151,,[MSI] Z270 XPOWER 게이밍 티타늄,\522900,MSI,LGA 1151,Z270,ATX,30.5,24.4,DDR4,4개,4000Mhz,2,4,,,,O,O,1,,1,4,3,8,,3,,1,Intel I219V + I211-AT,,,티타늄,O
297,LGA 1151,,[MSI] Z270 게이밍 M5,\288000,MSI,LGA 1151,Z270,ATX,30.5,24.4,DDR4,4개,3800Mhz,2,3,,,,O,O,1,,1,2,3,6,,2,,1,Killer E2500,,,검정,O
298,LGA 1151,,[MSI] Z270 게이밍 M7,\348400,MSI,LGA 1151,Z270,ATX,30.5,24.4,DDR4,4개,3800Mhz,2,3,,,,O,O,1,,1,2,3,6,,3,,1,Killer E2500,,,검정,O
299,LGA 1151,,[MSI] Z270 게이밍 프로 카본,\250600,MSI,LGA 1151,Z270,ATX,30.4,24.3,DDR4,4개,3800Mhz,2,3,,O,,O,,1,,1,4,2,6,,2,,,Intel I219V,,,검정,O
300,LGA 1151,,[MSI] Z270 밀리터리 에디션,\211000,MSI,LGA 1151,Z270,ATX,30.4,24.3,DDR4,4개,3800Mhz,1,2,,O,,O,,1,,1,4,2,6,,2,,,Intel I219V,,,검정카모,O
301,LGA 1151,,[MSI] Z270 크레이트 게이밍,\210000,MSI,LGA 1151,Z270,ATX,30.5,24.4,DDR4,4개,3800Mhz,2,3,,O,,O,,1,,1,4,2,6,,2,,,Intel i219V,,,검흰,O
302,LGA 1151,,[MSI] Z270 토마호크,\191600,MSI,LGA 1151,Z270,ATX,30.4,24.3,DDR4,4개,3800Mhz,1,2,,O,,O,,1,,1,4,2,6,,2,,,Intel I219V,,,검정,O
303,LGA 1151,,[MSI] Z270 토마호크 아틱,\209000,MSI,LGA 1151,Z270,ATX,30.4,24.3,DDR4,4개,3800Mhz,1,2,,O,,O,,1,,1,4,2,6,,2,,,Intel I219V,,,흰색,O
304,LGA 1151,,[MSI] Z270 피씨 메이트,\186900,MSI,LGA 1151,Z270,ATX,30.4,24.3,DDR4,4개,3800Mhz,1,2,O,O,,O,,1,,1,4,2,6,,2,,,Intel I219V,,,검정,
305,LGA 1151,,[MSI] Z270-A PRO,\-,MSI,LGA 1151,Z270,ATX,30.5,22.5,DDR4,4개,3800Mhz,1,1,O,O,,,O,,,,8,6,6,,1,,,Realtek RTL8111H,,,고동,
306,LGA 1151,,[MSI] Z270M 박격포,\-,MSI,LGA 1151,Z270,m-ATX,24.4,24.4,DDR4,4개,3800Mhz,1,2,,O,,O,O,,1,,7,6,6,,1,,,Intel I219V,,,검정,O
307,,, ,,,,,,,,,,,,,,,,,,,,,,,,,,,,,,,,
308,0,, ,,,,,,,,,,,,,,,,,,,,,,,,,,,,,,,,
309,0,,== 스카이레이크 ==,,,,,,,,,,,,,,,,,,,,,,,,,,,,,,,,
310,0,, ,,,,,,,,,,,,,,,,,,,,,,,,,,,,,,,,
311,,,"-- [스카이레이크-X, 카비레이크-X] X299 --",,,,,,,,,,,,,,,,,,,,,,,,,,,,,,,,
312,,, ,,,,,,,,,,,,,,,,,,,,,,,,,,,,,,,,
313,LGA 2066,,[AsRock] X299 KILLER SLI/ac,\325800,AsRock,LGA 2066,X299,ATX,30.5,24.4,DDR4,8개,4400Mhz,3,3,,,,,,1,,1,2,4,8,,3,,,Intel I219V,,,검회,O
314,LGA 2066,,[AsRock] X299 Taichi,\391700,AsRock,LGA 2066,X299,ATX,30.5,24.4,DDR4,8개,4400Mhz,3,3,,,,,,1,,1,4,2,10,,3,,,Intel I219V + I211-AT,,,검회,O
315,LGA 2066,,[AsRock] FATAL1TY X299 Gaming K6,\360200,AsRock,LGA 2066,X299,ATX,30.5,24.4,DDR4,8개,4400Mhz,3,3,,,,,,1,,1,4,4,8,,3,,,Intel I219V + I211-AT,,,검회,O
316,LGA 2066,,[AsRock] FATAL1TY X299 Professional Gaming i9,\571400,AsRock,LGA 2066,X299,ATX,30.5,24.4,DDR4,8개,4400Mhz,3,3,,,,,,1,,1,4,2,10,,3,,,AQUANCIA AQC107 + Intel I219V + I211-AT,,,검회,O
317,LGA 2066,, ,,,LGA 2066,,,,,,,,,,,,,,,,,,,,,,,,,,,,,
318,LGA 2066,,[ASUS] PRIME X299-A,\454900,ASUS,LGA 2066,X299,ATX,30.5,24.4,DDR4,8개,4000Mhz,3,3,,,,,,1,,1,4,2,8,,2,,,Intel I219V,,,검은,O
319,LGA 2066,,[ASUS] PRIME X299-DELUXE,\698300,ASUS,LGA 2066,X299,ATX,30.5,24.4,DDR4,8개,4133Mhz,3,3,,,,,,1,,3,4,4,7,,2,,1,Intel I219V + I211-AT,,,,O
320,LGA 2066,,[ASUS] ROG RAMPAGE VI APEX,\749400,ASUS,LGA 2066,X299,E-ATX,30.5,20.7,DDR4,4개,4133Mhz,4,4,,,,,,1,,1,6,2,6,,4,,,Intel I219V,O,,검정,O
321,LGA 2066,,[ASUS] ROG RAMPAGE VI EXTREME,\1082990,ASUS,LGA 2066,X299,E-ATX,30.5,27.7,DDR4,8개,4200Mhz,4,4,,,,,,,,2,8,,6,,1,,1,Aquancia AQC107 + Intel I219V,O,4.1,,O
322,LGA 2066,,[ASUS] ROG STRIX X299-E GAMING,\506960,ASUS,LGA 2066,X299,ATX,30.5,24.4,DDR4,8개,4133Mhz,3,3,,,,,,1,,1,4,2,8,,2,,,Intel I219V,O,,검정,O
323,LGA 2066,,[ASUS] ROG STRIX X299-XE GAMING,\505000,ASUS,LGA 2066,X299,ATX,30.5,24.4,DDR4,8개,4133Mhz,3,3,,,,,,1,,1,4,2,8,,2,,,Intel I219V,O,4.2,,O
324,LGA 2066,,[ASUS] TUF X299 MARK1,\491700,ASUS,LGA 2066,X299,ATX,30.5,24.4,DDR4,8개,4000Mhz,3,3,,,,,,1,,1,4,4,8,,2,,,Intel I219V + I211-AT,,,검회,O
325,LGA 2066,,[ASUS] TUF X299 MARK2,\380800,ASUS,LGA 2066,X299,ATX,30.5,24.4,DDR4,8개,4000Mhz,3,3,,,,,,,,2,4,4,8,,2,,,Intel I219V + I211-AT,,,검회,O
326,LGA 2066,,[ASUS] WS X299 PRO,\551000,ASUS,LGA 2066,X299,ATX,30.5,24.4,DDR4,8개,4133Mhz,3,3,,,,,,1,,1,4,4,6,,2,,1,Intel I210-AT 2x,,,,O
327,LGA 2066,,[ASUS] WS X299 PRO/SE,\599000,ASUS,LGA 2066,X299,ATX,30.5,24.4,DDR4,8개,4133Mhz,3,3,,,,,,1,,1,4,4,6,,2,,1,Intel I210-AT 2x,,,,O
328,LGA 2066,,[ASUS] WS X299 SAGE,\756000,ASUS,LGA 2066,X299,CEB,30.5,26.7,DDR4,8개,4200Mhz,4,4,,,,,,1,,1,6,4,8,,2,,,Intel I210-AT + I219-LM,,,,O
329,LGA 2066,, ,,,LGA 2066,,,,,,,,,,,,,,,,,,,,,,,,,,,,,
330,LGA 2066,,[GIGABYTE] X299 AORUS Gaming 3,\401500,GIGABYTE,LGA 2066,X299,ATX,30.5,24.4,DDR4,8개,4400Mhz,3,3,,,,,,1,,1,6,,8,,2,,,Intel I219V,,,검정,O
331,LGA 2066,,[GIGABYTE] X299 AORUS Gaming 3 Pro,\388000,GIGABYTE,LGA 2066,X299,ATX,30.5,24.4,DDR4,8개,4400Mhz,3,3,,,,,,1,,1,6,,8,,2,,,Intel I219V,,,검정,O
332,LGA 2066,,[GIGABYTE] X299 AORUS Gaming 7,\619900,GIGABYTE,LGA 2066,X299,ATX,30.5,24.4,DDR4,8개,4400Mhz,3,3,,,,,,1,,4,4,,8,,3,,,Intel I219V + Killer E2500,O,,검정,O
333,LGA 2066,,[GIGABYTE] X299 AORUS Gaming 7 Pro,\634000,GIGABYTE,LGA 2066,X299,ATX,30.5,24.4,DDR4,8개,4400Mhz,3,3,,,,,,1,,4,4,,8,,3,,,Intel I219V + Killer E2500,O,4.1,검정,O
334,LGA 2066,,[GIGABYTE] X299 AORUS Gaming 9,\770840,GIGABYTE,LGA 2066,X299,ATX,30.5,24.4,DDR4,8개,4400Mhz,3,3,,,,,,1,,4,4,,8,,3,,,Intel I219V + Killer E2500,O,,검정,O
335,LGA 2066,,[GIGABYTE] X299 AORUS Ultra Gaming Pro,\477500,GIGABYTE,LGA 2066,X299,ATX,30.5,24.4,DDR4,8개,4400Mhz,3,3,,,,,,1,,4,4,,8,,3,,,Intel I219V,O,,검정,O
336,LGA 2066,,[GIGABYTE] X299 DESIGNARE EX,\672000,GIGABYTE,LGA 2066,X299,ATX,30.5,24.4,DDR4,8개,4400Mhz,3,3,,,,,,2,,,4,2,6,,3,,,Intel I219V 2x,O,4.2,흰색,O
337,LGA 2066,,[GIGABYTE] X299 UD4 PRO,\362800,GIGABYTE,LGA 2066,X299,ATX,30.5,24.4,DDR4,8개,4333Mhz,3,3,,,,,,,,2,6,,8,,2,,,Intel I219V,,,검정,O
338,LGA 2066,,[GIGABYTE] X299 UD4,\384000,GIGABYTE,LGA 2066,X299,ATX,30.5,24.4,DDR4,8개,4333Mhz,3,3,,,,,,,,2,6,,8,,2,,,Intel I219V,,,검정,O
339,LGA 2066,, ,,,LGA 2066,,,,,,,,,,,,,,,,,,,,,,,,,,,,,
340,LGA 2066,,[MSI] X299 SLI PLUS,\331900,MSI,LGA 2066,X299,ATX,30.5,24.3,DDR4,8개,4266Mhz,3,3,,,,,,1,,1,4,4,8,,2,,1,Intel I219V + I211-AT,,,검정,O
341,LGA 2066,,[MSI] X299 XPOWER 게이밍 AC,\647000,MSI,LGA 2066,X299,E-ATX,30.5,27.2,DDR4,8개,4133Mhz,3,3,,,,,,1,,1,6,2,10,,3,,1,Intel I219V + I211-AT,O,,검정,O
342,LGA 2066,,[MSI] X299 게이밍 프로 카본 AC,\445000,MSI,LGA 2066,X299,ATX,30.5,24.4,DDR4,8개,4266Mhz,3,3,,,,,,1,,1,4,3,8,,2,,1,Intel I219V,,,검정,O
343,LGA 2066,,[MSI] X299 토마호크,\370700,MSI,LGA 2066,X299,ATX,30.5,24.4,DDR4,8개,4266Mhz,3,3,,,,,,1,,1,4,3,6,,2,,1,Intel I219V,,,검은,O
344,LGA 2066,,[MSI] X299 토마호크 아틱,\399000,MSI,LGA 2066,X299,ATX,30.5,24.4,DDR4,8개,4266Mhz,3,3,,,,,,1,,1,4,3,8,,2,,1,Intel I219V,,,흰색,O
345,,, ,,,,,,,,,,,,,,,,,,,,,,,,,,,,,,,,O
346,,,"-- [스카이레이크, 카비레이크] H110 --",,,,,,,,,,,,,,,,,,,,,,,,,,,,,,,,
347,,, ,,,,,,,,,,,,,,,,,,,,,,,,,,,,,,,,
348,LGA 1151,,[AsRock] H110M-DVS R2.0,\60000,AsRock,LGA 1151,H110,m-ATX,22.6,18.3,DDR4,2개,,1,1,O,O,,O,,,,,2,4,4,,,,,,,,,
349,LGA 1151,,[AsRock] H110M-HDV ,\67500,ASUS,LGA 1151,H110,m-ATX,22.6,18.5,DDR4,2개,,1,1,O,O,,O,,,,,2,4,4,,,,,,,,,
350,LGA 1151,, ,,,LGA 1151,,,,,,,,,,,,,,,,,,,,,,,,,,,,,
351,LGA 1151,,[GIGABYTE] GA-H110M-DS2V 듀러블에디션,\62000,GIGABYTE,LGA 1151,H110,m-ATX,22.6,17.4,DDR4,2개,,1,1,O,O,,,,,,,2,4,4,,,,,,,,,
352,LGA 1151,, ,,,LGA 1151,,,,,,,,,,,,,,,,,,,,,,,,,,,,,
353,LGA 1151,,[MSI] H110M PRO-VD PLUS,\65900,MSI,LGA 1151,H110,m-ATX,22.6,17.3,DDR4,2개,,1,1,O,O,,,,,,2,2,4,4,,,,,,,,,
354,LGA 1151,,[MSI] H110I PRO,\95000,ASUS,LGA 1151,H110,m-ITX,17,17,DDR4,2개,,1,1,O,O,,O,,,,,2,4,4,,,,,,,,,
355,,, ,,,,,,,,,,,,,,,,,,,,,,,,,,,,,,,,
356,,,"-- [스카이레이크, 카비레이크] B150 --",,,,,,,,,,,,,,,,,,,,,,,,,,,,,,,,
357,,, ,,,,,,,,,,,,,,,,,,,,,,,,,,,,,,,,
358,LGA 1151,,[AsRock] B150M HDV,\79000,AsRock,LGA 1151,B150,m-ATX,18.8,23.1,DDR4,2개,,1,1,O,O,,O,,,,,4,2,6,,,,,,,,,
359,LGA 1151,,[AsRock] B150M PRO4S,\91000,AsRock,LGA 1151,B150,m-ATX,24.5,24.5,DDR4,4개,,1,2,O,,,O,,,,,4,2,6,,,,,,,,,
360,LGA 1151,, ,,,LGA 1151,,,,,,,,,,,,,,,,,,,,,,,,,,,,,
361,LGA 1151,,[ASUS] B150M-A -M.2,\82800,ASUS,LGA 1151,B150,m-ATX,23.4,20.1,DDR4,4개,,1,1,O,O,,O,,,,,3,2,6,,,,,,,,,
362,LGA 1151,, ,,,LGA 1151,,,,,,,,,,,,,,,,,,,,,,,,,,,,,
363,LGA 1151,,[GIGABYTE] GA-B150M-D3H 듀러블에디션,\91100,GIGABYTE,LGA 1151,B150,m-ATX,24.4,22.5,DDR4,4개,,1,2,O,O,,O,,,,,4,2,6,,,,,,,,,
364,LGA 1151,, ,,,LGA 1151,,,,,,,,,,,,,,,,,,,,,,,,,,,,,
365,LGA 1151,,[MSI] B150M 바주카,\77800,MSI,LGA 1151,B150,m-ATX,23.5,22.8,DDR4,4개,,1,1,O,,,O,,,,,4,2,6,,,,,,,,,
366,LGA 1151,,[MSI] B150M 바주카 플러스 M.2,\80900,MSI,LGA 1151,B150,m-ATX,23.5,22.8,DDR4,4개,,1,1,O,,,O,,,,,4,2,6,,,,,,,,,
367,LGA 1151,,[MSI] B150M 박격포,\82800,MSI,LGA 1151,B150,m-ATX,24.38,24.38,DDR4,4개,,1,2,O,O,,O,,1,,1,4,2,6,,,,,,,,,
368,LGA 1151,,[MSI] B150M 박격포 아틱,\96300,MSI,LGA 1151,B150,m-ATX,24.38,24.38,DDR4,4개,,,,O,O,,O,,,,1,2,2,6,,,,,,,,,
369,LGA 1151,,[AsRock] B150M PRO4/HYPER,\90110,AsRock,LGA 1151,B150,m-ATX,24.4,24.4,DDR4,4개,,,,O,O,,O,,,,,4,2,6,,,,,,,,,
370,,, ,,,,,,,,,,,,,,,,,,,,,,,,,,,,,,,,
371,,,"-- [스카이레이크, 카비레이크] H170 --",,,,,,,,,,,,,,,,,,,,,,,,,,,,,,,,
372,,, ,,,,,,,,,,,,,,,,,,,,,,,,,,,,,,,,
373,LGA 1151,,[AsRock] H170M ITX/ac,\152300,AsRock,LGA 1151,H170,m-ITX,17,17,DDR4,2개,,1,1,O,,,O,,,,,6,2,4,,,,,,,,,
374,LGA 1151,,[AsRock] H170 PRO4S,\124430,AsRock,LGA 1151,H170,ATX,30.5,19,DDR4,4개,,1,2,O,,,O,,,,,6,,6,,,,,,,,,
375,LGA 1151,, ,,,LGA 1151,,,,,,,,,,,,,,,,,,,,,,,,,,,,,
376,LGA 1151,,[ASUS] H170M-PLUS,\123000,ASUS,LGA 1151,H170,m-ATX,24.4,22.7,DDR4,4개,,1,2,O,O,,O,,1,,,2,2,6,,,,,,,,,
377,LGA 1151,,[ASUS] H170-PRO,\147000,ASUS,LGA 1151,H170,ATX,30.5,22.4,DDR4,4개,,1,2,O,O,,O,,1,,,2,2,6,,,,,,,,,
378,LGA 1151,,[ASUS] H170 PRO GAMING,\168000,ASUS,LGA 1151,H170,ATX,30.5,24.4,DDR4,4개,,1,2,O,O,,O,O,1,,1,2,2,4,,,,,,,,,
379,LGA 1151,, ,,,LGA 1151,,,,,,,,,,,,,,,,,,,,,,,,,,,,,
380,LGA 1151,,[GIGABYTE] GA-H170M-D3H 듀러블에디션,\125500,GIGABYTE,LGA 1151,H170,m-ATX,24.4,22.5,DDR4,4개,,1,2,O,O,,O,,,,,4,2,6,,,,,,,,,
381,LGA 1151,,[GIGABYTE] GA-H170-HD3 듀러블에디션,\131000,GIGABYTE,LGA 1151,H170,ATX,30.5,19.9,DDR4,4개,,1,2,O,O,,O,,,,,4,2,6,,,,,,,,,
382,LGA 1151,,[GIGABYTE] GA-H170-Gaming 3 게이밍에디션,\152000,GIGABYTE,LGA 1151,H170,ATX,30.5,22.5,DDR4,4개,,1,2,O,O,,O,,,,,4,2,6,,,,,,,,,
383,LGA 1151,, ,,,LGA 1151,,,,,,,,,,,,,,,,,,,,,,,,,,,,,
384,LGA 1151,,[MSI] H170 게이밍 M3,\139000,MSI,LGA 1151,H170,ATX,30.5,24.4,DDR4,4개,,1,2,O,,,O,,,,4,,4,6,,,,,,,,,
385,,, ,,,,,,,,,,,,,,,,,,,,,,,,,,,,,,,,
386,,,"-- [스카이레이크, 카비레이크] Z170 --",,,,,,,,,,,,,,,,,,,,,,,,,,,,,,,,
387,,, ,,,,,,,,,,,,,,,,,,,,,,,,,,,,,,,,
388,LGA 1151,,[AsRock] Z170M PRO4S,\144000,AsRock,LGA 1151,Z170,m-ATX,24.5,24.5,DDR4,4개,,1,2,O,,,O,,,,,6,,6,,,,,,,,,
389,LGA 1151,,[AsRock] Z170 PRO4S,\137000,AsRock,LGA 1151,Z170,ATX,33.4,26.5,DDR4,4개,,1,2,O,,,O,,,,,6,,6,,,,,,,,,
390,LGA 1151,,[AsRock] Z170 EXTREME 4,\180250,AsRock,LGA 1151,Z170,ATX,30.5,24.4,DDR4,4개,,2,3,O,,,O,O,1,,1,6,,6,,,,,,,,,
391,LGA 1151,,[AsRock] Z170 EXTREME 6,\241800,AsRock,LGA 1151,Z170,ATX,30.5,24.4,DDR4,4개,,2,3,O,,,O,O,1,,1,6,,8,,,,,,,,,
392,LGA 1151,,[AsRock] Z170 EXTREME 7+,\386000,AsRock,LGA 1151,Z170,ATX,30.5,24.4,DDR4,4개,,2,3,O,,,O,O,1,,1,4,2,10,,,,,,,,,
393,LGA 1151,,[AsRock] Z170 OC Formula,\460250,AsRock,LGA 1151,Z170,ATX,30.5,24.4,DDR4,4개,,2,3,,,,O,O,1,,2,4,2,10,,,,,,,,,
394,LGA 1151,,[AsRock] Z170 Gaming-ITX/ac FATAl1TY,\270800,AsRock,LGA 1151,Z170,m-ITX,17,17,DDR4,2개,,1,1,,,,O,O,1,,2,6,,6,,,,,,,,,
395,LGA 1151,, ,,,LGA 1151,,,,,,,,,,,,,,,,,,,,,,,,,,,,,
396,LGA 1151,,[ASUS] Z170M-PLUS,\168000,ASUS,LGA 1151,Z170,ATX,24.4,22.7,DDR4,4개,,1,2,O,O,,O,,1,,,2,2,6,,,,,,,,,
397,LGA 1151,,[ASUS] Z170-P,\178000,ASUS,LGA 1151,Z170,ATX,30.5,22.4,DDR4,4개,,1,2,O,O,,O,,1,,,2,2,4,,,,,,,,,
398,LGA 1151,,[ASUS] Z170-K,\199670,ASUS,LGA 1151,Z170,ATX,30.5,24.4,DDR4,4개,,2,3,O,O,,O,O,1,,2,,2,6,,,,,,,,,
399,LGA 1151,,[ASUS] Z170 Pro Gaming,\220000,ASUS,LGA 1151,Z170,ATX,30.5,24.4,DDR4,4개,,2,3,O,O,,O,O,1,,1,4,2,4,,,,,,,,,
400,LGA 1151,,[ASUS] Z170-A,\225700,ASUS,LGA 1151,Z170,ATX,30.5,24.4,DDR4,4개,,2,3,O,O,,O,O,1,,1,2,2,6,,,,,,,,,
401,LGA 1151,,[ASUS] MAXIMUS VIII GENE,\320000,ASUS,LGA 1151,Z170,ATX,24.4,24.4,DDR4,4개,,2,2,,,,O,O,1,,1,6,,6,,,,,,,,,
402,LGA 1151,,[ASUS] MAXIMUS VIII RANGER,\281150,ASUS,LGA 1151,Z170,ATX,30.5,24.4,DDR4,4개,,2,3,,,,O,O,1,,1,2,4,6,,,,,,,,,
403,LGA 1151,,[ASUS] MAXIMUS VIII HERO,\426900,ASUS,LGA 1151,Z170,ATX,30.5,24.4,DDR4,4개,,2,3,,,,O,O,1,,1,2,4,6,,,,,,,,,
404,LGA 1151,,[ASUS] SABERTOOTH Z170 MARK S,\403000,ASUS,LGA 1151,Z170,ATX,30.5,24.4,DDR4,4개,,2,3,,,,O,O,1,,1,6,5,8,,,,,,,,,
405,LGA 1151,,[ASUS] Z170-DELUXE,\450300,ASUS,LGA 1151,Z170,ATX,30.5,24.4,DDR4,4개,,2,3,,,,O,O,1,,5,2,,8,,,,,,,,,
406,LGA 1151,, ,,,LGA 1151,,,,,,,,,,,,,,,,,,,,,,,,,,,,,
407,LGA 1151,,[GIGABYTE] GA-Z170X-Gaming 3 게이밍에디션,\207900,GIGABYTE,LGA 1151,Z170,ATX,30.5,24.4,DDR4,4개,,2,3,O,O,,O,,1,,1,3,2,6,,,,,,,,,
408,LGA 1151,,[GIGABYTE] GA-Z170X-Gaming 5 게이밍에디션,\243700,GIGABYTE,LGA 1151,Z170,ATX,30.5,24.4,DDR4,4개,,2,3,,,,O,O,1,,1,5,2,6,,,,,,,,,
409,LGA 1151,,[GIGABYTE] GA-Z170X-Gaming 7 게이밍에디션,\309770,GIGABYTE,LGA 1151,Z170,ATX,30.5,26.4,DDR4,4개,,2,3,,,,O,O,1,,1,5,,8,,,,,,,,,
410,LGA 1151,,[GIGABYTE] GA-Z170X-UD3 Ultra 듀러블에디션,\225000,GIGABYTE,LGA 1151,Z170,ATX,30.5,24.4,DDR4,4개,,2,3,O,O,,O,,1,,1,3,2,4,,,,,,,,,
411,LGA 1151,,[GIGABYTE] GA-Z170X-UD5 듀러블에디션,\255000,GIGABYTE,LGA 1151,Z170,ATX,30.5,24.4,DDR4,4개,,2,3,O,,,O,O,1,,1,3,2,8,,,,,,,,,
412,LGA 1151,,[GIGABYTE] GA-Z170X-Gaming G1 게이밍에디션,\355000,GIGABYTE,LGA 1151,Z170,ATX,30.5,26.4,DDR4,4개,,4,4,,,,O,,1,,1,9,,10,,,,,,,,,
413,LGA 1151,, ,,,LGA 1151,,,,,,,,,,,,,,,,,,,,,,,,,,,,,
414,LGA 1151,,[MSI] Z170A GAMING PRO,\245500,MSI,LGA 1151,Z170,ATX,30.5,24.4,DDR4,4개,,2,3,,,,O,O,,,6,,2,6,,,,,,,,,
415,LGA 1151,,[MSI] Z170A GAMING M5,\210000,MSI,LGA 1151,Z170,ATX,30.5,24.4,DDR4,4개,,2,3,O,,,O,,,,5,,2,6,,,,,,,,,
416,LGA 1151,,[MSI] Z170A GAMING M7,\338560,MSI,LGA 1151,Z170,ATX,30.5,24.4,DDR4,4개,,2,3,,,,O,O,,,3,,2,6,,,,,,,,,
417,LGA 1151,,[MSI] Z170A 크레이트 게이밍 3X,\185100,MSI,LGA 1151,Z170,ATX,30.5,23.4,DDR4,4개,,2,3,O,,,O,,,,4,,2,6,,,,,,,,,
418,LGA 1151,,[MSI] Z710A XPOWER 게이밍 티타늄 에디션,\342000,MSI,LGA 1151,Z170,ATX,30.5,24.4,DDR4,4개,,,,,,,,,,,6,,,8,,,,,,,,,
419,,, ,,,,,,,,,,,,,,,,,,,,,,,,,,,,,,,,
420,0,, ,,,,,,,,,,,,,,,,,,,,,,,,,,,,,,,,
421,0,,== 하스웰 ==,,,,,,,,,,,,,,,,,,,,,,,,,,,,,,,,
422,0,, ,,,,,,,,,,,,,,,,,,,,,,,,,,,,,,,,
423,,,-- [하스웰] H81 --,,,,,,,,,,,,,,,,,,,,,,,,,,,,,,,,
424,,, ,,,,,,,,,,,,,,,,,,,,,,,,,,,,,,,,
425,LGA 1150,,[AsRock] H81T-ITX R2.0,\106350,AsRock,LGA 1150,H81,m-ITX,17,17,DDR3,2개,,0,0,O,,,O,,,,,2,2,2,,,,,,,,,
426,LGA 1150,,[AsRock] H81M-HDS,\51000,AsRock,LGA 1150,H81,m-ATX,23,18.5,DDR3,2개,,1,1,O,O,,O,,,,,2,4,2,2,,,,,,,,
427,LGA 1150,,[AsRock] H81M-DGS R2.0,\51300,AsRock,LGA 1150,H81,m-ATX,23,17.3,DDR3,2개,,1,1,O,O,,,,,,,2,4,2,2,,,,,,,,
428,LGA 1150,, ,,,LGA 1150,,,,,,,,,,,,,,,,,,,,,,,,,,,,,
429,LGA 1150,,[ASUS] H81M-P,\70280,ASUS,LGA 1150,H81,m-ATX,22.6,17.5,DDR3,2개,,1,1,O,O,,,,,,,2,2,2,2,,,,,,,,
430,LGA 1150,,[ASUS] H81M-D PLUS,\63900,ASUS,LGA 1150,H81,m-ATX,19,17.7,DDR3,2개,,1,1,O,O,,,,,,,2,2,2,2,,,,,,,,
431,LGA 1150,,[ASUS] H81I-PLUS,\112000,ASUS,LGA 1150,H81,m-ITX,17,17,DDR3,2개,,1,1,O,O,,O,,,,,2,4,2,2,,,,,,,,
432,LGA 1150,, ,,,LGA 1150,,,,,,,,,,,,,,,,,,,,,,,,,,,,,
433,LGA 1150,,[MSI] H81M-P33,\51900,MSI,LGA 1150,H81,m-ATX,17.3,22.6,DDR3,2개,,1,1,O,O,,,,,,,2,4,2,2,,,,,,,,
434,LGA 1150,, ,,,LGA 1150,,,,,,,,,,,,,,,,,,,,,,,,,,,,,
435,LGA 1150,,[GIGABYTE] GA-H81M-D2V,\60000,GIGABYTE,LGA 1150,H81,m-ATX,24.4,17,DDR3,2개,,1,1,O,O,,,,,,,2,2,2,2,,,,,,,,
436,,, ,,,,,,,,,,,,,,,,,,,,,,,,,,,,,,,,
437,,,-- [하스웰] B85 --,,,,,,,,,,,,,,,,,,,,,,,,,,,,,,,,
438,,, ,,,,,,,,,,,,,,,,,,,,,,,,,,,,,,,,
439,LGA 1150,,[AsRock] B85M Pro4,\73000,AsRock,LGA 1150,B85,m-ATX,24.4,21.8,DDR3,4개,,1,2,O,O,,,,,,,2,4,4,2,,,,,,,,
440,LGA 1150,, ,,,LGA 1150,,,,,,,,,,,,,,,,,,,,,,,,,,,,,
441,LGA 1150,,[ASUS] B85M-G,\74000,ASUS,LGA 1150,B85,m-ATX,23.4,19.3,DDR3,4개,,1,1,O,O,,,,,,,2,4,4,2,,,,,,,,
442,LGA 1150,,[ASUS] B85-PLUS,\119000,ASUS,LGA 1150,B85,ATX,30.5,20.8,DDR3,4개,,1,2,O,O,,,,,,,2,4,4,2,,,,,,,,
443,LGA 1150,, ,,,LGA 1150,,,,,,,,,,,,,,,,,,,,,,,,,,,,,
444,LGA 1150,,[MSI] B85M-E45,\87750,MSI,LGA 1150,B85,m-ATX,24.4,22.8,DDR3,4개,,1,1,O,O,,,,,,,2,4,4,2,,,,,,,,
445,LGA 1150,, ,,,LGA 1150,,,,,,,,,,,,,,,,,,,,,,,,,,,,,
446,LGA 1150,,[GIGABYTE] GA-B85M-DS3H-A,\75000,GIGABYTE,LGA 1150,B85,m-ATX,22.6,19.3,DDR3,4개,,1,1,O,O,,,,,,,2,4,4,2,,,,,,,,
447,,, ,,,,,,,,,,,,,,,,,,,,,,,,,,,,,,,,
448,,,-- [하스웰] H97 --,,,,,,,,,,,,,,,,,,,,,,,,,,,,,,,,
449,,, ,,,,,,,,,,,,,,,,,,,,,,,,,,,,,,,,
450,LGA 1150,,[AsRock] H97 Performance,\123970,AsRock,LGA 1150,H97,ATX,30.5,24.4,DDR3,4개,,1,2,O,O,,O,,,,,4,4,6,,,,,,,,,
451,LGA 1150,, ,,,LGA 1150,,,,,,,,,,,,,,,,,,,,,,,,,,,,,
452,LGA 1150,,[GIGABYTE] GA-H97-Gaming 3,\153070,GIGABYTE,LGA 1150,H97,ATX,30.5,21.4,DDR3,4개,,1,2,O,O,,O,O,,,,4,2,6,,,,,,,,,
453,LGA 1150,, ,,,LGA 1150,,,,,,,,,,,,,,,,,,,,,,,,,,,,,
454,LGA 1150,,[MSI] H97M-G43,\110290,GIGABYTE,LGA 1150,H97,m-ATX,24.4,24.4,DDR3,4개,,1,2,O,O,,O,O,,,,4,2,6,,,,,,,,,
455,,, ,,,,,,,,,,,,,,,,,,,,,,,,,,,,,,,,
456,,,-- [하스웰] Z97 --,,,,,,,,,,,,,,,,,,,,,,,,,,,,,,,,
457,,, ,,,,,,,,,,,,,,,,,,,,,,,,,,,,,,,,
458,LGA 1150,,[AsRock] OC FORMULA,\461250,AsRock,LGA 1150,Z97,ATX,30.5,24.4,DDR3,4개,,2,4,,,,,O,,,,6,4,8,,,,,,,,,
459,LGA 1150,, ,,,LGA 1150,,,,,,,,,,,,,,,,,,,,,,,,,,,,,
460,LGA 1150,,[GIGABYTE] GA-Z97X-UD3H,\215000,GIGABYTE,LGA 1150,Z97,ATX,30.5,22.5,DDR3,4개,,2,3,O,O,,O,,,,,4,4,6,,,,,,,,,
461,LGA 1150,,[GIGABYTE] GA-Z97X-UD5H,\242000,GIGABYTE,LGA 1150,Z97,ATX,30.5,24.4,DDR3,4개,,2,3,O,O,,O,,,,,6,2,8,,,,,,,,,
462,LGA 1150,,[GIGABYTE] GA-Z97X-SOC Force OC,\180000,GIGABYTE,LGA 1150,Z97,ATX,30.5,24.4,DDR3,4개,,2,4,O,O,,O,O,,,,4,4,6,,,,,,,,,
463,,, ,,,,,,,,,,,,,,,,,,,,,,,,,,,,,,,,
464,,,-- [LGA 2011-v3] X99 --,,,,,,,,,,,,,,,,,,,,,,,,,,,,,,,,
465,,, ,,,,,,,,,,,,,,,,,,,,,,,,,,,,,,,,
466,LGA 2011-v3,,[AsRock] X99 Extreme3,\262200,AsRock,LGA 2011-v3,X99,ATX,30.5,24.4,DDR4,4개,,2,3,,,,,,,,,4,4,10,,,,,,,,,
467,LGA 2011-v3,,[AsRock] X99 Extreme6,\376000,AsRock,LGA 2011-v3,X99,ATX,30.5,24.4,DDR4,8개,,3,3,,,,,,,,,6,2,10,,,,,,,,,
468,LGA 2011-v3,,[AsRock] X99 Extreme11,\931400,AsRock,LGA 2011-v3,X99,E-ATX,30.5,26.8,DDR4,8개,,4,4,,,,,,,,,4,4,10,,,,,,,,,
469,LGA 2011-v3,,[AsRock] X99 WS,\462900,AsRock,LGA 2011-v3,X99,E-ATX,30.5,26.5,DDR4,8개,,4,4,,,,,,,,,4,4,10,,,,,,,,,
470,LGA 2011-v3,, ,,,LGA 2011-v3,,,,,,,,,,,,,,,,,,,,,,,,,,,,,
471,LGA 2011-v3,,[ASUS] X99-PRO,\462900,ASUS,LGA 2011-v3,X99,ATX,30.5,24.4,DDR4,8개,,3,3,,,,,,,,2,4,4,8,,,,,,,,,
472,LGA 2011-v3,,[ASUS] X99-DELUXE,\520000,ASUS,LGA 2011-v3,X99,ATX,30.5,24.4,DDR4,8개,,3,3,,,,,,,,,10,2,6,,,,,,,,,
473,LGA 2011-v3,, ,,,LGA 2011-v3,,,,,,,,,,,,,,,,,,,,,,,,,,,,,
474,LGA 2011-v3,,[MSI] X99S SLI Krait Edition,\403750,MSI,LGA 2011-v3,X99,ATX,30.5,24.4,DDR4,8개,,3,3,,,,,,,,,8,2,6,,,,,,,,,
475,LGA 2011-v3,,[MSI] X99A SLI PLUS,\287100,MSI,LGA 2011-v3,X99,ATX,30.5,24.4,DDR4,8개,,3,3,,,,,,,,,8,2,10,,,,,,,,,
476,LGA 2011-v3,, ,,,LGA 2011-v3,,,,,,,,,,,,,,,,,,,,,,,,,,,,,
477,LGA 2011-v3,,[GIGABYTE] GA-X99-UD3P,\309000,GIGABYTE,LGA 2011-v3,X99,ATX,30.5,24.4,DDR4,4개,,4,4,,,,,,,,,6,4,6,,,,,,,,,
478,LGA 2011-v3,,[GIGABYTE] GA-X99-Gaming5 게이밍 에디션,\399000,GIGABYTE,LGA 2011-v3,X99,m-ATX,24.4,24.4,DDR4,4개,,2,2,,,,,,,,,4,6,6,,,,,,,,,
479,LGA 2011-v3,, ,,,LGA 2011-v3,,,,,,,,,,,,,,,,,,,,,,,,,,,,,
480,LGA 2011-v3,,[MSI] X99A XPOWER 게이밍 티타늄,\569900,MSI,LGA 2011-v3,X99,ATX,30.5,24.4,DDR4,8개,,,,,,,,,,,2,10,2,,,,,,,,,,
481,LGA 2011-v3,,[ASUS] RAMPAGE V EDITION 10 ,\736000,ASUS,LGA 2011-v3,X99,ATX,30.5,27.2,DDR4,8개,,,,,,,,,,,4,4,2,10,,,,,,,,,
482,,, ,,,,,,,,,,,,,,,,,,,,,,,,,,,,,,,,
483,0,, ,,,,,,,,,,,,,,,,,,,,,,,,,,,,,,,,
484,0,, ,,,,,,,,,,,,,,,,,,,,,,,,,,,,,,,,
485,0,,=< AMD >=,,,,,,,,,,,,,,,,,,,,,,,,,,,,,,,,
486,0,, ,,,,,,,,,,,,,,,,,,,,,,,,,,,,,,,,
487,0,,== APU 시리즈 ==,,,,,,,,,,,,,,,,,,,,,,,,,,,,,,,,
488,0,, ,,,,,,,,,,,,,,,,,,,,,,,,,,,,,,,,
489,,,"-- [카베리(고다바리), 카리조] A78 --",,,,,,,,,,,,,,,,,,,,,,,,,,,,,,,,
490,,, ,,,,,,,,,,,,,,,,,,,,,,,,,,,,,,,,
491,PGA FM2+,,[GIGABYTE] GA-F2A78M-HD2,,GIGABYTE,PGA FM2+,A78,m-ATX,22.6,17.4,DDR3,2개,,1,1,O,O,,O,,,,,2,2,4,,,,,,,,,
492,,, ,,,,,,,,,,,,,,,,,,,,,,,,,,,,,,,,
493,,,"-- [카베리(고다바리), 카리조] A88X --",,,,,,,,,,,,,,,,,,,,,,,,,,,,,,,,
494,,, ,,,,,,,,,,,,,,,,,,,,,,,,,,,,,,,,
495,PGA FM2+,,[AsRock] FM2A88M-HD+R3.0,\68610,AsRock,PGA FM2+,A88X,m-ATX,18.8,21.8,DDR3,2개,,1,1,O,O,,O,,,,,2,4,8,,,,,,,,,
496,PGA FM2+,,[AsRock] FM2A88M PRO3+,\74000,AsRock,PGA FM2+,A88X,m-ATX,20.5,22.2,DDR3,4개,,1,1,O,O,,O,,,,,2,4,8,,,,,,,,,
497,PGA FM2+,, ,,,PGA FM2+,,,,,,,,,,,,,,,,,,,,,,,,,,,,,
498,PGA FM2+,,[ASUS] A88XM-A,\89000,ASUS,PGA FM2+,A88X,m-ATX,23.6,20.8,DDR3,4개,,1,1,O,O,,O,,,,,2,2,6,,,,,,,,,
499,PGA FM2+,,[ASUS] A88X-PLUS,\130000,ASUS,PGA FM2+,A88X,ATX,30.5,22.6,DDR3,4개,,1,2,O,O,,O,,,,,1,7,6,,,,,,,,,
500,PGA FM2+,, ,,,PGA FM2+,,,,,,,,,,,,,,,,,,,,,,,,,,,,,
501,PGA FM2+,,[GIGABYTE] GA-F2A88XM-HD3P,\88000,GIGABYTE,PGA FM2+,A88X,m-ATX,24.4,18.4,DDR3,2개,,1,2,O,O,,O,,,,2,2,4,8,,,,,,,,,
502,PGA FM2+,,[GIGABYTE] GA-F2A88XN-WIFI,\131970,GIGABYTE,PGA FM2+,A88X,m-ITX,17,17,DDR3,2개,,1,1,O,,,O,,,,,2,4,4,,,,,,,,,
503,PGA FM2+,,[GIGABYTE] GA-F2A88X-D3HP,\96500,GIGABYTE,PGA FM2+,A88X,ATX,30.5,23.5,DDR3,4개,,1,2,O,O,,O,,,,2,2,2,8,,,,,,,,,
504,,, ,,,,,,,,,,,,,,,,,,,,,,,,,,,,,,,,
505,0,, ,,,,,,,,,,,,,,,,,,,,,,,,,,,,,,,,
506,0,,== 젠 시리즈 ==,,,,,,,,,,,,,,,,,,,,,,,,,,,,,,,,
507,0,, ,,,,,,,,,,,,,,,,,,,,,,,,,,,,,,,,
508,,,-- [ThreadRipper] X399 --,,,,,,,,,,,,,,,,,,,,,,,,,,,,,,,,
509,,, ,,,,,,,,,,,,,,,,,,,,,,,,,,,,,,,,
510,LGA TR4,,[AsRock] X399 Taichi,\476700,AsRock,LGA TR4,X399,ATX,30.5,24.4,DDR4,8개,3600Mhz,4,4,,,,,,1,,1,8,,8,,3,,1,Intel I211-AT 2x,O,,검회,O
511,LGA TR4,,[AsRock] FATAL1TY X399 Professional Gaming,\594500,AsRock,LGA TR4,X399,ATX,30.5,24.4,DDR4,8개,3600Mhz,4,4,,,,,,1,,1,8,,8,,3,,1,AQUANCIA AQC107 + Intel I211-AT 2x,O,,검회,O
512,LGA TR4,, ,,,LGA TR4,,,,,,,,,,,,,,,,,,,,,,,,,,,,,
513,LGA TR4,,[ASUS] PRIME X399-A,\425040,ASUS,LGA TR4,X399,E-ATX,30.5,26.9,DDR4,8개,3600Mhz,3,3,,,,,,1,,1,8,,6,,2,,1,Intel I211-AT,,,검흰,O
514,LGA TR4,,[ASUS] ROG STRIX X399-E GAMING,\442520,ASUS,LGA TR4,X399,E-ATX,30.5,26.9,DDR4,8개,3600Mhz,3,3,,,,,,1,,1,8,,6,,2,,,Intel I211-AT,O,,검정,O
515,LGA TR4,,[ASUS] ROG ZENITH EXTREME,\-,ASUS,LGA TR4,X399,E-ATX,30.5,27.3,DDR4,8개,3600Mhz,4,4,,,,,,1,,1,8,,6,,3,,1,Intel I211-AT,O,4.1,,O
516,LGA TR4,, ,,,LGA TR4,,,,,,,,,,,,,,,,,,,,,,,,,,,,,
517,LGA TR4,,[GIGABYTE] X399 DESIGNARE EX,\587000,GIGABYTE,LGA TR4,X399,ATX,30.5,24.4,DDR4,8개,3600Mhz,4,4,,,,,,1,,1,8,,8,,3,,,Intel I219V 2x,O,,은색,O
518,LGA TR4,,[GIGABYTE] X399 AORUS Gaming 7,\482800,GIGABYTE,LGA TR4,X399,ATX,30.5,24.4,DDR4,8개,3600Mhz,4,4,,,,,,1,,1,8,,8,,3,,,Killer E2500,O,,검정,O
519,LGA TR4,, ,,,LGA TR4,,,,,,,,,,,,,,,,,,,,,,,,,,,,,
520,LGA TR4,,[MSI] X399 SLI PLUS,\438000,MSI,LGA TR4,X399,ATX,30.5,24.4,DDR4,8개,3600Mhz,4,4,,,,,,1,,1,8,2,8,,3,,,Intel I211-AT,,,검정,O
521,LGA TR4,,[MSI] X399 게이밍 프로 카본 AC,\466000,MSI,LGA TR4,X399,ATX,30.4,24.3,DDR4,8개,3600Mhz,4,4,,,,,,1,,1,8,2,8,,3,,,Intel I211-AT,,,검은,O
522,,, ,,,,,,,,,,,,,,,,,,,,,,,,,,,,,,,,
523,,,"-- [젠, 젠+] B350 --",,,,,,,,,,,,,,,,,,,,,,,,,,,,,,,,
524,,, ,,,,,,,,,,,,,,,,,,,,,,,,,,,,,,,,
525,PGA AM4,,[ASRock] AB350 GAMING K4,\117800,ASRock,PGA AM4,B350,ATX,30.5,22.4,DDR4,4개,3200MHz,1,1,O,O,,O,,,1,,5,2,6,,2,,,Realtek RTL 8111 GR,,,검빨,O
526,PGA AM4,,[ASRock] AB350 PRO4,\104100,ASRock,PGA AM4,B350,ATX,30.5,22.4,DDR4,4개,3200MHz,1,1,O,O,,O,,,1,,5,2,6,,2,,,Realtek RTL 8111 GR,,,흰검,O
527,PGA AM4,,[ASRock] AB350M,\80480,ASRock,PGA AM4,B350,m-ATX,23.1,20.6,DDR4,2개,3200MHz,1,1,,,,,,,,,6,2,4,,1,,,Realtek RTL 8111 GR,,,흰검,
528,PGA AM4,,[ASRock] AB350M PRO4,\86900,ASRock,PGA AM4,B350,m-ATX,24.4,24.4,DDR4,4개,3200MHz,1,1,O,O,,O,,,1,,4,2,4,,2,,,Realtek RTL 8111 GR,,,흰검,O
529,PGA AM4,,[ASRock] AB350M-HDV,\77400,ASRock,PGA AM4,B350,m-ATX,23.1,20.6,DDR4,2개,3200MHz,1,1,O,O,,O,,,,,4,2,4,,1,,,Realtek RTL 8111 GR,,,흰검,
530,PGA AM4,,[ASRock] FATAL1TY AB350 GAMING ITX/ac,\176500,ASRock,PGA AM4,B350,m-ITX,17,17,DDR4,2개,3466MHz,1,1,,,,O,,,1,,3,2,4,,1,,,Intel I211AT,,,검빨,O
531,PGA AM4,, ,,,PGA AM4,,,,,,,,,,,,,,,,,,,,,,,,,,,,,
532,PGA AM4,,[ASUS] PRIME B350M-A,\89800,ASUS,PGA AM4,B350,m-ATX,24.4,24,DDR4,4개,3200MHz,1,2,O,O,,O,,,,2,4,,6,,1,,,Realtek RTL 8111H,,,흰검,O
533,PGA AM4,,[ASUS] PRIME B350M-K,\80220,ASUS,PGA AM4,B350,m-ATX,22.6,22.1,DDR4,2개,3200Mhz,,,O,O,,,,,,,4,2,4,,1,,,Realtek RTL8111H,,,,
534,PGA AM4,,[ASUS] PRIME B350-PLUS,\127700,ASUS,PGA AM4,B350,ATX,30.5,23.7,DDR4,4개,3200MHz,1,2,O,O,,O,,,,2,4,2,6,,1,,,Realtek RTL 8111H,,,검빨,O
535,PGA AM4,,[ASUS] ROG STRIX B350-F GAMING,\159150,ASUS,PGA AM4,B350,ATX,30.5,24.4,DDR4,4개,3200MHz,1,3,,,,O,O,,,2,4,2,6,,1,,,Intel I211AT,,,회색,O
536,PGA AM4,,[ASUS] ROG STRIX B350-I GAMING,\218030,ASUS,PGA AM4,B350,m-ITX,17,17,DDR4,2개,3600Mhz,,,,,,,,,,2,4,,4,,2,,,Intel I211-AT,O,5.0,검정,O
537,PGA AM4,,[ASUS] TUF B350M-PLUS GAMING,\120510,ASUS,PGA AM4,B350,m-ATX,24.4,24.4,DDR4,4개,3200Mhz,,2,O,O,,O,,,,2,4,2,4,,1,,,Realtek RTL8111H,,,검노,O
538,PGA AM4,, ,,,PGA AM4,,,,,,,,,,,,,,,,,,,,,,,,,,,,,
539,PGA AM4,,[BIOSTAR] RACING B350 ET2,\73800,BIOSTAR,PGA AM4,B350,m-ATX,22.6,19.8,DDR4,2개,2667MHz,1,1,O,,,,,,,,4,2,4,,,,,Realtek RTL 8111H,,,검정,O
540,PGA AM4,,[BIOSTAR] RACING B350 GT3,\92900,BIOSTAR,PGA AM4,B350,m-ATX,24.4,22.5,DDR4,4개,3200MHz,1,1,O,,,O,,,,2,4,,4,,1,,,Realtek RTL 8118 AS,,,레이싱,O
541,PGA AM4,,[BIOSTAR] RACING B350 GT5,\106000,BIOSTAR,PGA AM4,B350,ATX,30.5,22.5,DDR4,4개,3200MHz,1,1,O,,,O,,1,,1,4,,4,,1,,,Realtek RTL 8118 AS,,,레이싱,O
542,PGA AM4,,[BIOSTAR] RACING B350 GT5 VIVID LED,\109000,BIOSTAR,PGA AM4,B350,ATX,30.5,22.5,DDR4,4개,3200MHz,1,1,O,,,O,,1,,1,4,,4,,1,,,Realtek RTL 8118 AS,,,레이싱,O
543,PGA AM4,,[BIOSTAR] RACING B350 GTN,\119900,BIOSTAR,PGA AM4,B350,m-ITX,17,17,DDR4,2개,3200MHz,1,1,O,,,O,,1,,1,4,,4,,1,,,Realtek RTL 8118 AS,,,검정,O
544,PGA AM4,,[BIOSTAR] TB350 BTC,\90000,BIOSTAR,PGA AM4,B350,ATX,29.5,21,DDR4,2개,3200Mhz,,,O,,,,,,,,4,2,4,,,,,Realtek RTL8111H,,,,
545,PGA AM4,, ,,,PGA AM4,,,,,,,,,,,,,,,,,,,,,,,,,,,,,
546,PGA AM4,,[GIGABYTE] GA-AB350-GAMING 3 게이밍에디션,\-,GIGABYTE,PGA AM4,B350,ATX,30.5,23,DDR4,4개,3200MHz,1,1,O,,,O,,,,2,4,1,6,,1,,,Realtek RTL 8111 GR,,,검정,O
547,PGA AM4,,[GIGABYTE] GA-AB350M-D3H 듀러블에디션,\110000,GIGABYTE,PGA AM4,B350,m-ATX,24.4,24.4,DDR4,4개,3200MHz,1,1,O,O,,O,O,,,2,4,2,6,,1,,,Realtek RTL 8111 GR,,,브라운,
548,PGA AM4,,[GIGABYTE] GA-AB350M-DS2 듀러블에디션,\84500,GIGABYTE,PGA AM4,B350,m-ATX,22.6,19.5,DDR4,2개,3200MHz,1,1,O,O,,,,,,2,4,,4,,,,,Realtek RTL 8111 GR,,,브라운,
549,PGA AM4,,[GIGABYTE] GA-AB350M-GAMING 3 게이밍에디션,\87400,GIGABYTE,PGA AM4,B350,m-ATX,24.4,24.4,DDR4,4개,3200MHz,1,1,O,O,,O,,,,2,4,2,6,,1,,,Realtek RTL 8111 GR,,,브라운,
550,PGA AM4,,[GIGABYTE] GA-AB350M-HD3 듀러블에디션,\91000,GIGABYTE,PGA AM4,B350,m-ATX,24.4,21.5,DDR4,2개,3200MHz,1,1,O,O,,O,,,,2,4,2,6,,1,,,Realtek RTL 8111 GR,,,브라운,
551,PGA AM4,,[GIGABYTE] GA-AB350N-GAMING WiFi 게이밍에디션,\-,GIGABYTE,PGA AM4,B350,m-ITX,17,17,DDR4,2개,3200MHz,1,1,,,,O,O,,,2,4,2,4,,1,,,Realtek RTL 8111 GR,O,,브라운,O
552,PGA AM4,, ,,,PGA AM4,,,,,,,,,,,,,,,,,,,,,,,,,,,,,
553,PGA AM4,,[MSI] B350 토마호크,\111000,MSI,PGA AM4,B350,ATX,30.5,24.3,DDR4,4개,3200MHz,1,2,O,O,,O,,,1,,3,2,4,,1,,,Realtek RTL 8111H,,,검정,O
554,PGA AM4,,[MSI] B350 토마호크 아틱,\130260,MSI,PGA AM4,B350,ATX,30.5,24.3,DDR4,4개,3200MHz,1,2,O,O,,O,,,1,,3,2,4,,1,,,Realtek RTL 8111H,,,흰색,O
555,PGA AM4,,[MSI] B350M PRO-VD PLUS,\78000,MSI,PGA AM4,B350,m-ATX,24.3,24.3,DDR4,2개,3200Mhz,,,O,O,,,,,,,4,2,6,,,,,Realtek RTL8111H,,,브라운,
556,PGA AM4,,[MSI] B350M PRO-VDH,\86000,MSI,PGA AM4,B350,m-ATX,24.4,21,DDR4,4개,3200MHz,1,1,O,O,,O,,,,,4,4,4,,1,,,Realtek RTL 8111H,,,브라운,
557,PGA AM4,,[MSI] B350M 게이밍 프로,\92400,MSI,PGA AM4,B350,m-ATX,24.4,21,DDR4,2개,3200MHz,1,1,O,O,,O,,,,,4,2,4,,1,,,Realtek RTL 8111H,,,검빨,O
558,PGA AM4,,[MSI] B350M 바주카,\100000,MSI,PGA AM4,B350,m-ATX,24.3,24.3,DDR4,4개,3200MHz,1,1,O,O,,O,,,,,4,4,4,,1,,,Realtek RTL 8111H,,,검정,O
559,PGA AM4,,[MSI] B350M 박격포,\91900,MSI,PGA AM4,B350,m-ATX,24.3,24.3,DDR4,4개,3200MHz,1,2,O,,,O,O,,1,,3,2,4,,1,,,Realtek RTL 8111H,,,검정,O
560,PGA AM4,,[MSI] B350M 박격포 아틱,\-,MSI,PGA AM4,B350,m-ATX,24.3,24.3,DDR4,4개,3200MHz,1,2,O,,,O,O,,1,,3,2,4,,1,,,Realtek RTL 8111H,,,흰색,O
561,,, ,,,,,,,,,,,1,,,,,,,,,,,,,,,,,,,,,
562,,,"-- [젠, 젠+] X370 --",,,,,,,,,,,,,,,,,,,,,,,,,,,,,,,,
563,,, ,,,,,,,,,,,,,,,,,,,,,,,,,,,,,,,,
564,PGA AM4,,[ASRock] FATAL1TY X370 GAMING ITX/ac,\220400,ASRock,PGA AM4,X370,m-ITX,17,17,DDR4,2개,3466MHz,1,1,,,,O,,,1,,3,2,4,,1,,,Intel I211AT,O,,검빨,O
565,PGA AM4,,[ASRock] FATAL1TY X370 GAMING K4,\189000,ASRock,PGA AM4,X370,ATX,30.5,24.4,DDR4,4개,2933MHz,2,2,,,,O,,1,,1,6,,6,,2,,,Intel I211AT,,,검빨,O
566,PGA AM4,,[ASRock] FATAL1TY X370 GAMING X,\159800,ASRock,PGA AM4,X370,ATX,30.5,24.4,DDR4,4개,3200MHz,2,2,,,,O,,,1,,7,,6,,2,,,Intel I211AT,,,검빨,O
567,PGA AM4,,[ASRock] FATAL1TY X370 PROFESSIONAL GAMING,\384740,ASRock,PGA AM4,X370,ATX,30.5,24.4,DDR4,4개,4000MHz,2,2,,,,,,1,,1,6,,10,,2,,,Intel I211AT,,,검빨,O
568,PGA AM4,,[ASRock] X370 Taichi,\248100,ASRock,PGA AM4,X370,ATX,30.5,24.4,DDR4,4개,4000MHz,2,2,,,,,,1,,1,6,,10,,2,,,Intel I211AT,,,화이트 기어,O
569,PGA AM4,, ,,,PGA AM4,,,,,,,,,,,,,,,,,,,,,,,,,,,,,
570,PGA AM4,,[ASUS] PRIME X370-PRO,\165000,ASUS,PGA AM4,X370,ATX,30.5,24.4,DDR4,4개,3200MHz,2,3,,,,O,O,,1,2,5,,8,,1,,,Intel I211AT,,,흰검,O
571,PGA AM4,,[ASUS] ROG CROSSHAIR VI EXTREME,\415830,ASUS,PGA AM4,X370,E-ATX,30.5,26.9,DDR4,4개,4000MHz,2,3,,,,,,1,,1,6,4,8,,2,,,Intel I211AT,,,검정,O
572,PGA AM4,,[ASUS] ROG CROSSHAIR VI HERO,\297300,ASUS,PGA AM4,X370,ATX,30.5,24.4,DDR4,4개,4000MHz,2,2,,,,,,1,,1,8,4,8,,1,,,Intel I211AT,,,검정,O
573,PGA AM4,,[ASUS] ROG STRIX X370-F GAMING,\223800,ASUS,PGA AM4,X370,ATX,30.5,24.4,DDR4,4개,3200MHz,2,3,,,,O,O,1,,1,6,2,8,,1,,,Intel I211AT,,,검정,O
574,PGA AM4,, ,,,PGA AM4,,,,,,,,,,,,,,,,,,,,,,,,,,,,,
575,PGA AM4,,[BIOSTAR] RACING X370 GT5,\130000,BIOSTAR,PGA AM4,X370,ATX,30.5,22.5,DDR4,4개,4000MHz,1,1,O,,,O,,1,,1,4,,6,,1,,,Realtek RTL 8118 AS,,,레이싱,O
576,PGA AM4,,[BIOSTAR] RACING X370 GT7,\198000,BIOSTAR,PGA AM4,X370,ATX,30.5,22.5,DDR4,4개,4000MHz,1,1,O,,O,,O,1,,1,4,,6,,1,,,Realtek RTL 8118 AS,,,레이싱,O
577,PGA AM4,, ,,,PGA AM4,,,,,,,,,,,,,,,,,,,,,,,,,,,,,
578,PGA AM4,,[GIGABYTE] GA-AX370-Gaming 3 게이밍에디션,\134000,GIGABYTE,PGA AM4,X370,ATX,30.5,23,DDR4,4개,3200Mhz,,,O,,,O,,,,2,4,1,6,,1,,,Realtek RTL8111H,,,,O
579,PGA AM4,,[GIGABYTE] GA-AX370-GAMING 5 어로스,\244000,GIGABYTE,PGA AM4,X370,ATX,30.5,24.4,DDR4,4개,4000MHz,2,2,,,,O,,1,,3,6,,8,,1,2,1,Killer E2500+Intel I211AT,,,흰검,O
580,PGA AM4,,[GIGABYTE] GA-AX370-GAMING K3 게이밍에디션,\153000,GIGABYTE,PGA AM4,X370,ATX,30.5,24.4,DDR4,4개,4000MHz,1,2,,,,O,,,,2,6,,8,,1,2,,Killer E2500,,,검정,
581,PGA AM4,,[GIGABYTE] GA-AX370-GAMING K5 어로스,\186400,GIGABYTE,PGA AM4,X370,ATX,30.5,24.4,DDR4,4개,4000MHz,2,2,,,,O,,1,,3,6,,8,,1,2,,Intel I211AT,,,검정,O
582,PGA AM4,,[GIGABYTE] GA-AX370-GAMING K7 어로스,\270100,GIGABYTE,PGA AM4,X370,ATX,30.5,24.4,DDR4,4개,4000MHz,2,2,,,,O,,1,,3,6,,8,,1,2,1,Killer E2500+Intel I211AT,,,검정,O
583,PGA AM4,,[GIGABYTE] GA-AX370-GAMING 게이밍에디션,\145450,GIGABYTE,PGA AM4,X370,ATX,30.5,24.4,DDR4,4개,4000MHz,1,2,,,,O,,,,2,6,,8,,1,,,Realtek RTL 8111 GR,,,검빨,
584,PGA AM4,,[GIGABYTE] GA-AX370M-DS3H 듀러블에디션,\117800,GIGABYTE,PGA AM4,X370,m-ATX,24.4,21.5,DDR4,4개,3200Mhz,,,O,,,O,,,,,4,4,4,,1,,,Realtek RTL8111H,,,,O
585,PGA AM4,,[GIGABYTE] GA-AX370M-Gaming 3 게이밍에디션,\125500,GIGABYTE,PGA AM4,X370,m-ATX,24.4,24.4,DDR4,4개,3200Mhz,,,O,O,,O,,,,2,4,2,6,,1,,,Realtek RTL8111H,,,,
586,PGA AM4,, ,,,PGA AM4,,,,,,,,,,,,,,,,,,,,,,,,,,,,,
587,PGA AM4,,[MSI] X370 XPOWER 게이밍 티타늄,\367000,MSI,PGA AM4,X370,ATX,30.5,24.4,DDR4,4개,4000MHz,2,3,,,O,,O,1,,1,4,3,6,,2,,,Intel I211AT,,,티타늄,O
588,PGA AM4,,[MSI] X370 게이밍 M7 ACK,\334000,MSI,PGA AM4,X370,ATX,30.4,24.3,DDR4,4개,3200Mhz,2,3,,,,,,1,,1,6,3,6,,2,,,Killer E2500,O,4.1,,O
589,PGA AM4,,[MSI] X370 게이밍 프로 카본,\224900,MSI,PGA AM4,X370,ATX,30.5,24.4,DDR4,4개,4000MHz,2,3,O,,,O,,1,,1,4,2,6,,2,,,Intel I211AT,,,검정,O
590,PGA AM4,,[MSI] X370 크레이트 게이밍,\187000,MSI,PGA AM4,X370,ATX,30.5,24.4,DDR4,4개,4000MHz,2,3,O,,,O,,1,,1,4,2,6,,1,,,Realtek RTL 8111H,,,흰검,O
591,PGA AM4,,[MSI] X370 SLI PLUS,\189000,MSI,PGA AM4,X370,ATX,30.4,24.3,DDR4,4개,4000MHz,2,3,O,,,O,,1,,1,4,2,6,,1,,,Realtek RTL 8111H,,,검정,O
592,,, ,,,,,,,,,,,,,,,,,,,,,,,,,,,,,,,,
593,,,"-- [젠, 젠+] A320 --",,,,,,,,,,,,,,,,,,,,,,,,,,,,,,,,
594,,, ,,,,,,,,,,,,,,,,,,,,,,,,,,,,,,,,
595,PGA AM4,,[ASRock] A320M,\66500,ASRock,PGA AM4,A320,m-ATX,23.1,20.6,DDR4,2개,3200MHz,1,1,,,,,,,,,4,2,4,,1,,,Realtek RTL 8111 GR,,,검정,
596,PGA AM4,,[ASRock] A320M PRO4,\86400,ASRock,PGA AM4,A320,m-ATX,24.4,24.4,DDR4,4개,3200MHz,1,1,O,O,,O,,,1,,4,2,4,,2,,,Realtek RTL 8111 GR,,,흰검,
597,PGA AM4,,[ASRock] A320M-DGS,\55700,ASRock,PGA AM4,A320,m-ATX,23.1,20.6,DDR4,2개,3200MHz,1,1,O,,,,,,,,4,2,4,,1,,,Realtek RTL 8111 GR,,,검정,
598,PGA AM4,,[ASRock] A320M-HDV,\59500,ASRock,PGA AM4,A320,m-ATX,23.1,20.6,DDR4,2개,3200MHz,1,1,O,O,,O,,,,,4,2,4,,1,,,Realtek RTL 8111 GR,,,검정,
599,PGA AM4,, ,,,PGA AM4,,,,,,,,,,,,,,,,,,,,,,,,,,,,,
600,PGA AM4,,[ASUS] EX A320M-GAMING,\98000,ASUS,PGA AM4,A320,m-ATX,24.4,24.4,DDR4,4개,2666Mhz,,,O,,,O,,,,,4,2,4,,1,,,Realtek RTL 8111H,,,,O
601,PGA AM4,,[ASUS] PRIME A320M-E,\122400,ASUS,PGA AM4,A320,m-ATX,22.6,22.1,DDR4,2개,,,,O,O,,O,,,,1,4,,4,,1,,,,,,,
602,PGA AM4,,[ASUS] PRIME A320M-K,\67080,ASUS,PGA AM4,A320,m-ATX,22.6,22.1,DDR4,2개,3200MHz,1,1,,O,,O,,,,,4,2,4,,1,,,Realtek RTL 8111H,,,흰검,
603,PGA AM4,, ,,,PGA AM4,,,,,,,,,,,,,,,,,,,,,,,,,,,,,
604,PGA AM4,,[BIOSTAR] A320MH ,\52500,BIOSTAR,PGA AM4,A320,m-ATX,22.6,17.4,DDR4,2개,,,,,O,,O,,,,,2,4,4,,,,,,,,,
605,PGA AM4,,[BIOSTAR] A320MH PRO,\54550,BIOSTAR,PGA AM4,A320,m-ATX,22.6,18.4,DDR4,2개,2667MHz,1,1,O,O,,O,,,,,2,2,4,,,,,Realtek RTL 8111H,,,검정,
606,PGA AM4,, ,,,PGA AM4,,,,,,,,,,,,,,,,,,,,,,,,,,,,,
607,PGA AM4,,[GIGABYTE] GA-A320-DS3 듀러블에디션,\72140,GIGABYTE,PGA AM4,A320,ATX,30.5,20.5,DDR4,2개,3200MHz,1,1,O,O,,,,,,1,3,2,4,,,,,Realtek RTL 8111 GR,,,브라운,
608,PGA AM4,,[GIGABYTE] GA-A320M-DS2 듀러블에디션,\82610,GIGABYTE,PGA AM4,A320,m-ATX,22.6,19.5,DDR4,2개,3200MHz,1,1,O,O,,,,,,1,3,2,4,,,,,Realtek RTL 8111 GR,,,브라운,
609,PGA AM4,,[GIGABYTE] GA-A320M-HD2 듀러블에디션,\79000,GIGABYTE,PGA AM4,A320,m-ATX,24.4,20.5,DDR4,2개,3200MHz,1,1,O,O,,O,,,,1,3,2,4,,,,,Realtek RTL 8111 GR,,,브라운,
610,PGA AM4,,[GIGABYTE] GA-A320M-S2H 듀러블에디션,\62500,GIGABYTE,PGA AM4,A320,m-ATX,24.4,19.5,DDR4,2개,,,,O,O,,O,,,,,4,2,4,,1,,,,,,,
611,PGA AM4,, ,,,PGA AM4,,,,,,,,,,,,,,,,,,,,,,,,,,,,,
612,PGA AM4,,[MSI] A320M PRO-VD PLUS,\62100,MSI,PGA AM4,A320,M-ATX,24.4,20.6,DDR4,2개,3200MHz,1,1,O,O,,,,,,,4,2,4,,,,,Realtek RTL 8111H,,,브라운,
613,PGA AM4,,[MSI] A320M PRO-VD/S,\53940,MSI,PGA AM4,A320,m-ATX,23.6,18.7,DDR4,2개,2667MHz,1,1,O,,,,,,,,4,2,4,,,,,Realtek RTL 8111H,,,브라운,
614,PGA AM4,,[MSI] A320M-G,\91500,MSI,PGA AM4,A320,m-ATX,24.4,21,DDR4,2개,3200MHz,1,1,O,O,,O,,,,,4,2,4,,1,,,Realtek RTL 8111H,,,브라운,O
615,,, ,,,,,,,,,,,,,,,,,,,,,,,,,,,,,,,,
616,,,"-- [젠, 젠+] X470 --",,,,,,,,,,,,,,,,,,,,,,,,,,,,,,,,
617,,, ,,,,,,,,,,,,,,,,,,,,,,,,,,,,,,,,
618,PGA AM4,,[ASRock] X470 Taichi,\280800,ASRock,PGA AM4,X470,ATX,30.5,24.4,DDR4,4,3466Mhz,4,4,,,,O,,1,,1,6,,8,,2,,,Intel I211-AT,O,O,,O
619,PGA AM4,,[ASRock] FATAL1TY X470 GAMING K4,\225000,ASRock,PGA AM4,X470,ATX,30.5,24.4,DDR4,4,3466Mhz,4,4,,,,O,,1,,1,6,,6,,2,,,Intel I211-AT,,,,O
620,PGA AM4,,[ASRock] FATAL1TY X470 GAMING-ITX/ac,\246900,ASRock,PGA AM4,X470,M-ITX,17,17,DDR4,2,,,,,,,O,O,,,2,2,2,4,,1,,,,,,,
621,PGA AM4,,[ASRock] X470 Master SLI ,\202200,ASRock,PGA AM4,X470,ATX,30.5,24.4,DDR4,4,,,,,,,O,,,,2,6,,,,2,,,,,,,
622,PGA AM4,, ,,,PGA AM4,,,,,,,,,,,,,,,,,,,,,,,,,,,,,
623,PGA AM4,,[ASUS] PRIME X470-PRO,\203320,ASUS,PGA AM4,X470,ATX,30.5,24.4,DDR4,4,3466Mhz,2,1,,,,O,O,,,3,8,4,6,,2,,,Intel I211-AT,,,,O
624,PGA AM4,,[ASUS] ROG CROSSHAIR VII HERO ,\345000,ASUS,PGA AM4,X470,ATX,30.5,24.4,DDR4,4,3466Mhz,2,3,,,,,,,,2,8,2,6,,1,,,Intel I211-AT,,,,O
625,PGA AM4,,[ASUS] ROG CROSSHAIR VII HERO (Wi-Fi),\380880,ASUS,PGA AM4,X470,ATX,30.5,24.4,DDR4,4,3466Mhz,2,3,,,,,,,,2,8,2,6,,2,,,Intel I211-AT,O,O,,O
626,PGA AM4,,[ASUS] ROG STRIX X470-F GAMING,\264040,ASUS,PGA AM4,X470,ATX,30.5,24.4,DDR4,4,3466Mhz,2,3,,,,O,O,,,2,6,,6,,2,,,Intel I211-AT,,,,O
627,PGA AM4,,[ASUS] ROG STRIX X470-I GAMING,\282000,ASUS,PGA AM4,X470,M-ITX,17,17,DDR4,2,3600Mhz,,,,,,O,,,,2,4,,4,,2,,,Intel I211-AT,O,O,,O
628,PGA AM4,,[ASUS] TUF X470-PLUS GAMING,\183900,ASUS,PGA AM4,X470,ATX,30.5,24.4,DDR4,4,3200Mhz,,1,O,,,O,,,1,2,1,2,6,,2,,,Realtek RTL8111H,,,,O
629,PGA AM4,, ,,,PGA AM4,,,,,,,,,,,,,,,,,,,,,,,,,,,,,
630,PGA AM4,,[GIGABYTE] X470 AORUS Ultra Gaming,\187000,GIGABYTE,PGA AM4,X470,ATX,30.5,24.4,DDR4,4,3200Mhz,2,2,,,,O,,1,,1,4,4,6,,2,,,,,,,O
631,PGA AM4,,[GIGABYTE] X470 AORUS Gaming 5 WiFi,\235300,GIGABYTE,PGA AM4,X470,ATX,30.5,24.4,DDR4,4,3200Mhz,2,2,,,,O,,1,,1,4,4,6,,2,,,,O,O,,O
632,PGA AM4,,[GIGABYTE] X470 AORUS Gaming 7 WiFi,\312900,GIGABYTE,PGA AM4,X470,ATX,30.5,24.4,DDR4,4,3600Mhz,2,2,,,,,,1,,1,6,2,6,,2,,,,O,O,,O
633,PGA AM4,, ,,,PGA AM4,,,,,,,,,,,,,,,,,,,,,,,,,,,,,
634,PGA AM4,,[MSI] X470 게이밍 플러스,\166900,MSI,PGA AM4,X470,ATX,30.5,24.4,DDR4,4,3466Mhz,,3,O,,,O,,,,2,4,2,6,,2,,,Realtek RTL8111H,,,,O
635,PGA AM4,,[MSI] X470 게이밍 프로 카본,\223000,MSI,PGA AM4,X470,ATX,30.5,24.4,DDR4,4,3466Mhz,2,3,,,,O,O,1,,1,4,2,8,,2,,,Intel I211-AT,,,,O
636,PGA AM4,,[MSI] X470 게이밍 M7 AC,\304000,MSI,PGA AM4,X470,ATX,30.5,24.4,DDR4,4,3600Mhz,2,3,,,,,,1,,1,4,2,6,,2,,,Killer E2500,O,O,,O
637,PGA AM4,,[MSI] X470 게이밍 프로 ,\174000,MSI,PGA AM4,X470,ATX,30.5,24.4,DDR4,4,3466Mhz,,3,O,,,O,,,,2,4,2,6,,2,,,Realtek RTL8111H,,,,O
638,,, ,,,,,,,,,,,,,,,,,,,,,,,,,,,,,,,,
639,0,,== FX 시리즈 ==,,,,,,,,,,,,,,,,,,,,,,,,,,,,,,,,
640,0,, ,,,,,,,,,,,,,,,,,,,,,,,,,,,,,,,,
641,,,"-- [비쉐라, 잠베지] 970 --",,,,,,,,,,,,,,,,,,,,,,,,,,,,,,,,
642,,, ,,,,,,,,,,,,,,,,,,,,,,,,,,,,,,,,
643,PGA AM3+,,[AsRock] 970 PRO3 R2.0,\80000,AsRock,PGA AM3+,970,m-ATX,24.3,22.8,DDR3,4개,,1,2,,,,,,,,,2,6,6,,,,,,,,,
644,PGA AM3+,,[AsRock] 970A-G /3.1,\120000,AsRock,PGA AM3+,970,ATX,30.5,24.5,DDR3,4개,,1,2,O,O,,O,,,,2,2,6,6,,,,,,,,,
645,PGA AM3+,, ,,,PGA AM3+,,,,,,,,,,,,,,,,,,,,,,,,,,,,,
646,PGA AM3+,,[ASUS] M5A97 LE R2.0,\88000,ASUS,PGA AM3+,970,ATX,30.3,22.8,DDR3,4개,,1,2,,,,,,,,,2,6,6,,,,,,,,,
647,PGA AM3+,,[ASUS] M5A97 R2.0,\99800,ASUS,PGA AM3+,970,ATX,30.5,22.9,DDR3,4개,,1,2,,,,,,,,,2,6,6,,,,,,,,,
648,PGA AM3+,,[ASUS] M5A97 EVO R2.0,\145000,ASUS,PGA AM3+,970,ATX,30.5,24.4,DDR3,4개,,1,2,,,,,,,,,2,8,6,,,,,,,,,
649,PGA AM3+,, ,,,PGA AM3+,,,,,,,,,,,,,,,,,,,,,,,,,,,,,
650,PGA AM3+,,[MSI] 970A-G43,\76000,MSI,PGA AM3+,970,ATX,30.5,22.5,DDR3,4개,,1,2,,,,,,,,,2,6,6,,,,,,,,,
651,PGA AM3+,, ,,,PGA AM3+,,,,,,,,,,,,,,,,,,,,,,,,,,,,,
652,PGA AM3+,,[GIGABYTE] GA-970A DS3P 듀러블에디션,\78900,GIGABYTE,PGA AM3+,970,ATX,30.5,24.4,DDR3,4개,,1,2,,,,,,,,,2,6,6,,,,,,,,,
653,,, ,,,,,,,,,,,,,,,,,,,,,,,,,,,,,,,,
654,,,"-- [비쉐라, 잠베지] 990FX --",,,,,,,,,,,,,,,,,,,,,,,,,,,,,,,,
655,,, ,,,,,,,,,,,,,,,,,,,,,,,,,,,,,,,,
656,PGA AM3+,,[ASUS] M5A99FX PRO 2.0,\203000,ASUS,PGA AM3+,990FX,ATX,30.5,24.4,DDR3,4개,,2,2,,,,,,,,,2,8,6,,,,,,,,,
657,PGA AM3+,, ,,,PGA AM3+,,,,,,,,,,,,,,,,,,,,,,,,,,,,,
658,PGA AM3+,,[GIGABYTE] GA-990FXA-UD3,\204000,GIGABYTE,PGA AM3+,990FX,ATX,30.5,24.4,DDR3,4개,,2,2,,,,,,,,,2,8,6,,,,,,,,,
